course_code,subject,course_number,course_name,credits,description,prerequisites,credit_restrictions,gen_ed,total_students,total_sections,overall_gpa,catalog_text,source_url,catalog_year
ANTH 101,ANTH,101,Introduction to Anthropology,3 Hours,"Anthropology was first envisioned as a holistic discipline, combining insights from the study of human anatomy and evolution, research on material remains of human settlements, and the analysis of social interaction in language and other cultural practices. Following this tradition, this course explores the questions about where humans came from, how societies live and communicate, and why human cultural groups vary.",,,"Social & Beh Sci - Soc Sci
Cultural Studies - Western",,,,"[ANTH 101 Introduction to Anthropology credit: 3 Hours.](<https://courses.illinois.edu/schedule/terms/ANTH/101>)

Anthropology was first envisioned as a holistic discipline, combining insights from the study of human anatomy and evolution, research on material remains of human settlements, and the analysis of social interaction in language and other cultural practices. Following this tradition, this course explores the questions about where humans came from, how societies live and communicate, and why human cultural groups vary.
This course satisfies the General Education Criteria for:
Social & Beh Sci - Soc Sci
Cultural Studies - Western",https://catalog.illinois.edu/courses-of-instruction/anth/,2026–2027
ANTH 102,ANTH,102,Human Origins and Culture,3 Hours,"Explores the origin and evolution of humans with an emphasis on reconstructing and interpreting fossil evidence. It provides an introduction to the fundamentals of biological anthropology and draws on a diverse range of other disciplines that contribute to the study of human evolution – evolutionary biology, population genetics, comparative anatomy, primatology, archaeology, geology and paleoecology. We examine the fossil and artifact record of the last several million years in order to develop an understanding of why we are interesting animals and a somewhat unique species.",,,Social & Beh Sci - Soc Sci,,,,"[ANTH 102 Human Origins and Culture credit: 3 Hours.](<https://courses.illinois.edu/schedule/terms/ANTH/102>)

Explores the origin and evolution of humans with an emphasis on reconstructing and interpreting fossil evidence. It provides an introduction to the fundamentals of biological anthropology and draws on a diverse range of other disciplines that contribute to the study of human evolution – evolutionary biology, population genetics, comparative anatomy, primatology, archaeology, geology and paleoecology. We examine the fossil and artifact record of the last several million years in order to develop an understanding of why we are interesting animals and a somewhat unique species.
This course satisfies the General Education Criteria for:
Social & Beh Sci - Soc Sci",https://catalog.illinois.edu/courses-of-instruction/anth/,2026–2027
ANTH 103,ANTH,103,Anthro in a Changing World,3 Hours,"[IAI Code: S1901N] Presents the fundamental areas of anthropological analysis through a series of comparative cases that emphasize social and cultural relations in global contexts. Directs attention to the anthropological history of global empires and colonial states, their cultural exchanges, and contemporary studies of culture, society, and globalization.",,,"Cultural Studies - Non-West
Social & Beh Sci - Soc Sci",,,,"[ANTH 103 Anthro in a Changing World credit: 3 Hours.](<https://courses.illinois.edu/schedule/terms/ANTH/103>)

[IAI Code: S1901N] Presents the fundamental areas of anthropological analysis through a series of comparative cases that emphasize social and cultural relations in global contexts. Directs attention to the anthropological history of global empires and colonial states, their cultural exchanges, and contemporary studies of culture, society, and globalization.
This course satisfies the General Education Criteria for:
Cultural Studies - Non-West
Social & Beh Sci - Soc Sci",https://catalog.illinois.edu/courses-of-instruction/anth/,2026–2027
ANTH 104,ANTH,104,Talking Culture,3 Hours,"Introduces you to language-in-use from the perspective of linguistic anthropology. We explore how the language(s) people use creates a specific ""worldview"" or cultural ""common sense"" and how this creates and maintains distinct concepts of self, society and culture. We will examine critically the ways in which differences in language and communication work in the USA in relation to power and politics, the media, gender, ethnicity/race, age, class, and identity, with comparisons to other cultures. During the semester you will encounter new information about language structure and use, and learn methods of investigation and analysis used in contemporary linguistic anthropology. Same as LING 104.",,,Social & Beh Sci - Soc Sci,,,,"[ANTH 104 Talking Culture credit: 3 Hours.](<https://courses.illinois.edu/schedule/terms/ANTH/104>)

Introduces you to language-in-use from the perspective of linguistic anthropology. We explore how the language(s) people use creates a specific ""worldview"" or cultural ""common sense"" and how this creates and maintains distinct concepts of self, society and culture. We will examine critically the ways in which differences in language and communication work in the USA in relation to power and politics, the media, gender, ethnicity/race, age, class, and identity, with comparisons to other cultures. During the semester you will encounter new information about language structure and use, and learn methods of investigation and analysis used in contemporary linguistic anthropology. Same as [LING 104](<https://catalog.illinois.edu/search/?P=LING%20104>).
This course satisfies the General Education Criteria for:
Social & Beh Sci - Soc Sci",https://catalog.illinois.edu/courses-of-instruction/anth/,2026–2027
ANTH 105,ANTH,105,World Archaeology,3 Hours,"Using archaeological data, traces our prehistoric heritage and the processes which led to the evolution of agriculture, settled villages, and civilization in many areas of the world. Lectures range from the earliest Homo sapiens to Sumeria, Egypt, Mexico, Peru, and the United States.",,,Humanities - Hist & Phil,,,,"[ANTH 105 World Archaeology credit: 3 Hours.](<https://courses.illinois.edu/schedule/terms/ANTH/105>)

Using archaeological data, traces our prehistoric heritage and the processes which led to the evolution of agriculture, settled villages, and civilization in many areas of the world. Lectures range from the earliest Homo sapiens to Sumeria, Egypt, Mexico, Peru, and the United States.
This course satisfies the General Education Criteria for:
Humanities - Hist & Phil",https://catalog.illinois.edu/courses-of-instruction/anth/,2026–2027
ANTH 106,ANTH,106,Hist Arch Americas,3 Hours,"Explores recent theoretical, methodological, and thematic developments in historical archaeology in North America and the Caribbean. The temporal coverage is 1500-1900 AD. Examines how historical archaeologists use artifactual, documentary and oral history evidence in interpreting the past, and how historical archaeology can contribute to our understanding of the ways by which material culture can be used to study race, class, gender, and ethnic identities. Same as AFRO 106.",,,"Humanities - Hist & Phil
Cultural Studies - US Minority",,,,"[ANTH 106 Hist Arch Americas credit: 3 Hours.](<https://courses.illinois.edu/schedule/terms/ANTH/106>)

Explores recent theoretical, methodological, and thematic developments in historical archaeology in North America and the Caribbean. The temporal coverage is 1500-1900 AD. Examines how historical archaeologists use artifactual, documentary and oral history evidence in interpreting the past, and how historical archaeology can contribute to our understanding of the ways by which material culture can be used to study race, class, gender, and ethnic identities. Same as [AFRO 106](<https://catalog.illinois.edu/search/?P=AFRO%20106>).
This course satisfies the General Education Criteria for:
Humanities - Hist & Phil
Cultural Studies - US Minority",https://catalog.illinois.edu/courses-of-instruction/anth/,2026–2027
ANTH 108,ANTH,108,Religion & Society in West I,3 Hours,"Same as JS 108, PHIL 108, and REL 108. See REL 108.",,,"Humanities - Hist & Phil
Cultural Studies - Western",,,,"[ANTH 108 Religion & Society in West I credit: 3 Hours.](<https://courses.illinois.edu/schedule/terms/ANTH/108>)

Same as [JS 108](<https://catalog.illinois.edu/search/?P=JS%20108>), [PHIL 108](<https://catalog.illinois.edu/search/?P=PHIL%20108>), and [REL 108](<https://catalog.illinois.edu/search/?P=REL%20108>). See [REL 108](<https://catalog.illinois.edu/search/?P=REL%20108>).
This course satisfies the General Education Criteria for:
Humanities - Hist & Phil
Cultural Studies - Western",https://catalog.illinois.edu/courses-of-instruction/anth/,2026–2027
ANTH 109,ANTH,109,Religion & Society in West II,3 Hours,Same as PHIL 109 and REL 109. See REL 109.,,,"Humanities - Hist & Phil
Cultural Studies - Western",,,,"[ANTH 109 Religion & Society in West II credit: 3 Hours.](<https://courses.illinois.edu/schedule/terms/ANTH/109>)

Same as [PHIL 109](<https://catalog.illinois.edu/search/?P=PHIL%20109>) and [REL 109](<https://catalog.illinois.edu/search/?P=REL%20109>). See [REL 109](<https://catalog.illinois.edu/search/?P=REL%20109>).
This course satisfies the General Education Criteria for:
Humanities - Hist & Phil
Cultural Studies - Western",https://catalog.illinois.edu/courses-of-instruction/anth/,2026–2027
ANTH 110,ANTH,110,Humanizing Science,3 Hours,"Scientists are often taught that the skills they need are confined to conducting research in the lab, the field, or the observatory. Yet science is also a human endeavor. If scientists are not taught this lesson, mistakes can be made that have real implications for people's lives, for scientific progress, and for who gets to be a scientist. Therefore this course will introduce 1) a brief history of Western and non-Western science, 2) the influences of social categories and oppressions on scientific advancement, 3) the incentive and reward structure of science, and 4) stories of scientists who have chosen to walk a brave path in the way they conduct and disseminate their research. We will engage in a mix of ethnographic and case study work and bring interpretive and systematic analysis to bear on what it means to be a scientist. The ultimate goal of the course is to provide a substantive, rigorous, and broad introduction to the culture of science, and how that culture affects the people of science, its practice, and its process.",,,Social & Beh Sci - Soc Sci,,,,"[ANTH 110 Humanizing Science credit: 3 Hours.](<https://courses.illinois.edu/schedule/terms/ANTH/110>)

Scientists are often taught that the skills they need are confined to conducting research in the lab, the field, or the observatory. Yet science is also a human endeavor. If scientists are not taught this lesson, mistakes can be made that have real implications for people's lives, for scientific progress, and for who gets to be a scientist. Therefore this course will introduce 1) a brief history of Western and non-Western science, 2) the influences of social categories and oppressions on scientific advancement, 3) the incentive and reward structure of science, and 4) stories of scientists who have chosen to walk a brave path in the way they conduct and disseminate their research. We will engage in a mix of ethnographic and case study work and bring interpretive and systematic analysis to bear on what it means to be a scientist. The ultimate goal of the course is to provide a substantive, rigorous, and broad introduction to the culture of science, and how that culture affects the people of science, its practice, and its process.
This course satisfies the General Education Criteria for:
Social & Beh Sci - Soc Sci",https://catalog.illinois.edu/courses-of-instruction/anth/,2026–2027
ANTH 112,ANTH,112,"Language, Race, and Ethnicity in the United States",3 Hours,"Exploring historical, cultural, and theoretical perspectives on the relationship between language, race, and ethnicity in the United States, we ask, what is 'race' and 'ethnicity', and how do ideas about racial and ethnic belonging and difference relate to ideas about language? We examine how language use reflects, reproduces, and/or challenges racial and ethnic boundaries and explore topics such as language and racial/ethnic identity-making, language and nationalism, bilingual/multilingual education, and language and racial humor.",,,,,,,"[ANTH 112 Language, Race, and Ethnicity in the United States credit: 3 Hours.](<https://courses.illinois.edu/schedule/terms/ANTH/112>)

Exploring historical, cultural, and theoretical perspectives on the relationship between language, race, and ethnicity in the United States, we ask, what is 'race' and 'ethnicity', and how do ideas about racial and ethnic belonging and difference relate to ideas about language? We examine how language use reflects, reproduces, and/or challenges racial and ethnic boundaries and explore topics such as language and racial/ethnic identity-making, language and nationalism, bilingual/multilingual education, and language and racial humor.",https://catalog.illinois.edu/courses-of-instruction/anth/,2026–2027
ANTH 126,ANTH,126,Humans and Animals - Food or Friend?,3 Hours,"Emphasizes questions of how we can move toward a more sustainable future by focusing on two key realms of human relations with non-human animals: as food, and as “friend,” or pets/companion animals. A third category, of animals as “fauna” or avatars of the wild will be touched on briefly. Anchored in humanistic social science, this course also exposes students to the benefits and challenges of interdisciplinary thinking and research, and provides an opportunity for active experiential learning and public engagement Prerequisite: This course is intended for first and second year students.","Anchored in humanistic social science, this course also exposes students to the benefits and challenges of interdisciplinary thinking and research, and provides an opportunity for active experiential learning and public engagement Prerequisite: This course is intended for first and second year students.",,Social & Beh Sci - Soc Sci,,,,"[ANTH 126 Humans and Animals - Food or Friend? credit: 3 Hours.](<https://courses.illinois.edu/schedule/terms/ANTH/126>)

Emphasizes questions of how we can move toward a more sustainable future by focusing on two key realms of human relations with non-human animals: as food, and as “friend,” or pets/companion animals. A third category, of animals as “fauna” or avatars of the wild will be touched on briefly. Anchored in humanistic social science, this course also exposes students to the benefits and challenges of interdisciplinary thinking and research, and provides an opportunity for active experiential learning and public engagement Prerequisite: This course is intended for first and second year students.
This course satisfies the General Education Criteria for:
Social & Beh Sci - Soc Sci",https://catalog.illinois.edu/courses-of-instruction/anth/,2026–2027
ANTH 130,ANTH,130,History of South Asia,3 Hours,Same as HIST 130. See HIST 130.,,,"Humanities - Hist & Phil
Cultural Studies - Non-West",,,,"[ANTH 130 History of South Asia credit: 3 Hours.](<https://courses.illinois.edu/schedule/terms/ANTH/130>)

Same as [HIST 130](<https://catalog.illinois.edu/search/?P=HIST%20130>). See [HIST 130](<https://catalog.illinois.edu/search/?P=HIST%20130>).
This course satisfies the General Education Criteria for:
Humanities - Hist & Phil
Cultural Studies - Non-West",https://catalog.illinois.edu/courses-of-instruction/anth/,2026–2027
ANTH 143,ANTH,143,Biology of Human Behavior,3 Hours,"Biological anthropology looks at human biology and behavior through the lens of evolutionary biology. However, as human behavior is complex, it cannot be understood independent of culture or the physical environment. We will explore how biology intersects with environmental factors, including culture, to influence human behavior. Students will learn the skills needed to become scientifically literate, learning their place in nature, the importance of the comparative method in learning about ourselves, and the interaction between biology and culture in understanding the human condition. Topics include evolutionary theory and human evolution, primate origins of human behaviors, social and sexual behaviors, aggression, cooperation, and language, cognition, and culture. Same as HDFS 143.",,,Nat Sci & Tech - Life Sciences,,,,"[ANTH 143 Biology of Human Behavior credit: 3 Hours.](<https://courses.illinois.edu/schedule/terms/ANTH/143>)

Biological anthropology looks at human biology and behavior through the lens of evolutionary biology. However, as human behavior is complex, it cannot be understood independent of culture or the physical environment. We will explore how biology intersects with environmental factors, including culture, to influence human behavior. Students will learn the skills needed to become scientifically literate, learning their place in nature, the importance of the comparative method in learning about ourselves, and the interaction between biology and culture in understanding the human condition. Topics include evolutionary theory and human evolution, primate origins of human behaviors, social and sexual behaviors, aggression, cooperation, and language, cognition, and culture. Same as [HDFS 143](<https://catalog.illinois.edu/search/?P=HDFS%20143>).
This course satisfies the General Education Criteria for:
Nat Sci & Tech - Life Sciences",https://catalog.illinois.edu/courses-of-instruction/anth/,2026–2027
ANTH 157,ANTH,157,The Archaeology of Illinois,3 Hours,"Traces the prehistory of Illinois from the first entry of people into the region more than 13,000 years ago until the 17th century and the beginning of historical records; examines subsequent cultural changes up to the 19th century and statehood from an archaeological and ethnohistorical perspective.",,,Humanities - Hist & Phil,,,,"[ANTH 157 The Archaeology of Illinois credit: 3 Hours.](<https://courses.illinois.edu/schedule/terms/ANTH/157>)

Traces the prehistory of Illinois from the first entry of people into the region more than 13,000 years ago until the 17th century and the beginning of historical records; examines subsequent cultural changes up to the 19th century and statehood from an archaeological and ethnohistorical perspective.
This course satisfies the General Education Criteria for:
Humanities - Hist & Phil",https://catalog.illinois.edu/courses-of-instruction/anth/,2026–2027
ANTH 160,ANTH,160,Race and Contemporary Social Issues,3 Hours,"Engages with issues such as migration, borders, policing and related topics to examine certain key interventions in the analysis of race in the United States. Introduces students to critical methods and theories in socio-cultural anthropology and allied disciplines in order to grapple with these issues. We will read a variety of material, including ethnographic accounts, scholarly and popular articles, and a work that blurs non-fiction with fiction-writing, as well as screening related films and documentaries. Students will develop a conceptual vocabulary (keywords) to begin analyzing the social problem that race and racism has become in US society.",,,Cultural Studies - US Minority,,,,"[ANTH 160 Race and Contemporary Social Issues credit: 3 Hours.](<https://courses.illinois.edu/schedule/terms/ANTH/160>)

Engages with issues such as migration, borders, policing and related topics to examine certain key interventions in the analysis of race in the United States. Introduces students to critical methods and theories in socio-cultural anthropology and allied disciplines in order to grapple with these issues. We will read a variety of material, including ethnographic accounts, scholarly and popular articles, and a work that blurs non-fiction with fiction-writing, as well as screening related films and documentaries. Students will develop a conceptual vocabulary (keywords) to begin analyzing the social problem that race and racism has become in US society.
This course satisfies the General Education Criteria for:
Cultural Studies - US Minority",https://catalog.illinois.edu/courses-of-instruction/anth/,2026–2027
ANTH 165,ANTH,165,Lang & Culture Native North Am,3 Hours,Develops understanding of the rich diversity of languages and cultures found among Native North American peoples from the perspectives of sociocultural and linguistic anthropology. Same as AIS 165.,,,,,,,"[ANTH 165 Lang & Culture Native North Am credit: 3 Hours.](<https://courses.illinois.edu/schedule/terms/ANTH/165>)

Develops understanding of the rich diversity of languages and cultures found among Native North American peoples from the perspectives of sociocultural and linguistic anthropology. Same as [AIS 165](<https://catalog.illinois.edu/search/?P=AIS%20165>).",https://catalog.illinois.edu/courses-of-instruction/anth/,2026–2027
ANTH 175,ANTH,175,Archaeology and Pop Culture,3 Hours,"Examines the ways in which the ancient past has been interpreted, appropriated, represented, used, and misused for a variety of reasons by political parties, national governments, and religious and ethnic groups living in the present.",,,Humanities - Hist & Phil,,,,"[ANTH 175 Archaeology and Pop Culture credit: 3 Hours.](<https://courses.illinois.edu/schedule/terms/ANTH/175>)

Examines the ways in which the ancient past has been interpreted, appropriated, represented, used, and misused for a variety of reasons by political parties, national governments, and religious and ethnic groups living in the present.
This course satisfies the General Education Criteria for:
Humanities - Hist & Phil",https://catalog.illinois.edu/courses-of-instruction/anth/,2026–2027
ANTH 182,ANTH,182,Latin American Cultures,4 Hours,"Latin America considered as a theater of conflict and cultural experimentation among Native American, African, and Iberian peoples; their survival and transformation as reported in selected ethnographies and eyewitness sources; and some modern theories and controversies about their experience.",,,"Cultural Studies - Non-West
Social & Beh Sci - Soc Sci",,,,"[ANTH 182 Latin American Cultures credit: 4 Hours.](<https://courses.illinois.edu/schedule/terms/ANTH/182>)

Latin America considered as a theater of conflict and cultural experimentation among Native American, African, and Iberian peoples; their survival and transformation as reported in selected ethnographies and eyewitness sources; and some modern theories and controversies about their experience.
This course satisfies the General Education Criteria for:
Cultural Studies - Non-West
Social & Beh Sci - Soc Sci",https://catalog.illinois.edu/courses-of-instruction/anth/,2026–2027
ANTH 199,ANTH,199,Undergraduate Open Seminar,1 to 5 Hours,May be repeated.,,,,,,,"[ANTH 199 Undergraduate Open Seminar credit: 1 to 5 Hours.](<https://courses.illinois.edu/schedule/terms/ANTH/199>)

May be repeated.",https://catalog.illinois.edu/courses-of-instruction/anth/,2026–2027
ANTH 209,ANTH,209,"Food, Culture, and Society",3 Hours,"Introduces students to anthropological approaches to the study of food from socio-cultural, linguistic and archaeological perspectives. Topics include: food in popular culture; food, ethnicity and race; food and immigration; food and religious traditions; food and family; gendered roles in food production; food and national identity; competitive global marketing of food; food, class and status; socio-politics of food in ancient societies; food, ethics and human rights.",,,"Social & Beh Sci - Soc Sci
Cultural Studies - Western",,,,"[ANTH 209 Food, Culture, and Society credit: 3 Hours.](<https://courses.illinois.edu/schedule/terms/ANTH/209>)

Introduces students to anthropological approaches to the study of food from socio-cultural, linguistic and archaeological perspectives. Topics include: food in popular culture; food, ethnicity and race; food and immigration; food and religious traditions; food and family; gendered roles in food production; food and national identity; competitive global marketing of food; food, class and status; socio-politics of food in ancient societies; food, ethics and human rights.
This course satisfies the General Education Criteria for:
Social & Beh Sci - Soc Sci
Cultural Studies - Western",https://catalog.illinois.edu/courses-of-instruction/anth/,2026–2027
ANTH 210,ANTH,210,Families in Global Perspective,3 Hours,Same as HDFS 220. See HDFS 220.,,,"Cultural Studies - Non-West
Social & Beh Sci - Soc Sci",,,,"[ANTH 210 Families in Global Perspective credit: 3 Hours.](<https://courses.illinois.edu/schedule/terms/ANTH/210>)

Same as [HDFS 220](<https://catalog.illinois.edu/search/?P=HDFS%20220>). See [HDFS 220](<https://catalog.illinois.edu/search/?P=HDFS%20220>).
This course satisfies the General Education Criteria for:
Cultural Studies - Non-West
Social & Beh Sci - Soc Sci",https://catalog.illinois.edu/courses-of-instruction/anth/,2026–2027
ANTH 220,ANTH,220,Introduction to Archaeology,3 Hours,"[IAI Code: S1903] Introduction to method and theory in archaeological research, data collection, and analysis in the study of past societies. Major topics include formation processes, field techniques and research design, dating methods, and artifact analysis.",,,,,,,"[ANTH 220 Introduction to Archaeology credit: 3 Hours.](<https://courses.illinois.edu/schedule/terms/ANTH/220>)

[IAI Code: S1903] Introduction to method and theory in archaeological research, data collection, and analysis in the study of past societies. Major topics include formation processes, field techniques and research design, dating methods, and artifact analysis.",https://catalog.illinois.edu/courses-of-instruction/anth/,2026–2027
ANTH 221,ANTH,221,Archaeology of South Asia,3 Hours,"Explores the archaeology of South Asia from the earliest occupations of the subcontinent to the present. South Asia is home to one of the first urbanized societies, over 40 World Heritage sites, and some of the 21st century's largest megacities. We will critically examine how these diverse archaeological resources have been investigated by different communities through time and how this has informed modern understandings of cultural, national, religious, regional and gender identities.",,,"Cultural Studies - Non-West
Social & Beh Sci - Soc Sci",,,,"[ANTH 221 Archaeology of South Asia credit: 3 Hours.](<https://courses.illinois.edu/schedule/terms/ANTH/221>)

Explores the archaeology of South Asia from the earliest occupations of the subcontinent to the present. South Asia is home to one of the first urbanized societies, over 40 World Heritage sites, and some of the 21st century's largest megacities. We will critically examine how these diverse archaeological resources have been investigated by different communities through time and how this has informed modern understandings of cultural, national, religious, regional and gender identities.
This course satisfies the General Education Criteria for:
Cultural Studies - Non-West
Social & Beh Sci - Soc Sci",https://catalog.illinois.edu/courses-of-instruction/anth/,2026–2027
ANTH 222,ANTH,222,Introduction to Modern Africa,3 Hours,"Same as AFST 222, PS 242, and SOC 222. See AFST 222.",,,Cultural Studies - Non-West,,,,"[ANTH 222 Introduction to Modern Africa credit: 3 Hours.](<https://courses.illinois.edu/schedule/terms/ANTH/222>)

Same as [AFST 222](<https://catalog.illinois.edu/search/?P=AFST%20222>), [PS 242](<https://catalog.illinois.edu/search/?P=PS%20242>), and [SOC 222](<https://catalog.illinois.edu/search/?P=SOC%20222>). See [AFST 222](<https://catalog.illinois.edu/search/?P=AFST%20222>).
This course satisfies the General Education Criteria for:
Cultural Studies - Non-West",https://catalog.illinois.edu/courses-of-instruction/anth/,2026–2027
ANTH 230,ANTH,230,Sociocultural Anthropology,3 Hours,"Introduction to the anthropological study of contemporary human societies; emphasis on the comparative study of social organization, interpersonal relations, cultural ecology, and processes of sociocultural change, but also includes some consideration of the method and theory of ethnographic field research.",,,,,,,"[ANTH 230 Sociocultural Anthropology credit: 3 Hours.](<https://courses.illinois.edu/schedule/terms/ANTH/230>)

Introduction to the anthropological study of contemporary human societies; emphasis on the comparative study of social organization, interpersonal relations, cultural ecology, and processes of sociocultural change, but also includes some consideration of the method and theory of ethnographic field research.",https://catalog.illinois.edu/courses-of-instruction/anth/,2026–2027
ANTH 240,ANTH,240,Biological Anthropology,3 Hours,"[IAI Code: S1902] Past and present evolution of the human species and population and individual biological variation; topics include genetic principles relevant to human evolution, primate phylogeny and behavior, fossil evidence for human evolution, and the origin and significance of biological diversity in modern humans.",,,,,,,"[ANTH 240 Biological Anthropology credit: 3 Hours.](<https://courses.illinois.edu/schedule/terms/ANTH/240>)

[IAI Code: S1902] Past and present evolution of the human species and population and individual biological variation; topics include genetic principles relevant to human evolution, primate phylogeny and behavior, fossil evidence for human evolution, and the origin and significance of biological diversity in modern humans.",https://catalog.illinois.edu/courses-of-instruction/anth/,2026–2027
ANTH 241,ANTH,241,Human Biological Variation,3 Hours,"Examines the biological concept of race as applied and misapplied to Homo sapiens by anthropologists and others from the 18th century to the present and of the origin, nature, and significance of so-called racial variation.",,,Nat Sci & Tech - Life Sciences,,,,"[ANTH 241 Human Biological Variation credit: 3 Hours.](<https://courses.illinois.edu/schedule/terms/ANTH/241>)

Examines the biological concept of race as applied and misapplied to Homo sapiens by anthropologists and others from the 18th century to the present and of the origin, nature, and significance of so-called racial variation.
This course satisfies the General Education Criteria for:
Nat Sci & Tech - Life Sciences",https://catalog.illinois.edu/courses-of-instruction/anth/,2026–2027
ANTH 242,ANTH,242,History of Human Evolution,3 Hours,Reviews the history of evolution and its controversies from the pre-Darwinians to contemporary debates. Examines disciplinary and wider societal debates and how they affect each other.,,,,,,,"[ANTH 242 History of Human Evolution credit: 3 Hours.](<https://courses.illinois.edu/schedule/terms/ANTH/242>)

Reviews the history of evolution and its controversies from the pre-Darwinians to contemporary debates. Examines disciplinary and wider societal debates and how they affect each other.",https://catalog.illinois.edu/courses-of-instruction/anth/,2026–2027
ANTH 243,ANTH,243,Sociality of the Great Apes,3 Hours,"Examines the social organization, mating patterns, and group structure of free-ranging chimpanzees, gorillas, and orangutans. Presents historical perspective focusing on misconceptions that have colored our understanding of ape social behavior; addresses questions concerned with learning potential, food sharing, social cooperation, aggressive behavior, self-awareness, and the appropriateness of the apes as models for understanding human behavior. Prerequisite: ANTH 102, ANTH 143, or an equivalent course in animal behavior; or consent of instructor.","Prerequisite: ANTH 102, ANTH 143, or an equivalent course in animal behavior; or consent of instructor.",,,,,,"[ANTH 243 Sociality of the Great Apes credit: 3 Hours.](<https://courses.illinois.edu/schedule/terms/ANTH/243>)

Examines the social organization, mating patterns, and group structure of free-ranging chimpanzees, gorillas, and orangutans. Presents historical perspective focusing on misconceptions that have colored our understanding of ape social behavior; addresses questions concerned with learning potential, food sharing, social cooperation, aggressive behavior, self-awareness, and the appropriateness of the apes as models for understanding human behavior. Prerequisite: [ANTH 102](<https://catalog.illinois.edu/search/?P=ANTH%20102>), [ANTH 143](<https://catalog.illinois.edu/search/?P=ANTH%20143>), or an equivalent course in animal behavior; or consent of instructor.",https://catalog.illinois.edu/courses-of-instruction/anth/,2026–2027
ANTH 246,ANTH,246,Forensic Science,4 Hours,"History and theory underlying methods used in forensic science. Topics include the courtroom, the units of a crime laboratory, methods of securing and investigating a crime scene, and the analysis of evidence collected from a crime scene such as blood, fibers, hair, DNA, and fingerprints.",,,Nat Sci & Tech - Life Sciences,,,,"[ANTH 246 Forensic Science credit: 4 Hours.](<https://courses.illinois.edu/schedule/terms/ANTH/246>)

History and theory underlying methods used in forensic science. Topics include the courtroom, the units of a crime laboratory, methods of securing and investigating a crime scene, and the analysis of evidence collected from a crime scene such as blood, fibers, hair, DNA, and fingerprints.
This course satisfies the General Education Criteria for:
Nat Sci & Tech - Life Sciences",https://catalog.illinois.edu/courses-of-instruction/anth/,2026–2027
ANTH 247,ANTH,247,Forensic Science DNA Lab,3 Hours,"Forensic science is the application of science to the law and encompasses a wide variety of scientific disciplines. This course introduces students to general laboratory practice, molecular biology and DNA analysis skill that are commonly used by forensic DNA scientists. Students will learn using a “hands-on” and interactive approach with many of the same tools used by professional forensic DNA scientists. Prerequisite: ANTH 246.",Prerequisite: ANTH 246.,,,,,,"[ANTH 247 Forensic Science DNA Lab credit: 3 Hours.](<https://courses.illinois.edu/schedule/terms/ANTH/247>)

Forensic science is the application of science to the law and encompasses a wide variety of scientific disciplines. This course introduces students to general laboratory practice, molecular biology and DNA analysis skill that are commonly used by forensic DNA scientists. Students will learn using a “hands-on” and interactive approach with many of the same tools used by professional forensic DNA scientists. Prerequisite: [ANTH 246](<https://catalog.illinois.edu/search/?P=ANTH%20246>).",https://catalog.illinois.edu/courses-of-instruction/anth/,2026–2027
ANTH 248,ANTH,248,Introduction to Engaged and Public Anthropology,3 Hours,"We ask 'How can activist scholars address observable social injustices such as inequality, poverty, and racism? What methods work best to intervene in public and policy debates? What are the implications of such interventions?' We explore the history of anthropological engagements with distinct ""publics"" as well as influences from other disciplines and forms of activism. These include Latin American Action Research traditions, Indigenous Studies, and Indigenous, Black, and Latinx feminist schools of thought. From these perspectives, we examine contemporary currents and influences inside and outside of the United States.",,,"Cultural Studies - Non-West
Social & Beh Sci - Soc Sci",,,,"[ANTH 248 Introduction to Engaged and Public Anthropology credit: 3 Hours.](<https://courses.illinois.edu/schedule/terms/ANTH/248>)

We ask 'How can activist scholars address observable social injustices such as inequality, poverty, and racism? What methods work best to intervene in public and policy debates? What are the implications of such interventions?' We explore the history of anthropological engagements with distinct ""publics"" as well as influences from other disciplines and forms of activism. These include Latin American Action Research traditions, Indigenous Studies, and Indigenous, Black, and Latinx feminist schools of thought. From these perspectives, we examine contemporary currents and influences inside and outside of the United States.
This course satisfies the General Education Criteria for:
Cultural Studies - Non-West
Social & Beh Sci - Soc Sci",https://catalog.illinois.edu/courses-of-instruction/anth/,2026–2027
ANTH 249,ANTH,249,Evolution and Human Disease,3 Hours,"Principles of modern evolutionary theory are applied to medical problems. Topics include: transmission, pathogen strategies, symptoms and spectrum of disease, evolution of virulence, concept of cause, antimicrobial resistance, emerging diseases, stress and adaptation, nutrition, diachronic overview of changing patterns of human disease, and ecological factors.",,,Nat Sci & Tech - Life Sciences,,,,"[ANTH 249 Evolution and Human Disease credit: 3 Hours.](<https://courses.illinois.edu/schedule/terms/ANTH/249>)

Principles of modern evolutionary theory are applied to medical problems. Topics include: transmission, pathogen strategies, symptoms and spectrum of disease, evolution of virulence, concept of cause, antimicrobial resistance, emerging diseases, stress and adaptation, nutrition, diachronic overview of changing patterns of human disease, and ecological factors.
This course satisfies the General Education Criteria for:
Nat Sci & Tech - Life Sciences",https://catalog.illinois.edu/courses-of-instruction/anth/,2026–2027
ANTH 250,ANTH,250,The World Through Museums,3 Hours,Same as MUSE 250. See MUSE 250.,,,"Social & Beh Sci - Soc Sci
Cultural Studies - Western",,,,"[ANTH 250 The World Through Museums credit: 3 Hours.](<https://courses.illinois.edu/schedule/terms/ANTH/250>)

Same as [MUSE 250](<https://catalog.illinois.edu/search/?P=MUSE%20250>). See [MUSE 250](<https://catalog.illinois.edu/search/?P=MUSE%20250>).
This course satisfies the General Education Criteria for:
Social & Beh Sci - Soc Sci
Cultural Studies - Western",https://catalog.illinois.edu/courses-of-instruction/anth/,2026–2027
ANTH 258,ANTH,258,Sex in Nature and Culture,3 Hours,A simultaneous exploration of human sexuality from a biological and cultural perspective. Same as GWS 258.,,,,,,,"[ANTH 258 Sex in Nature and Culture credit: 3 Hours.](<https://courses.illinois.edu/schedule/terms/ANTH/258>)

A simultaneous exploration of human sexuality from a biological and cultural perspective. Same as [GWS 258](<https://catalog.illinois.edu/search/?P=GWS%20258>).",https://catalog.illinois.edu/courses-of-instruction/anth/,2026–2027
ANTH 259,ANTH,259,Latina/o Anthropology,3 Hours,"In this class, we will examine the contemporary cultures and communities of Latinas and Latinos in the United States. We will focus on recent ethnographic studies on the Latina/o experience written mainly (though not exclusively) by Latinas and Latinos who are active in the academy. Topics to be discussed include: ethnic and racial identity, language, sexuality, power, class hierarchies, cultural citizenship, racialization, gender inequality, cultural citizenship, legal citizenship, immigration, and popular culture—all from an anthropological perspective. In the process, we will critically examine the imagined, the lived, and the invented communities constituting the Latina/o population of this country in the West, Southwest, East Coast, and the Midwest. In particular, we will explore the experiences of Mexicans, Puerto Ricans, Central Americans, and Cubans in the United States. Same as LLS 259.",,,"Social & Beh Sci - Soc Sci
Cultural Studies - US Minority",,,,"[ANTH 259 Latina/o Anthropology credit: 3 Hours.](<https://courses.illinois.edu/schedule/terms/ANTH/259>)

In this class, we will examine the contemporary cultures and communities of Latinas and Latinos in the United States. We will focus on recent ethnographic studies on the Latina/o experience written mainly (though not exclusively) by Latinas and Latinos who are active in the academy. Topics to be discussed include: ethnic and racial identity, language, sexuality, power, class hierarchies, cultural citizenship, racialization, gender inequality, cultural citizenship, legal citizenship, immigration, and popular culture—all from an anthropological perspective. In the process, we will critically examine the imagined, the lived, and the invented communities constituting the Latina/o population of this country in the West, Southwest, East Coast, and the Midwest. In particular, we will explore the experiences of Mexicans, Puerto Ricans, Central Americans, and Cubans in the United States. Same as [LLS 259](<https://catalog.illinois.edu/search/?P=LLS%20259>).
This course satisfies the General Education Criteria for:
Social & Beh Sci - Soc Sci
Cultural Studies - US Minority",https://catalog.illinois.edu/courses-of-instruction/anth/,2026–2027
ANTH 261,ANTH,261,Intro to the African Diaspora,3 Hours,Same as AFRO 261. See AFRO 261.,,,"Humanities - Hist & Phil
Cultural Studies - US Minority",,,,"[ANTH 261 Intro to the African Diaspora credit: 3 Hours.](<https://courses.illinois.edu/schedule/terms/ANTH/261>)

Same as [AFRO 261](<https://catalog.illinois.edu/search/?P=AFRO%20261>). See [AFRO 261](<https://catalog.illinois.edu/search/?P=AFRO%20261>).
This course satisfies the General Education Criteria for:
Humanities - Hist & Phil
Cultural Studies - US Minority",https://catalog.illinois.edu/courses-of-instruction/anth/,2026–2027
ANTH 262,ANTH,262,Women's Lives,3 Hours,"Perceptions of women, their perceptions of themselves, and their varying roles and statuses in several contemporary societies in diverse countries; supervised ethnographic observation of women's behavior. Same as GWS 262.",,,,,,,"[ANTH 262 Women's Lives credit: 3 Hours.](<https://courses.illinois.edu/schedule/terms/ANTH/262>)

Perceptions of women, their perceptions of themselves, and their varying roles and statuses in several contemporary societies in diverse countries; supervised ethnographic observation of women's behavior. Same as [GWS 262](<https://catalog.illinois.edu/search/?P=GWS%20262>).",https://catalog.illinois.edu/courses-of-instruction/anth/,2026–2027
ANTH 263,ANTH,263,"Body, Personhood, and Culture",3 Hours,"In this course we examine cultural assumptions about the human body and what it means to be a ""person"" in Western and non-Western societies. We examine key themes in cultural anthropology and other social sciences concerning the relationship of the individual and society, nature and culture. We will also focus on contemporary concepts of ""person"" vis a vis new genders/sexualities, differently-abled persons, organ transplants and bio-medicine, cyborgs and virtual persons; and commodification. We also explore the interface between intellectual and experiential ways of knowing our own bodies as cultural, dynamically embodied persons.",,,,,,,"[ANTH 263 Body, Personhood, and Culture credit: 3 Hours.](<https://courses.illinois.edu/schedule/terms/ANTH/263>)

In this course we examine cultural assumptions about the human body and what it means to be a ""person"" in Western and non-Western societies. We examine key themes in cultural anthropology and other social sciences concerning the relationship of the individual and society, nature and culture. We will also focus on contemporary concepts of ""person"" vis a vis new genders/sexualities, differently-abled persons, organ transplants and bio-medicine, cyborgs and virtual persons; and commodification. We also explore the interface between intellectual and experiential ways of knowing our own bodies as cultural, dynamically embodied persons.",https://catalog.illinois.edu/courses-of-instruction/anth/,2026–2027
ANTH 268,ANTH,268,Images of the Other,3 Hours,"Do all peoples view neighboring or distant populations as radically different ""Others,"" or can humans create mutual images based on a notion of shared humanity? Course compares and analyzes the range of images of ethnic, ""racial,"" gender, class, and bodily differences that have been enacted historically and cross-culturally in both Western and non-Western populations. Prerequisite: A previous course in history and/or one of the social sciences suggested.",Prerequisite: A previous course in history and/or one of the social sciences suggested.,,"Advanced Composition
Humanities - Hist & Phil
Cultural Studies - Western",,,,"[ANTH 268 Images of the Other credit: 3 Hours.](<https://courses.illinois.edu/schedule/terms/ANTH/268>)

Do all peoples view neighboring or distant populations as radically different ""Others,"" or can humans create mutual images based on a notion of shared humanity? Course compares and analyzes the range of images of ethnic, ""racial,"" gender, class, and bodily differences that have been enacted historically and cross-culturally in both Western and non-Western populations. Prerequisite: A previous course in history and/or one of the social sciences suggested.
This course satisfies the General Education Criteria for:
Advanced Composition
Humanities - Hist & Phil
Cultural Studies - Western",https://catalog.illinois.edu/courses-of-instruction/anth/,2026–2027
ANTH 270,ANTH,270,Language in Culture,3 Hours,"Examines the intersections of culture and language. Topics include the definition of language; the cultural shaping of discourse and narrative; how different linguistic systems guide speakers to think differently about the world; and how ideologies about language relate to beliefs about the nation, modernity, race, and gender. Prerequisite: Gen Ed. Composition 1.",Prerequisite: Gen Ed.,,"Advanced Composition
Social & Beh Sci - Soc Sci",,,,"[ANTH 270 Language in Culture credit: 3 Hours.](<https://courses.illinois.edu/schedule/terms/ANTH/270>)

Examines the intersections of culture and language. Topics include the definition of language; the cultural shaping of discourse and narrative; how different linguistic systems guide speakers to think differently about the world; and how ideologies about language relate to beliefs about the nation, modernity, race, and gender. Prerequisite: Gen Ed. Composition 1.
This course satisfies the General Education Criteria for:
Advanced Composition
Social & Beh Sci - Soc Sci",https://catalog.illinois.edu/courses-of-instruction/anth/,2026–2027
ANTH 272,ANTH,272,Language and Culture in Turkey,3 Hours,"Same as GLBL 272, SAME 272, and TURK 270. See TURK 270.",,,Cultural Studies - Non-West,,,,"[ANTH 272 Language and Culture in Turkey credit: 3 Hours.](<https://courses.illinois.edu/schedule/terms/ANTH/272>)

Same as [GLBL 272](<https://catalog.illinois.edu/search/?P=GLBL%20272>), [SAME 272](<https://catalog.illinois.edu/search/?P=SAME%20272>), and [TURK 270](<https://catalog.illinois.edu/search/?P=TURK%20270>). See [TURK 270](<https://catalog.illinois.edu/search/?P=TURK%20270>).
This course satisfies the General Education Criteria for:
Cultural Studies - Non-West",https://catalog.illinois.edu/courses-of-instruction/anth/,2026–2027
ANTH 278,ANTH,278,Climate Change & Civilization,3 Hours,"Examination of how climate change impacts society. With the increasing need to understand how climate changes and society intersect at present, it is becoming important that we address critical questions about how lessons from the past inform present needs. Case studies from around the world are discussed.",,,Cultural Studies - Non-West,,,,"[ANTH 278 Climate Change & Civilization credit: 3 Hours.](<https://courses.illinois.edu/schedule/terms/ANTH/278>)

Examination of how climate change impacts society. With the increasing need to understand how climate changes and society intersect at present, it is becoming important that we address critical questions about how lessons from the past inform present needs. Case studies from around the world are discussed.
This course satisfies the General Education Criteria for:
Cultural Studies - Non-West",https://catalog.illinois.edu/courses-of-instruction/anth/,2026–2027
ANTH 279,ANTH,279,"Economy, Business & Society",3 Hours,"Introduction to anthropological approaches to economics, capitalism, and the world of business. We discuss these topics as influential cultural ideals in U.S. society, consider critical alternative approaches, and examine a range of specific business and related economic practices drawing upon case studies from the U.S. as well as international and cross-cultural contexts.",,,"Social & Beh Sci - Soc Sci
Cultural Studies - Western",,,,"[ANTH 279 Economy, Business & Society credit: 3 Hours.](<https://courses.illinois.edu/schedule/terms/ANTH/279>)

Introduction to anthropological approaches to economics, capitalism, and the world of business. We discuss these topics as influential cultural ideals in U.S. society, consider critical alternative approaches, and examine a range of specific business and related economic practices drawing upon case studies from the U.S. as well as international and cross-cultural contexts.
This course satisfies the General Education Criteria for:
Social & Beh Sci - Soc Sci
Cultural Studies - Western",https://catalog.illinois.edu/courses-of-instruction/anth/,2026–2027
ANTH 280,ANTH,280,Anthropology of Martial Arts,3 Hours,Same as EALC 280. See EALC 280.,,,"Cultural Studies - Non-West
Social & Beh Sci - Soc Sci",,,,"[ANTH 280 Anthropology of Martial Arts credit: 3 Hours.](<https://courses.illinois.edu/schedule/terms/ANTH/280>)

Same as [EALC 280](<https://catalog.illinois.edu/search/?P=EALC%20280>). See [EALC 280](<https://catalog.illinois.edu/search/?P=EALC%20280>).
This course satisfies the General Education Criteria for:
Cultural Studies - Non-West
Social & Beh Sci - Soc Sci",https://catalog.illinois.edu/courses-of-instruction/anth/,2026–2027
ANTH 285,ANTH,285,Intro to Korea Through Film,3 Hours,Same as EALC 285. See EALC 285.,,,Cultural Studies - Non-West,,,,"[ANTH 285 Intro to Korea Through Film credit: 3 Hours.](<https://courses.illinois.edu/schedule/terms/ANTH/285>)

Same as [EALC 285](<https://catalog.illinois.edu/search/?P=EALC%20285>). See [EALC 285](<https://catalog.illinois.edu/search/?P=EALC%20285>).
This course satisfies the General Education Criteria for:
Cultural Studies - Non-West",https://catalog.illinois.edu/courses-of-instruction/anth/,2026–2027
ANTH 287,ANTH,287,Contemporary East Asia,3 Hours,Same as EALC 288. See EALC 288.,,,,,,,"[ANTH 287 Contemporary East Asia credit: 3 Hours.](<https://courses.illinois.edu/schedule/terms/ANTH/287>)

Same as [EALC 288](<https://catalog.illinois.edu/search/?P=EALC%20288>). See [EALC 288](<https://catalog.illinois.edu/search/?P=EALC%20288>).",https://catalog.illinois.edu/courses-of-instruction/anth/,2026–2027
ANTH 288,ANTH,288,American Indians of Illinois,3 Hours,"An interdisciplinary survey of the Native American experience in the Illinois region from pre-Columbian times to the present. Introduces theories, concepts and methods in archaeology, history, and sociocultural anthropology. Includes archaeological field site and museum visits, plus guest lectures by American Indian scholars and community members. Same as AIS 288 and HIST 288.",,,"Humanities - Hist & Phil
Cultural Studies - US Minority",,,,"[ANTH 288 American Indians of Illinois credit: 3 Hours.](<https://courses.illinois.edu/schedule/terms/ANTH/288>)

An interdisciplinary survey of the Native American experience in the Illinois region from pre-Columbian times to the present. Introduces theories, concepts and methods in archaeology, history, and sociocultural anthropology. Includes archaeological field site and museum visits, plus guest lectures by American Indian scholars and community members. Same as [AIS 288](<https://catalog.illinois.edu/search/?P=AIS%20288>) and [HIST 288](<https://catalog.illinois.edu/search/?P=HIST%20288>).
This course satisfies the General Education Criteria for:
Humanities - Hist & Phil
Cultural Studies - US Minority",https://catalog.illinois.edu/courses-of-instruction/anth/,2026–2027
ANTH 290,ANTH,290,Jewish Cultures of the World,3 Hours,"Survey of the world's Jewish cultures with a particular focus on the non-Western world. Addresses the relations between Judaism and other religious systems and the nature of Jewish life in such locales as North Africa, Subsaharan Africa, India, China, and South America. Same as JS 290.",,,,,,,"[ANTH 290 Jewish Cultures of the World credit: 3 Hours.](<https://courses.illinois.edu/schedule/terms/ANTH/290>)

Survey of the world's Jewish cultures with a particular focus on the non-Western world. Addresses the relations between Judaism and other religious systems and the nature of Jewish life in such locales as North Africa, Subsaharan Africa, India, China, and South America. Same as [JS 290](<https://catalog.illinois.edu/search/?P=JS%20290>).",https://catalog.illinois.edu/courses-of-instruction/anth/,2026–2027
ANTH 310,ANTH,310,Archaeology of Food,3 Hours,"Explores how archaeologists study food in the ancient world and the ways that understanding food and cuisine can inform interpretations of numerous other aspects of past societies. Looking at case studies from around the world, topics covered include food and evolution, the origins of agriculture, feasting, and food identity. The variety of methods that archaeologists use to examine foodways in the past, including zooarchaeology, paleoethnobotany, and residue analysis, will be presented.",,,,,,,"[ANTH 310 Archaeology of Food credit: 3 Hours.](<https://courses.illinois.edu/schedule/terms/ANTH/310>)

Explores how archaeologists study food in the ancient world and the ways that understanding food and cuisine can inform interpretations of numerous other aspects of past societies. Looking at case studies from around the world, topics covered include food and evolution, the origins of agriculture, feasting, and food identity. The variety of methods that archaeologists use to examine foodways in the past, including zooarchaeology, paleoethnobotany, and residue analysis, will be presented.",https://catalog.illinois.edu/courses-of-instruction/anth/,2026–2027
ANTH 315,ANTH,315,Archaeology of the American Southwest,3 Hours,"The American Southwest is characterized by excellent preservation of archaeological sites, precision in chronological schemes, and a long history of intensive excavation and research, factors that have made it a laboratory for the development of archaeological methods. This course will provide an overview of the history of archaeological research in the Southwest, of the cultural developments of cultures and societies of the Southwest, and of the indigenous people present in the region today.",,,,,,,"[ANTH 315 Archaeology of the American Southwest credit: 3 Hours.](<https://courses.illinois.edu/schedule/terms/ANTH/315>)

The American Southwest is characterized by excellent preservation of archaeological sites, precision in chronological schemes, and a long history of intensive excavation and research, factors that have made it a laboratory for the development of archaeological methods. This course will provide an overview of the history of archaeological research in the Southwest, of the cultural developments of cultures and societies of the Southwest, and of the indigenous people present in the region today.",https://catalog.illinois.edu/courses-of-instruction/anth/,2026–2027
ANTH 339,ANTH,339,Industrial Heritage and Communities,3 Hours,"Primarily examines the legacy of the Industrial Revolution in the United Kingdom and the United States where former industrial sites (such as textile mills, coal mines, chocolate factories) have been transformed from abandoned ruins into major tourist attractions, economic regeneration machines for their communities, and even UNESCO World Heritage Sites. Studies industrial places in the context of the times in which they were operating and the processes by which they have been repurposed.",,,Social & Beh Sci - Soc Sci,,,,"[ANTH 339 Industrial Heritage and Communities credit: 3 Hours.](<https://courses.illinois.edu/schedule/terms/ANTH/339>)

Primarily examines the legacy of the Industrial Revolution in the United Kingdom and the United States where former industrial sites (such as textile mills, coal mines, chocolate factories) have been transformed from abandoned ruins into major tourist attractions, economic regeneration machines for their communities, and even UNESCO World Heritage Sites. Studies industrial places in the context of the times in which they were operating and the processes by which they have been repurposed.
This course satisfies the General Education Criteria for:
Social & Beh Sci - Soc Sci",https://catalog.illinois.edu/courses-of-instruction/anth/,2026–2027
ANTH 340,ANTH,340,Archaeology of Religion,3 Hours,"We familiarize ourselves with how anthropologists approach the study of religion and then look at how we can best understand religion in the past. We examine the differences between religion, worldview, cosmology and culture, and investigate what archaeology can tell us about the origins of religion and the materiality and mundane practices of religion, revitalization and missionization. Lectures will cover theoretical, perspectives, and archaeological cases. Same as REL 342. Prerequisite: Consent of the instructor.",Prerequisite: Consent of the instructor.,,,,,,"[ANTH 340 Archaeology of Religion credit: 3 Hours.](<https://courses.illinois.edu/schedule/terms/ANTH/340>)

We familiarize ourselves with how anthropologists approach the study of religion and then look at how we can best understand religion in the past. We examine the differences between religion, worldview, cosmology and culture, and investigate what archaeology can tell us about the origins of religion and the materiality and mundane practices of religion, revitalization and missionization. Lectures will cover theoretical, perspectives, and archaeological cases. Same as [REL 342](<https://catalog.illinois.edu/search/?P=REL%20342>). Prerequisite: Consent of the instructor.",https://catalog.illinois.edu/courses-of-instruction/anth/,2026–2027
ANTH 342,ANTH,342,Animal Behavior,3 Hours,"Same as ANSC 366, IB 329, and PSYC 329. See IB 329.",,,,,,,"[ANTH 342 Animal Behavior credit: 3 Hours.](<https://courses.illinois.edu/schedule/terms/ANTH/342>)

Same as [ANSC 366](<https://catalog.illinois.edu/search/?P=ANSC%20366>), [IB 329](<https://catalog.illinois.edu/search/?P=IB%20329>), and [PSYC 329](<https://catalog.illinois.edu/search/?P=PSYC%20329>). See [IB 329](<https://catalog.illinois.edu/search/?P=IB%20329>).",https://catalog.illinois.edu/courses-of-instruction/anth/,2026–2027
ANTH 343,ANTH,343,Behavior and Biology of Women,3 Hours,"Exploration of female biology and behavior in a broad evolutionary context. Explores development from pre-puberty through menopause, reproductive processes such as pregnancy, birth and lactation, cognitive and behavioral sex differences, and male and female reproductive strategies in a variety of cultural settings. Examples are drawn primarily from traditional and modern human societies as well as field and experimental data from other species, particularly non-human primates. Prerequisite: ANTH 143 or consent of instructor.",Prerequisite: ANTH 143 or consent of instructor.,,,,,,"[ANTH 343 Behavior and Biology of Women credit: 3 Hours.](<https://courses.illinois.edu/schedule/terms/ANTH/343>)

Exploration of female biology and behavior in a broad evolutionary context. Explores development from pre-puberty through menopause, reproductive processes such as pregnancy, birth and lactation, cognitive and behavioral sex differences, and male and female reproductive strategies in a variety of cultural settings. Examples are drawn primarily from traditional and modern human societies as well as field and experimental data from other species, particularly non-human primates. Prerequisite: [ANTH 143](<https://catalog.illinois.edu/search/?P=ANTH%20143>) or consent of instructor.",https://catalog.illinois.edu/courses-of-instruction/anth/,2026–2027
ANTH 346,ANTH,346,Forensic Anthropology,3 Hours,"Analysis of human skeletal remains of the medico-legal profession. Topics include the development of the field of forensic anthropology, biological profile and skeletal trauma analysis, interval since death estimation. Additional topics include investigation of crime scenes, the legal role of the biological anthropologist as an expert witness and case report preparation. Attention will also be drawn to the incorporation of anthropological and ethical approaches to dealing with death and using human remains for research. Prerequisite: ANTH 246.",Prerequisite: ANTH 246.,,,,,,"[ANTH 346 Forensic Anthropology credit: 3 Hours.](<https://courses.illinois.edu/schedule/terms/ANTH/346>)

Analysis of human skeletal remains of the medico-legal profession. Topics include the development of the field of forensic anthropology, biological profile and skeletal trauma analysis, interval since death estimation. Additional topics include investigation of crime scenes, the legal role of the biological anthropologist as an expert witness and case report preparation. Attention will also be drawn to the incorporation of anthropological and ethical approaches to dealing with death and using human remains for research. Prerequisite: [ANTH 246](<https://catalog.illinois.edu/search/?P=ANTH%20246>).",https://catalog.illinois.edu/courses-of-instruction/anth/,2026–2027
ANTH 347,ANTH,347,Human Osteology,3 Hours,"Comprehensive knowledge of the human skeleton is central to reconstructing the anatomy, demography, health and evolution of past populations because most of our evidence is derived from preserved skeletal and dental remains. The primary goal of this course is the identification of isolated and fragmentary skeletal remains given that this is a prerequisite to all subsequent analysis. In addition to identifying the bones and landmarks of the human skeleton, students will learn about the structure and function of bone, understand the growth and development of the human skeleton and be introduced to analytical techniques used in human osteology including paleopathology, paleodemography and forensics. Prerequisite: ANTH 102 or ANTH 240.",Prerequisite: ANTH 102 or ANTH 240.,,,,,,"[ANTH 347 Human Osteology credit: 3 Hours.](<https://courses.illinois.edu/schedule/terms/ANTH/347>)

Comprehensive knowledge of the human skeleton is central to reconstructing the anatomy, demography, health and evolution of past populations because most of our evidence is derived from preserved skeletal and dental remains. The primary goal of this course is the identification of isolated and fragmentary skeletal remains given that this is a prerequisite to all subsequent analysis. In addition to identifying the bones and landmarks of the human skeleton, students will learn about the structure and function of bone, understand the growth and development of the human skeleton and be introduced to analytical techniques used in human osteology including paleopathology, paleodemography and forensics. Prerequisite: [ANTH 102](<https://catalog.illinois.edu/search/?P=ANTH%20102>) or [ANTH 240](<https://catalog.illinois.edu/search/?P=ANTH%20240>).",https://catalog.illinois.edu/courses-of-instruction/anth/,2026–2027
ANTH 350,ANTH,350,Cultures of Law,3 Hours,"Covers major concepts and debates in the study of legal anthropology: the way in which different societies understand justice, practice law, engage or violate human rights, adjudicate responsibility. We examine the foundations of different legal systems, the cultural categories that different societies use to determine the meaning of justice, guilt, innocence, and the variations in systems for both preventing and punishing crime. In addition, we will consider the cultures of law as a profession. How do lawyers learn to read and see the world differently? How do Courts create their own cultural norms and social contexts in ways that impact how all of us receive due process? Finally we explore the relationship between state power, rule of law and democracy. Is there and should there be a role for politics in the law?.",,,,,,,"[ANTH 350 Cultures of Law credit: 3 Hours.](<https://courses.illinois.edu/schedule/terms/ANTH/350>)

Covers major concepts and debates in the study of legal anthropology: the way in which different societies understand justice, practice law, engage or violate human rights, adjudicate responsibility. We examine the foundations of different legal systems, the cultural categories that different societies use to determine the meaning of justice, guilt, innocence, and the variations in systems for both preventing and punishing crime. In addition, we will consider the cultures of law as a profession. How do lawyers learn to read and see the world differently? How do Courts create their own cultural norms and social contexts in ways that impact how all of us receive due process? Finally we explore the relationship between state power, rule of law and democracy. Is there and should there be a role for politics in the law?.",https://catalog.illinois.edu/courses-of-instruction/anth/,2026–2027
ANTH 351,ANTH,351,Language and Race,3 Hours,"What does it mean to say that someone ""sounds Black"" or to admiringly remark that Spanish is ""a sexy language"" or to accuse someone of ""pulling the race card?"" How do people apologize for doing or saying something racist? This course brings together resources from linguistic anthropology and theories about race to examine how we use language to ideologically and materially sort one another.",,,,,,,"[ANTH 351 Language and Race credit: 3 Hours.](<https://courses.illinois.edu/schedule/terms/ANTH/351>)

What does it mean to say that someone ""sounds Black"" or to admiringly remark that Spanish is ""a sexy language"" or to accuse someone of ""pulling the race card?"" How do people apologize for doing or saying something racist? This course brings together resources from linguistic anthropology and theories about race to examine how we use language to ideologically and materially sort one another.",https://catalog.illinois.edu/courses-of-instruction/anth/,2026–2027
ANTH 352,ANTH,352,Language and Gender,3 Hours,"The relationship between language and gender is complex, contentious, and often misunderstood. In this course, we explore the many connections between language and gender. Topics include what gender is and how it is socially and linguistically constituted; real and perceived differences — grammatical, phonological, conversational — in how men and women speak; how the ways we talk about gender shape the ways we think about gender; and how all of these things vary cross-culturally and cross-linguistically. Prerequisite: ANTH 104 or ANTH 270 is strongly recommended.",Prerequisite: ANTH 104 or ANTH 270 is strongly recommended.,,,,,,"[ANTH 352 Language and Gender credit: 3 Hours.](<https://courses.illinois.edu/schedule/terms/ANTH/352>)

The relationship between language and gender is complex, contentious, and often misunderstood. In this course, we explore the many connections between language and gender. Topics include what gender is and how it is socially and linguistically constituted; real and perceived differences — grammatical, phonological, conversational — in how men and women speak; how the ways we talk about gender shape the ways we think about gender; and how all of these things vary cross-culturally and cross-linguistically. Prerequisite: [ANTH 104](<https://catalog.illinois.edu/search/?P=ANTH%20104>) or [ANTH 270](<https://catalog.illinois.edu/search/?P=ANTH%20270>) is strongly recommended.",https://catalog.illinois.edu/courses-of-instruction/anth/,2026–2027
ANTH 353,ANTH,353,Language and Humor,3 Hours,"Humor is an essential element of human life, yet it has proven an intractable object of study. Though scholars have long tried to distill ""humor"" to a static, universal formula, the anthropological approach to humor emphasizes that it is a culture- and context-specific phenomenon that must be studied in action. In this course we will study a wide range of scholarly perspectives on humor, including psychoanalysis, sociology, philosophy, and anthropology, as we consider the social and communicative dimensions of joking and laughter. Prerequisite: ANTH 104 or ANTH 270 are strongly recommended.",Prerequisite: ANTH 104 or ANTH 270 are strongly recommended.,,,,,,"[ANTH 353 Language and Humor credit: 3 Hours.](<https://courses.illinois.edu/schedule/terms/ANTH/353>)

Humor is an essential element of human life, yet it has proven an intractable object of study. Though scholars have long tried to distill ""humor"" to a static, universal formula, the anthropological approach to humor emphasizes that it is a culture- and context-specific phenomenon that must be studied in action. In this course we will study a wide range of scholarly perspectives on humor, including psychoanalysis, sociology, philosophy, and anthropology, as we consider the social and communicative dimensions of joking and laughter. Prerequisite: [ANTH 104](<https://catalog.illinois.edu/search/?P=ANTH%20104>) or [ANTH 270](<https://catalog.illinois.edu/search/?P=ANTH%20270>) are strongly recommended.",https://catalog.illinois.edu/courses-of-instruction/anth/,2026–2027
ANTH 358,ANTH,358,People of the Ice Age,3 Hours,"Explores a vast period of human prehistory - 2 million to 10,000 years ago - before the first cities arose and before people domesticated plants and animals in the Old World; uses archaeological and paleoanthropological data to understand past life ways as well as reasons for change through time in human adaptation. Prerequisite: ANTH 102 or ANTH 240 is strongly recommended.",Prerequisite: ANTH 102 or ANTH 240 is strongly recommended.,,,,,,"[ANTH 358 People of the Ice Age credit: 3 Hours.](<https://courses.illinois.edu/schedule/terms/ANTH/358>)

Explores a vast period of human prehistory - 2 million to 10,000 years ago - before the first cities arose and before people domesticated plants and animals in the Old World; uses archaeological and paleoanthropological data to understand past life ways as well as reasons for change through time in human adaptation. Prerequisite: [ANTH 102](<https://catalog.illinois.edu/search/?P=ANTH%20102>) or [ANTH 240](<https://catalog.illinois.edu/search/?P=ANTH%20240>) is strongly recommended.",https://catalog.illinois.edu/courses-of-instruction/anth/,2026–2027
ANTH 360,ANTH,360,Evolution and Human Health,3 Hours,Same as IB 360. See IB 360.,,,,,,,"[ANTH 360 Evolution and Human Health credit: 3 Hours.](<https://courses.illinois.edu/schedule/terms/ANTH/360>)

Same as [IB 360](<https://catalog.illinois.edu/search/?P=IB%20360>). See [IB 360](<https://catalog.illinois.edu/search/?P=IB%20360>).",https://catalog.illinois.edu/courses-of-instruction/anth/,2026–2027
ANTH 361,ANTH,361,Ecology and Human Health,3 Hours,Same as IB 361. See IB 361.,,,,,,,"[ANTH 361 Ecology and Human Health credit: 3 Hours.](<https://courses.illinois.edu/schedule/terms/ANTH/361>)

Same as [IB 361](<https://catalog.illinois.edu/search/?P=IB%20361>). See [IB 361](<https://catalog.illinois.edu/search/?P=IB%20361>).",https://catalog.illinois.edu/courses-of-instruction/anth/,2026–2027
ANTH 363,ANTH,363,Anth of Dance/Movement,3 Hours,"Anthropological study of dance and other human movement systems in cultural contexts. Designed especially for students with little or no background in socio-cultural anthropology or the social sciences. Includes reading the works of major figures in the field, and learning how to study dances, signed languages and ritual events from an anthropological perspective. Students will also learn about socio-cultural theory and observation, doing fieldwork, movement literacy, problems of subjectivity and objectivity, and personal anthropology.",,,,,,,"[ANTH 363 Anth of Dance/Movement credit: 3 Hours.](<https://courses.illinois.edu/schedule/terms/ANTH/363>)

Anthropological study of dance and other human movement systems in cultural contexts. Designed especially for students with little or no background in socio-cultural anthropology or the social sciences. Includes reading the works of major figures in the field, and learning how to study dances, signed languages and ritual events from an anthropological perspective. Students will also learn about socio-cultural theory and observation, doing fieldwork, movement literacy, problems of subjectivity and objectivity, and personal anthropology.",https://catalog.illinois.edu/courses-of-instruction/anth/,2026–2027
ANTH 364,ANTH,364,Performing 'America',3 Hours,"Introduction to theories of performance and performativity or enactment, and applies these to an understanding of public events like political rallies, music, the arts, protests, and everyday life in the U.S. Emphasis on how these practices of production and consumption help articulate social identity, including gendered, sexual, racial/ethnic, religious, class, and generational affiliations. Focus on the contemporary U.S. with comparative case studies drawn from other parts of the world and some historical materials. Draws on anthropological studies, as well as scholarly literatures from communication studies, literature, the arts, and social history. Prerequisite: At least one course in anthropology or the social sciences strongly recommended. Restricted to sophomore or above class standing.",Prerequisite: At least one course in anthropology or the social sciences strongly recommended.,,,,,,"[ANTH 364 Performing 'America' credit: 3 Hours.](<https://courses.illinois.edu/schedule/terms/ANTH/364>)

Introduction to theories of performance and performativity or enactment, and applies these to an understanding of public events like political rallies, music, the arts, protests, and everyday life in the U.S. Emphasis on how these practices of production and consumption help articulate social identity, including gendered, sexual, racial/ethnic, religious, class, and generational affiliations. Focus on the contemporary U.S. with comparative case studies drawn from other parts of the world and some historical materials. Draws on anthropological studies, as well as scholarly literatures from communication studies, literature, the arts, and social history. Prerequisite: At least one course in anthropology or the social sciences strongly recommended. Restricted to sophomore or above class standing.",https://catalog.illinois.edu/courses-of-instruction/anth/,2026–2027
ANTH 368,ANTH,368,'America' in the World,3 Hours,"Study of the lure and rejection of the U.S. around the world, by drawing on long-standing anthropological approaches to the histories of peoplehood, selfhood, and otherness. Examines the historical, political, cultural, economic, and social context of both anti- and pro-Americanism, in various parts of the globe. Prerequisite: Any previous course in cultural anthropology.",Prerequisite: Any previous course in cultural anthropology.,,,,,,"[ANTH 368 'America' in the World credit: 3 Hours.](<https://courses.illinois.edu/schedule/terms/ANTH/368>)

Study of the lure and rejection of the U.S. around the world, by drawing on long-standing anthropological approaches to the histories of peoplehood, selfhood, and otherness. Examines the historical, political, cultural, economic, and social context of both anti- and pro-Americanism, in various parts of the globe. Prerequisite: Any previous course in cultural anthropology.",https://catalog.illinois.edu/courses-of-instruction/anth/,2026–2027
ANTH 370,ANTH,370,Latina/o Ethnography,3 Hours,Same as LLS 370. See LLS 370.,,,,,,,"[ANTH 370 Latina/o Ethnography credit: 3 Hours.](<https://courses.illinois.edu/schedule/terms/ANTH/370>)

Same as [LLS 370](<https://catalog.illinois.edu/search/?P=LLS%20370>). See [LLS 370](<https://catalog.illinois.edu/search/?P=LLS%20370>).",https://catalog.illinois.edu/courses-of-instruction/anth/,2026–2027
ANTH 372,ANTH,372,Topics in Lang & Culture,3 Hours,"Advanced topics in language and culture. May be repeated in separate terms. Prerequisite: ANTH 104, ANTH 270, or consent of instructor.","Prerequisite: ANTH 104, ANTH 270, or consent of instructor.",,,,,,"[ANTH 372 Topics in Lang & Culture credit: 3 Hours.](<https://courses.illinois.edu/schedule/terms/ANTH/372>)

Advanced topics in language and culture. May be repeated in separate terms. Prerequisite: [ANTH 104](<https://catalog.illinois.edu/search/?P=ANTH%20104>), [ANTH 270](<https://catalog.illinois.edu/search/?P=ANTH%20270>), or consent of instructor.",https://catalog.illinois.edu/courses-of-instruction/anth/,2026–2027
ANTH 374,ANTH,374,Anth of Science and Technology,3 Hours,"Examination of science as a cultural system. Utilizing ethnographic methods and social theories, the course will locate scientific knowledge, institutions and practices within enduring anthropological questions around rationality and truth, meaning, personhood, sociality, power inequalities, social transformations, and social justice. Prerequisite: Restricted to Sophomore or above class standing.",Prerequisite: Restricted to Sophomore or above class standing.,,,,,,"[ANTH 374 Anth of Science and Technology credit: 3 Hours.](<https://courses.illinois.edu/schedule/terms/ANTH/374>)

Examination of science as a cultural system. Utilizing ethnographic methods and social theories, the course will locate scientific knowledge, institutions and practices within enduring anthropological questions around rationality and truth, meaning, personhood, sociality, power inequalities, social transformations, and social justice. Prerequisite: Restricted to Sophomore or above class standing.",https://catalog.illinois.edu/courses-of-instruction/anth/,2026–2027
ANTH 375,ANTH,375,The Culture of Nature,3 Hours,"Examines how the natural and the cultural are mutually-constitutive concepts, and investigates contemporary and historical constructions of notions of a natural world. We will see how these concepts have varied over time and among different social groups, with a special emphasis on the contemporary United States. Topics will include the idea of landscape and of nature as a resource to be used, appreciated, represented, controlled, or enjoyed. In addition, the course will feature a special unit on sustainability, and one devoted to analyzing our relationships to animals. Prerequisite: At least one anthropology course or a course in another social science.",Prerequisite: At least one anthropology course or a course in another social science.,,,,,,"[ANTH 375 The Culture of Nature credit: 3 Hours.](<https://courses.illinois.edu/schedule/terms/ANTH/375>)

Examines how the natural and the cultural are mutually-constitutive concepts, and investigates contemporary and historical constructions of notions of a natural world. We will see how these concepts have varied over time and among different social groups, with a special emphasis on the contemporary United States. Topics will include the idea of landscape and of nature as a resource to be used, appreciated, represented, controlled, or enjoyed. In addition, the course will feature a special unit on sustainability, and one devoted to analyzing our relationships to animals. Prerequisite: At least one anthropology course or a course in another social science.",https://catalog.illinois.edu/courses-of-instruction/anth/,2026–2027
ANTH 379,ANTH,379,Medical Anthropology,3 Hours,"An anthropological approach is used to explore human health by integrating perspectives from biological and medical anthropology, as well as human biology. By the end of the course, students will be able to conceptualize health holistically, encompassing wellness and well-being. They will learn how to define, measure, and incorporate embodiment theory using genetic, epigenetic, and human biological methods. Students will also gain a strong understanding of the biological mechanisms through which environmental factors influence health outcomes and contribute to health disparities. Prerequisite: ANTH 230 strongly recommended, or consent of instructor.","Prerequisite: ANTH 230 strongly recommended, or consent of instructor.",,,,,,"[ANTH 379 Medical Anthropology credit: 3 Hours.](<https://courses.illinois.edu/schedule/terms/ANTH/379>)

An anthropological approach is used to explore human health by integrating perspectives from biological and medical anthropology, as well as human biology. By the end of the course, students will be able to conceptualize health holistically, encompassing wellness and well-being. They will learn how to define, measure, and incorporate embodiment theory using genetic, epigenetic, and human biological methods. Students will also gain a strong understanding of the biological mechanisms through which environmental factors influence health outcomes and contribute to health disparities. Prerequisite: [ANTH 230](<https://catalog.illinois.edu/search/?P=ANTH%20230>) strongly recommended, or consent of instructor.",https://catalog.illinois.edu/courses-of-instruction/anth/,2026–2027
ANTH 387,ANTH,387,Anthropology of Crime,3 Hours,"This course takes an anthropological perspective to challenge ""common-sense"" notions about crime. We will compare ideas about and representations of lawbreaking, criminality, danger, policing, and violence in different parts of the world, considering how they diverge from, and yet also overlap with, each other. Our goal is to find new ways to understand both how something becomes ""crime"" and also how it then quickly becomes sensationalized, stereotyped and simplified as it enters public debate.",,,,,,,"[ANTH 387 Anthropology of Crime credit: 3 Hours.](<https://courses.illinois.edu/schedule/terms/ANTH/387>)

This course takes an anthropological perspective to challenge ""common-sense"" notions about crime. We will compare ideas about and representations of lawbreaking, criminality, danger, policing, and violence in different parts of the world, considering how they diverge from, and yet also overlap with, each other. Our goal is to find new ways to understand both how something becomes ""crime"" and also how it then quickly becomes sensationalized, stereotyped and simplified as it enters public debate.",https://catalog.illinois.edu/courses-of-instruction/anth/,2026–2027
ANTH 390,ANTH,390,Individual Study,2 to 4 Hours,"Supervised reading and research on anthropological topics chosen by the student with staff approval. Especially (but not exclusively) for students who are preparing for a summer field-work project, or who have some justifiable reason for doing independent study, but who do not qualify for the honors (departmental distinction) courses. Prerequisite: Junior or senior standing; 12 hours in anthropology; consent of instructor. May not be taken concurrently with ANTH 391 or ANTH 495.",Prerequisite: Junior or senior standing; 12 hours in anthropology; consent of instructor.,,,,,,"[ANTH 390 Individual Study credit: 2 to 4 Hours.](<https://courses.illinois.edu/schedule/terms/ANTH/390>)

Supervised reading and research on anthropological topics chosen by the student with staff approval. Especially (but not exclusively) for students who are preparing for a summer field-work project, or who have some justifiable reason for doing independent study, but who do not qualify for the honors (departmental distinction) courses. Prerequisite: Junior or senior standing; 12 hours in anthropology; consent of instructor. May not be taken concurrently with ANTH 391 or [ANTH 495](<https://catalog.illinois.edu/search/?P=ANTH%20495>).",https://catalog.illinois.edu/courses-of-instruction/anth/,2026–2027
ANTH 399,ANTH,399,Special Topics,1 to 3 Hours,"Topics are given on a one-time only, experimental basis. Faculty offer special topics in their areas of expertise that provide an opportunity for undergraduates to be exposed to some of the most current developments in faculty research. May be repeated.",,,,,,,"[ANTH 399 Special Topics credit: 1 to 3 Hours.](<https://courses.illinois.edu/schedule/terms/ANTH/399>)

Topics are given on a one-time only, experimental basis. Faculty offer special topics in their areas of expertise that provide an opportunity for undergraduates to be exposed to some of the most current developments in faculty research. May be repeated.",https://catalog.illinois.edu/courses-of-instruction/anth/,2026–2027
ANTH 403,ANTH,403,Women in Muslim Societies,3 or 4 Hours,"Same as GLBL 403, GWS 403, HIST 434, REL 403, and SAME 403. See REL 403.",,,,,,,"[ANTH 403 Women in Muslim Societies credit: 3 or 4 Hours.](<https://courses.illinois.edu/schedule/terms/ANTH/403>)

Same as [GLBL 403](<https://catalog.illinois.edu/search/?P=GLBL%20403>), [GWS 403](<https://catalog.illinois.edu/search/?P=GWS%20403>), [HIST 434](<https://catalog.illinois.edu/search/?P=HIST%20434>), [REL 403](<https://catalog.illinois.edu/search/?P=REL%20403>), and [SAME 403](<https://catalog.illinois.edu/search/?P=SAME%20403>). See [REL 403](<https://catalog.illinois.edu/search/?P=REL%20403>).",https://catalog.illinois.edu/courses-of-instruction/anth/,2026–2027
ANTH 404,ANTH,404,"Disability, Culture & Society",3 or 4 Hours,Same as HK 407. See HK 407.,,,,,,,"[ANTH 404 Disability, Culture & Society credit: 3 or 4 Hours.](<https://courses.illinois.edu/schedule/terms/ANTH/404>)

Same as [HK 407](<https://catalog.illinois.edu/search/?P=HK%20407>). See [HK 407](<https://catalog.illinois.edu/search/?P=HK%20407>).",https://catalog.illinois.edu/courses-of-instruction/anth/,2026–2027
ANTH 405,ANTH,405,Contemporary Central America,"3 or 4 Hours
3 undergraduate hours. 4 graduate hours.","Explores cultural, political and historical processes in 20th- and 21st-century Central America--focusing on Costa Rica, Nicaragua, Honduras, El Salvador, and Guatemala--through an anthropological lens. Grapples with a core set of questions arising from changes in the global relations, including the rise of global neoliberalism, the crises and renovations of political projects, the transformations of spatial relations through transnational migration, and the proliferation of various pan-hemispheric as well as local identity-based movements. 3 undergraduate hours. 4 graduate hours. Prerequisite: ANTH 103 or ANTH 182 or ANTH 230 or a course in Latin American history or consent of instructor.",Prerequisite: ANTH 103 or ANTH 182 or ANTH 230 or a course in Latin American history or consent of instructor.,,,,,,"[ANTH 405 Contemporary Central America credit: 3 or 4 Hours.](<https://courses.illinois.edu/schedule/terms/ANTH/405>)

Explores cultural, political and historical processes in 20th- and 21st-century Central America--focusing on Costa Rica, Nicaragua, Honduras, El Salvador, and Guatemala--through an anthropological lens. Grapples with a core set of questions arising from changes in the global relations, including the rise of global neoliberalism, the crises and renovations of political projects, the transformations of spatial relations through transnational migration, and the proliferation of various pan-hemispheric as well as local identity-based movements. 3 undergraduate hours. 4 graduate hours. Prerequisite: [ANTH 103](<https://catalog.illinois.edu/search/?P=ANTH%20103>) or [ANTH 182](<https://catalog.illinois.edu/search/?P=ANTH%20182>) or [ANTH 230](<https://catalog.illinois.edu/search/?P=ANTH%20230>) or a course in Latin American history or consent of instructor.",https://catalog.illinois.edu/courses-of-instruction/anth/,2026–2027
ANTH 407,ANTH,407,Evolutionary Immunology,"3 or 4 Hours
3 undergraduate hours. 4 graduate hours.","Immune systems are a defense mechanism against microbial assault and dying and cancerous cells. They are under tremendous evolutionary pressure to cope with changing invasions and other stresses and have, therefore, evolved differently across species and populations. The resulting immune variation strongly impacts human and animal health. This seminar addresses animal immune system physiology and function in the context of evolutionary and anthropological theory and research. It is designed for advanced undergraduate and graduate students with a basic background in biology, biological anthropology and related fields. 3 undergraduate hours. 4 graduate hours.",,,,,,,"[ANTH 407 Evolutionary Immunology credit: 3 or 4 Hours.](<https://courses.illinois.edu/schedule/terms/ANTH/407>)

Immune systems are a defense mechanism against microbial assault and dying and cancerous cells. They are under tremendous evolutionary pressure to cope with changing invasions and other stresses and have, therefore, evolved differently across species and populations. The resulting immune variation strongly impacts human and animal health. This seminar addresses animal immune system physiology and function in the context of evolutionary and anthropological theory and research. It is designed for advanced undergraduate and graduate students with a basic background in biology, biological anthropology and related fields. 3 undergraduate hours. 4 graduate hours.",https://catalog.illinois.edu/courses-of-instruction/anth/,2026–2027
ANTH 408,ANTH,408,Human Evolutionary Anatomy,"3 or 4 Hours
3 undergraduate hours. 4 graduate hours.","Comprehensive, comparative study of musculoskeletal anatomy in primates, focusing on functional and adaptive changes that have occurred in the masticatory apparatus, facial skeleton, and locomotor systems of New World monkeys, Old World monkeys, apes, and humans. Relationships between morphology, ecology, and behavior are discussed, applied to the fossil record, and used to address current issues in human evolution. 3 undergraduate hours. 4 graduate hours. Prerequisite: ANTH 443 or ANTH 440 or ANTH 456 or a course in human or comparative vertebrate anatomy.",Prerequisite: ANTH 443 or ANTH 440 or ANTH 456 or a course in human or comparative vertebrate anatomy.,,,,,,"[ANTH 408 Human Evolutionary Anatomy credit: 3 or 4 Hours.](<https://courses.illinois.edu/schedule/terms/ANTH/408>)

Comprehensive, comparative study of musculoskeletal anatomy in primates, focusing on functional and adaptive changes that have occurred in the masticatory apparatus, facial skeleton, and locomotor systems of New World monkeys, Old World monkeys, apes, and humans. Relationships between morphology, ecology, and behavior are discussed, applied to the fossil record, and used to address current issues in human evolution. 3 undergraduate hours. 4 graduate hours. Prerequisite: [ANTH 443](<https://catalog.illinois.edu/search/?P=ANTH%20443>) or [ANTH 440](<https://catalog.illinois.edu/search/?P=ANTH%20440>) or [ANTH 456](<https://catalog.illinois.edu/search/?P=ANTH%20456>) or a course in human or comparative vertebrate anatomy.",https://catalog.illinois.edu/courses-of-instruction/anth/,2026–2027
ANTH 411,ANTH,411,Research Methods in Socio-Cultural Anthropology,"3 or 4 Hours
3 undergraduate hours. 4 graduate hours.","Exploration of qualitative forms of research used by sociocultural anthropologists when conducting field research. Emphasis is on formulating research questions, research design, and application of these ethnographic methods to a substantial research project. 3 undergraduate hours. 4 graduate hours.",,,,,,,"[ANTH 411 Research Methods in Socio-Cultural Anthropology credit: 3 or 4 Hours.](<https://courses.illinois.edu/schedule/terms/ANTH/411>)

Exploration of qualitative forms of research used by sociocultural anthropologists when conducting field research. Emphasis is on formulating research questions, research design, and application of these ethnographic methods to a substantial research project. 3 undergraduate hours. 4 graduate hours.",https://catalog.illinois.edu/courses-of-instruction/anth/,2026–2027
ANTH 414,ANTH,414,Writing Ethnography,"3 or 4 Hours
3 undergraduate hours. 4 graduate hours.","In this seminar we address the theoretical divide between the humanities and the social sciences, the unique authority of the scholar/author, and the invisibility of the reader in producing scholarly texts. Focusing on the ways in which scholars are also authors, we explore current debates by reading a selection of contemporary anthropological texts (and a few precursors) that experiment boldly with how ethnography is written. Students will experiment with several ethnographic writing styles. This course is designed for advanced undergraduate anthropology students and graduate students in cultural anthropology, writing studies, and education. 3 undergraduate hours. 4 graduate hours. Prerequisite: Undergraduate students should have already taken at least one 300-level course in cultural anthropology, and graduate students in cultural anthropology, writing studies, and/or education. Other students should contact the instructor.","Prerequisite: Undergraduate students should have already taken at least one 300-level course in cultural anthropology, and graduate students in cultural anthropology, writing studies, and/or education.",,,,,,"[ANTH 414 Writing Ethnography credit: 3 or 4 Hours.](<https://courses.illinois.edu/schedule/terms/ANTH/414>)

In this seminar we address the theoretical divide between the humanities and the social sciences, the unique authority of the scholar/author, and the invisibility of the reader in producing scholarly texts. Focusing on the ways in which scholars are also authors, we explore current debates by reading a selection of contemporary anthropological texts (and a few precursors) that experiment boldly with how ethnography is written. Students will experiment with several ethnographic writing styles. This course is designed for advanced undergraduate anthropology students and graduate students in cultural anthropology, writing studies, and education. 3 undergraduate hours. 4 graduate hours. Prerequisite: Undergraduate students should have already taken at least one 300-level course in cultural anthropology, and graduate students in cultural anthropology, writing studies, and/or education. Other students should contact the instructor.",https://catalog.illinois.edu/courses-of-instruction/anth/,2026–2027
ANTH 416,ANTH,416,Anthropology of Music,3 Hours,Same as MUS 416. See MUS 416.,,,,,,,"[ANTH 416 Anthropology of Music credit: 3 Hours.](<https://courses.illinois.edu/schedule/terms/ANTH/416>)

Same as [MUS 416](<https://catalog.illinois.edu/search/?P=MUS%20416>). See [MUS 416](<https://catalog.illinois.edu/search/?P=MUS%20416>).",https://catalog.illinois.edu/courses-of-instruction/anth/,2026–2027
ANTH 420,ANTH,420,Case Studies Global Heritage,"3 or 4 Hours
3 undergraduate hours. 4 graduate hours.","Cultural heritage encompasses major domains of social, economic, political, religious and environmental practice and policy-making under today's conditions of globalization. Students will critically examine cultural heritage case studies from around the world. 3 undergraduate hours. 4 graduate hours.",,,,,,,"[ANTH 420 Case Studies Global Heritage credit: 3 or 4 Hours.](<https://courses.illinois.edu/schedule/terms/ANTH/420>)

Cultural heritage encompasses major domains of social, economic, political, religious and environmental practice and policy-making under today's conditions of globalization. Students will critically examine cultural heritage case studies from around the world. 3 undergraduate hours. 4 graduate hours.",https://catalog.illinois.edu/courses-of-instruction/anth/,2026–2027
ANTH 421,ANTH,421,Social Organization,"3 or 4 Hours
3 undergraduate hours. 3 or 4 graduate hours.","Introduction to anthropological concepts of social organization and structure; considers kinship theory, descent and alliance systems, social stratification, nonkin association, social networks, group identification and boundaries, structural-functional interpretations of society, and the meaning of social or cultural structure. 3 undergraduate hours. 3 or 4 graduate hours. Prerequisite: ANTH 230 or consent of instructor.",Prerequisite: ANTH 230 or consent of instructor.,,,,,,"[ANTH 421 Social Organization credit: 3 or 4 Hours.](<https://courses.illinois.edu/schedule/terms/ANTH/421>)

Introduction to anthropological concepts of social organization and structure; considers kinship theory, descent and alliance systems, social stratification, nonkin association, social networks, group identification and boundaries, structural-functional interpretations of society, and the meaning of social or cultural structure. 3 undergraduate hours. 3 or 4 graduate hours. Prerequisite: [ANTH 230](<https://catalog.illinois.edu/search/?P=ANTH%20230>) or consent of instructor.",https://catalog.illinois.edu/courses-of-instruction/anth/,2026–2027
ANTH 423,ANTH,423,Economic Anthropology,"3 or 4 Hours
3 undergraduate hours. 4 graduate hours.",Covers the emergence of economic anthropology as a subdiscipline; considers various definitions of economics with their implications for the study of human society; emphasizes the relationship between social organization and economic life from the perspectives of classical studies in anthropology and their contemporary interpretations. 3 undergraduate hours. 4 graduate hours. Prerequisite: ANTH 230.,Prerequisite: ANTH 230.,,,,,,"[ANTH 423 Economic Anthropology credit: 3 or 4 Hours.](<https://courses.illinois.edu/schedule/terms/ANTH/423>)

Covers the emergence of economic anthropology as a subdiscipline; considers various definitions of economics with their implications for the study of human society; emphasizes the relationship between social organization and economic life from the perspectives of classical studies in anthropology and their contemporary interpretations. 3 undergraduate hours. 4 graduate hours. Prerequisite: [ANTH 230](<https://catalog.illinois.edu/search/?P=ANTH%20230>).",https://catalog.illinois.edu/courses-of-instruction/anth/,2026–2027
ANTH 426,ANTH,426,Narrative,3 or 4 Hours,"Narratives serve a central function in human life: at the most fundamental level, they enable us to make sense of a complex and chaotic world, but we also use narratives strategically to persuade, manipulate, create social bonds and social divisions, establish authority and deny responsibility. Narratives may be a human universal, but the rules of narrativity are intensely culturally specific. This course explores what narratives are and how they work, and considers a range of analytical techniques for studying them.",,,,,,,"[ANTH 426 Narrative credit: 3 or 4 Hours.](<https://courses.illinois.edu/schedule/terms/ANTH/426>)

Narratives serve a central function in human life: at the most fundamental level, they enable us to make sense of a complex and chaotic world, but we also use narratives strategically to persuade, manipulate, create social bonds and social divisions, establish authority and deny responsibility. Narratives may be a human universal, but the rules of narrativity are intensely culturally specific. This course explores what narratives are and how they work, and considers a range of analytical techniques for studying them.",https://catalog.illinois.edu/courses-of-instruction/anth/,2026–2027
ANTH 430,ANTH,430,The History of Anthropology,"4 Hours
4 undergraduate hours. 4 graduate hours.","Provides a selective overview of the history and historiography of anthropology in the 19th and 20th centuries. The class moves chronologically and topically, paying particular attention to the social, institutional, and historical contexts of paradigmatic shifts, the interconnections between various national traditions, and the negotiations of the discipline's boundaries. 4 undergraduate hours. 4 graduate hours. Prerequisite: Graduate or senior standing in anthropology, or consent of instructor.","Prerequisite: Graduate or senior standing in anthropology, or consent of instructor.",,,,,,"[ANTH 430 The History of Anthropology credit: 4 Hours.](<https://courses.illinois.edu/schedule/terms/ANTH/430>)

Provides a selective overview of the history and historiography of anthropology in the 19th and 20th centuries. The class moves chronologically and topically, paying particular attention to the social, institutional, and historical contexts of paradigmatic shifts, the interconnections between various national traditions, and the negotiations of the discipline's boundaries. 4 undergraduate hours. 4 graduate hours. Prerequisite: Graduate or senior standing in anthropology, or consent of instructor.",https://catalog.illinois.edu/courses-of-instruction/anth/,2026–2027
ANTH 432,ANTH,432,Genes and Behavior,3 Hours,"Same as IB 432, NEUR 432, and PSYC 432. See IB 432.",,,,,,,"[ANTH 432 Genes and Behavior credit: 3 Hours.](<https://courses.illinois.edu/schedule/terms/ANTH/432>)

Same as [IB 432](<https://catalog.illinois.edu/search/?P=IB%20432>), [NEUR 432](<https://catalog.illinois.edu/search/?P=NEUR%20432>), and [PSYC 432](<https://catalog.illinois.edu/search/?P=PSYC%20432>). See [IB 432](<https://catalog.illinois.edu/search/?P=IB%20432>).",https://catalog.illinois.edu/courses-of-instruction/anth/,2026–2027
ANTH 433,ANTH,433,Communication and Culture,3 or 4 Hours,Same as CMN 433. See CMN 433.,,,,,,,"[ANTH 433 Communication and Culture credit: 3 or 4 Hours.](<https://courses.illinois.edu/schedule/terms/ANTH/433>)

Same as [CMN 433](<https://catalog.illinois.edu/search/?P=CMN%20433>). See [CMN 433](<https://catalog.illinois.edu/search/?P=CMN%20433>).",https://catalog.illinois.edu/courses-of-instruction/anth/,2026–2027
ANTH 435,ANTH,435,The Neandertal Debate,"3 or 4 Hours
3 undergraduate hours. 4 graduate hours.",A detailed investigation of the origin and biological adaptations of late archaic humans and the emergence of modern humans. Explores the practice and validity to using skeletal anatomy to interpret the behavior of past populations using evolutionary and comparative approaches. This course will interpret Neandertal biology and anatomy with particular emphasis on its relevance for theories about the origin and evolution of our species. 3 undergraduate hours. 4 graduate hours. Prerequisite: ANTH 240.,Prerequisite: ANTH 240.,,,,,,"[ANTH 435 The Neandertal Debate credit: 3 or 4 Hours.](<https://courses.illinois.edu/schedule/terms/ANTH/435>)

A detailed investigation of the origin and biological adaptations of late archaic humans and the emergence of modern humans. Explores the practice and validity to using skeletal anatomy to interpret the behavior of past populations using evolutionary and comparative approaches. This course will interpret Neandertal biology and anatomy with particular emphasis on its relevance for theories about the origin and evolution of our species. 3 undergraduate hours. 4 graduate hours. Prerequisite: [ANTH 240](<https://catalog.illinois.edu/search/?P=ANTH%20240>).",https://catalog.illinois.edu/courses-of-instruction/anth/,2026–2027
ANTH 436,ANTH,436,Biogeography,3 Hours,"Same as ESE 439, GGIS 436, IB 439 and NRES 441. See IB 439.",,,,,,,"[ANTH 436 Biogeography credit: 3 Hours.](<https://courses.illinois.edu/schedule/terms/ANTH/436>)

Same as [ESE 439](<https://catalog.illinois.edu/search/?P=ESE%20439>), [GGIS 436](<https://catalog.illinois.edu/search/?P=GGIS%20436>), [IB 439](<https://catalog.illinois.edu/search/?P=IB%20439>) and [NRES 441](<https://catalog.illinois.edu/search/?P=NRES%20441>). See [IB 439](<https://catalog.illinois.edu/search/?P=IB%20439>).",https://catalog.illinois.edu/courses-of-instruction/anth/,2026–2027
ANTH 437,ANTH,437,Primate Behav Endocrinology,"3 or 4 Hours
3 undergraduate hours. 4 graduate hours.","Introduction to behavioral endocrinology, focusing on primate, especially human behaviors. Examines the relationship between hormones and behavior using an evolutionary and comparative approach, considering both how hormones influences behavior and how behavioral interactions regulate endocrine physiology. The course covers basic endocrine system physiology and function, hormonal influences on primate social behaviors such as male and female reproductive behaviors, courtship, parental care, bonding and attachment, as well as aggression and territoriality. Other topics include stress, hormones, and health. 3 undergraduate hours. 4 graduate hours. Prerequisite: IB 150 and ANTH 143; or an equivalent course in behavioral ecology, primate behavior, physiology or psychology; or consent of instructor.","Prerequisite: IB 150 and ANTH 143; or an equivalent course in behavioral ecology, primate behavior, physiology or psychology; or consent of instructor.",,,,,,"[ANTH 437 Primate Behav Endocrinology credit: 3 or 4 Hours.](<https://courses.illinois.edu/schedule/terms/ANTH/437>)

Introduction to behavioral endocrinology, focusing on primate, especially human behaviors. Examines the relationship between hormones and behavior using an evolutionary and comparative approach, considering both how hormones influences behavior and how behavioral interactions regulate endocrine physiology. The course covers basic endocrine system physiology and function, hormonal influences on primate social behaviors such as male and female reproductive behaviors, courtship, parental care, bonding and attachment, as well as aggression and territoriality. Other topics include stress, hormones, and health. 3 undergraduate hours. 4 graduate hours. Prerequisite: [IB 150](<https://catalog.illinois.edu/search/?P=IB%20150>) and [ANTH 143](<https://catalog.illinois.edu/search/?P=ANTH%20143>); or an equivalent course in behavioral ecology, primate behavior, physiology or psychology; or consent of instructor.",https://catalog.illinois.edu/courses-of-instruction/anth/,2026–2027
ANTH 438,ANTH,438,Primate Life History Evolution,"3 or 4 Hours
3 undergraduate hours. 4 graduate hours.","Life history seeks to explain why differences exist in the pathways that organisms follow from conception to death. Examination of the diversity in the evolution of primate (including human) life histories. 3 undergraduate hours. 4 graduate hours. Prerequisite: ANTH 102, ANTH 143, ANTH 240, ANTH 243 or equivalent.","Prerequisite: ANTH 102, ANTH 143, ANTH 240, ANTH 243 or equivalent.",,,,,,"[ANTH 438 Primate Life History Evolution credit: 3 or 4 Hours.](<https://courses.illinois.edu/schedule/terms/ANTH/438>)

Life history seeks to explain why differences exist in the pathways that organisms follow from conception to death. Examination of the diversity in the evolution of primate (including human) life histories. 3 undergraduate hours. 4 graduate hours. Prerequisite: [ANTH 102](<https://catalog.illinois.edu/search/?P=ANTH%20102>), [ANTH 143](<https://catalog.illinois.edu/search/?P=ANTH%20143>), [ANTH 240](<https://catalog.illinois.edu/search/?P=ANTH%20240>), [ANTH 243](<https://catalog.illinois.edu/search/?P=ANTH%20243>) or equivalent.",https://catalog.illinois.edu/courses-of-instruction/anth/,2026–2027
ANTH 440,ANTH,440,Human Paleontology,"3 or 4 Hours
3 undergraduate hours. 3 or 4 graduate hours.",Principles of evolution and a survey of human evolution from the early primates through the Pleistocene epoch; emphasis on evolutionary theory as applied to humans and interpretation of the fossil record. 3 undergraduate hours. 3 or 4 graduate hours. Prerequisite: ANTH 240 or consent of instructor.,Prerequisite: ANTH 240 or consent of instructor.,,,,,,"[ANTH 440 Human Paleontology credit: 3 or 4 Hours.](<https://courses.illinois.edu/schedule/terms/ANTH/440>)

Principles of evolution and a survey of human evolution from the early primates through the Pleistocene epoch; emphasis on evolutionary theory as applied to humans and interpretation of the fossil record. 3 undergraduate hours. 3 or 4 graduate hours. Prerequisite: [ANTH 240](<https://catalog.illinois.edu/search/?P=ANTH%20240>) or consent of instructor.",https://catalog.illinois.edu/courses-of-instruction/anth/,2026–2027
ANTH 441,ANTH,441,Human Genetics,"3 or 4 Hours
3 undergraduate hours. 3 or 4 graduate hours.",Principles of human genetics; anthropological aspects of race and race formation; and hereditary and environmental factors in the biological variation of modern humans. Same as ANSC 441. 3 undergraduate hours. 3 or 4 graduate hours. Prerequisite: ANTH 102 or equivalent.,Prerequisite: ANTH 102 or equivalent.,,,,,,"[ANTH 441 Human Genetics credit: 3 or 4 Hours.](<https://courses.illinois.edu/schedule/terms/ANTH/441>)

Principles of human genetics; anthropological aspects of race and race formation; and hereditary and environmental factors in the biological variation of modern humans. Same as [ANSC 441](<https://catalog.illinois.edu/search/?P=ANSC%20441>). 3 undergraduate hours. 3 or 4 graduate hours. Prerequisite: [ANTH 102](<https://catalog.illinois.edu/search/?P=ANTH%20102>) or equivalent.",https://catalog.illinois.edu/courses-of-instruction/anth/,2026–2027
ANTH 442,ANTH,442,Archaeology of Time,"3 or 4 Hours
3 undergraduate hours. 4 graduate hours.","In this class we examine concepts, methods, and techniques in study of archaeological temporalities and chronology building. Using case studies and examples from around the world, we examine some of the chief foci of the current literature, which includes time perspectivism, unit issues, radiocarbon dating, tree ring analysis, Bayesian statistics, geochronology, and seriation. Students gain an in depth understanding of issues and core concepts and a focused understanding of Bayesian analysis of radiocarbon dates. 3 undergraduate hours. 4 graduate hours. Prerequisite: ANTH 220.",Prerequisite: ANTH 220.,,,,,,"[ANTH 442 Archaeology of Time credit: 3 or 4 Hours.](<https://courses.illinois.edu/schedule/terms/ANTH/442>)

In this class we examine concepts, methods, and techniques in study of archaeological temporalities and chronology building. Using case studies and examples from around the world, we examine some of the chief foci of the current literature, which includes time perspectivism, unit issues, radiocarbon dating, tree ring analysis, Bayesian statistics, geochronology, and seriation. Students gain an in depth understanding of issues and core concepts and a focused understanding of Bayesian analysis of radiocarbon dates. 3 undergraduate hours. 4 graduate hours. Prerequisite: [ANTH 220](<https://catalog.illinois.edu/search/?P=ANTH%20220>).",https://catalog.illinois.edu/courses-of-instruction/anth/,2026–2027
ANTH 443,ANTH,443,Primate Form and Behavior,"3 or 4 Hours
3 undergraduate hours. 3 or 4 graduate hours.","Survey of primate social behavior and the classification, morphology, and distribution of living and extinct species; emphasis on interrelationships among behavior, biology, and ecology. 3 undergraduate hours. 3 or 4 graduate hours. Prerequisite: ANTH 240 or consent of instructor.",Prerequisite: ANTH 240 or consent of instructor.,,,,,,"[ANTH 443 Primate Form and Behavior credit: 3 or 4 Hours.](<https://courses.illinois.edu/schedule/terms/ANTH/443>)

Survey of primate social behavior and the classification, morphology, and distribution of living and extinct species; emphasis on interrelationships among behavior, biology, and ecology. 3 undergraduate hours. 3 or 4 graduate hours. Prerequisite: [ANTH 240](<https://catalog.illinois.edu/search/?P=ANTH%20240>) or consent of instructor.",https://catalog.illinois.edu/courses-of-instruction/anth/,2026–2027
ANTH 444,ANTH,444,Methods in Bioanthropology,"3 or 4 Hours
3 undergraduate hours. 4 graduate hours.","Supervised participation in biological anthropology research projects; techniques, methods, and procedures discussed and practiced under actual field or laboratory working conditions. Normally taken concurrently with ANTH 445. 3 undergraduate hours. 4 graduate hours. May be repeated if topics vary. Usually offered in the summer session only. Prerequisite: ANTH 240 or equivalent; consent of instructor.",Prerequisite: ANTH 240 or equivalent; consent of instructor.,,,,,,"[ANTH 444 Methods in Bioanthropology credit: 3 or 4 Hours.](<https://courses.illinois.edu/schedule/terms/ANTH/444>)

Supervised participation in biological anthropology research projects; techniques, methods, and procedures discussed and practiced under actual field or laboratory working conditions. Normally taken concurrently with [ANTH 445](<https://catalog.illinois.edu/search/?P=ANTH%20445>). 3 undergraduate hours. 4 graduate hours. May be repeated if topics vary. Usually offered in the summer session only. Prerequisite: [ANTH 240](<https://catalog.illinois.edu/search/?P=ANTH%20240>) or equivalent; consent of instructor.",https://catalog.illinois.edu/courses-of-instruction/anth/,2026–2027
ANTH 445,ANTH,445,Research in Bioanthropology,"3 or 4 Hours
3 undergraduate hours. 4 graduate hours.","Analysis, interpretation, evaluation, and organization of field and laboratory data in biological anthropology; preparation of written reports on research. May be taken concurrently with ANTH 444 or subsequently. 3 undergraduate hours. 4 graduate hours. May be repeated if topics vary. Usually offered in the summer session only. Prerequisite: ANTH 240 or equivalent; consent of instructor.",Prerequisite: ANTH 240 or equivalent; consent of instructor.,,,,,,"[ANTH 445 Research in Bioanthropology credit: 3 or 4 Hours.](<https://courses.illinois.edu/schedule/terms/ANTH/445>)

Analysis, interpretation, evaluation, and organization of field and laboratory data in biological anthropology; preparation of written reports on research. May be taken concurrently with [ANTH 444](<https://catalog.illinois.edu/search/?P=ANTH%20444>) or subsequently. 3 undergraduate hours. 4 graduate hours. May be repeated if topics vary. Usually offered in the summer session only. Prerequisite: [ANTH 240](<https://catalog.illinois.edu/search/?P=ANTH%20240>) or equivalent; consent of instructor.",https://catalog.illinois.edu/courses-of-instruction/anth/,2026–2027
ANTH 447,ANTH,447,Advanced Skeletal Biology,"3 Hours
3 undergraduate hours. 3 graduate hours.","Human skeletal and dental remains form the basis for research in both bioarchaeology and forensic anthropology. We will examine the bases for making inferences about individual skeletons and past populations, with particular emphasis placed on paleodemography, reconstruction of diet, paleopathology, and biological distance analysis. 3 undergraduate hours. 3 graduate hours. Prerequisite: ANTH 347.",Prerequisite: ANTH 347.,,,,,,"[ANTH 447 Advanced Skeletal Biology credit: 3 Hours.](<https://courses.illinois.edu/schedule/terms/ANTH/447>)

Human skeletal and dental remains form the basis for research in both bioarchaeology and forensic anthropology. We will examine the bases for making inferences about individual skeletons and past populations, with particular emphasis placed on paleodemography, reconstruction of diet, paleopathology, and biological distance analysis. 3 undergraduate hours. 3 graduate hours. Prerequisite: [ANTH 347](<https://catalog.illinois.edu/search/?P=ANTH%20347>).",https://catalog.illinois.edu/courses-of-instruction/anth/,2026–2027
ANTH 448,ANTH,448,The Prehistory of Africa,"3 or 4 Hours
3 undergraduate hours. 3 or 4 graduate hours.",The study of cultural development in Africa from the appearance of hominids to the time of European domination. 3 undergraduate hours. 3 or 4 graduate hours. Prerequisite: ANTH 220 or consent of instructor.,Prerequisite: ANTH 220 or consent of instructor.,,,,,,"[ANTH 448 The Prehistory of Africa credit: 3 or 4 Hours.](<https://courses.illinois.edu/schedule/terms/ANTH/448>)

The study of cultural development in Africa from the appearance of hominids to the time of European domination. 3 undergraduate hours. 3 or 4 graduate hours. Prerequisite: [ANTH 220](<https://catalog.illinois.edu/search/?P=ANTH%20220>) or consent of instructor.",https://catalog.illinois.edu/courses-of-instruction/anth/,2026–2027
ANTH 449,ANTH,449,North American Archeology,"3 or 4 Hours
3 undergraduate hours. 3 or 4 graduate hours.","Methods, techniques, and results of archaeology in North America; focuses on divergent approaches to the regional archaeology of North America; and surveys and synthesizes the archaeology of the subcontinent. 3 undergraduate hours. 3 or 4 graduate hours. Prerequisite: ANTH 220 or consent of instructor.",Prerequisite: ANTH 220 or consent of instructor.,,,,,,"[ANTH 449 North American Archeology credit: 3 or 4 Hours.](<https://courses.illinois.edu/schedule/terms/ANTH/449>)

Methods, techniques, and results of archaeology in North America; focuses on divergent approaches to the regional archaeology of North America; and surveys and synthesizes the archaeology of the subcontinent. 3 undergraduate hours. 3 or 4 graduate hours. Prerequisite: [ANTH 220](<https://catalog.illinois.edu/search/?P=ANTH%20220>) or consent of instructor.",https://catalog.illinois.edu/courses-of-instruction/anth/,2026–2027
ANTH 450,ANTH,450,Zooarchaeology,"3 or 4 Hours
3 undergraduate hours. 4 graduate hours.","Zooarchaeology is the study of the many ways that animals fit into past human societies—including diet, economy, and ideology—through the analysis of animal remains (bones, teeth, and shell) recovered from archaeological sites. Given the broad range of ways that animals were involved in past human life, and the ubiquity of faunal remains in the archaeological record, faunal analysis is a method suitable for addressing many kinds of archaeological and anthropological research questions. This course will provide students with a practical working knowledge of basic laboratory identification and quantification techniques, and provide a framework for the interpretation of archaeological faunal assemblages. 3 undergraduate hours. 4 graduate hours. Prerequisite: ANTH 220 or graduate standing in Anthropology.",Prerequisite: ANTH 220 or graduate standing in Anthropology.,,,,,,"[ANTH 450 Zooarchaeology credit: 3 or 4 Hours.](<https://courses.illinois.edu/schedule/terms/ANTH/450>)

Zooarchaeology is the study of the many ways that animals fit into past human societies—including diet, economy, and ideology—through the analysis of animal remains (bones, teeth, and shell) recovered from archaeological sites. Given the broad range of ways that animals were involved in past human life, and the ubiquity of faunal remains in the archaeological record, faunal analysis is a method suitable for addressing many kinds of archaeological and anthropological research questions. This course will provide students with a practical working knowledge of basic laboratory identification and quantification techniques, and provide a framework for the interpretation of archaeological faunal assemblages. 3 undergraduate hours. 4 graduate hours. Prerequisite: [ANTH 220](<https://catalog.illinois.edu/search/?P=ANTH%20220>) or graduate standing in Anthropology.",https://catalog.illinois.edu/courses-of-instruction/anth/,2026–2027
ANTH 451,ANTH,451,Archaeological Surveying,"3 or 4 Hours
3 undergraduate hours. 4 graduate hours.","Familiarization with methods used in the location and recording of archaeological sites, including techniques of mapping especially adapted to the needs of archaeology; attention given to means of presenting results and interpreting data derived from this work; and work both in the field and in the laboratory. 3 undergraduate hours. 4 graduate hours. Prerequisite: ANTH 220 or consent of instructor.",Prerequisite: ANTH 220 or consent of instructor.,,,,,,"[ANTH 451 Archaeological Surveying credit: 3 or 4 Hours.](<https://courses.illinois.edu/schedule/terms/ANTH/451>)

Familiarization with methods used in the location and recording of archaeological sites, including techniques of mapping especially adapted to the needs of archaeology; attention given to means of presenting results and interpreting data derived from this work; and work both in the field and in the laboratory. 3 undergraduate hours. 4 graduate hours. Prerequisite: [ANTH 220](<https://catalog.illinois.edu/search/?P=ANTH%20220>) or consent of instructor.",https://catalog.illinois.edu/courses-of-instruction/anth/,2026–2027
ANTH 452,ANTH,452,Stone Tool Technology Analysis,"3 or 4 Hours
3 undergraduate hours. 3 or 4 graduate hours.","Lecture and laboratory on the principles and techniques of stone and bone artifact manufacture, identification, classification, metrical analysis, interpretation, and integration with other classes of archaeological evidence. Emphasis on the use of lithics to test human behavioral models. 3 undergraduate hours. 3 or 4 graduate hours. Prerequisite: ANTH 220.",Prerequisite: ANTH 220.,,,,,,"[ANTH 452 Stone Tool Technology Analysis credit: 3 or 4 Hours.](<https://courses.illinois.edu/schedule/terms/ANTH/452>)

Lecture and laboratory on the principles and techniques of stone and bone artifact manufacture, identification, classification, metrical analysis, interpretation, and integration with other classes of archaeological evidence. Emphasis on the use of lithics to test human behavioral models. 3 undergraduate hours. 3 or 4 graduate hours. Prerequisite: [ANTH 220](<https://catalog.illinois.edu/search/?P=ANTH%20220>).",https://catalog.illinois.edu/courses-of-instruction/anth/,2026–2027
ANTH 453,ANTH,453,Landscape Archaeology,"3 or 4 Hours
3 undergraduate hours. 4 graduate hours.","The use of archaeological, documentary, and oral history evidence to study and interpret the ways past peoples shaped their landscapes through the deployment of cultural and social practices, and the ways, in turn, that such people were influenced, motivated, or constrained by their natural surroundings. Same as LA 454. 3 undergraduate hours. 4 graduate hours. Prerequisite: Introductory archaeology course, such as ANTH 220, or introductory landscape architecture course, or equivalent with instructor's permission.","Prerequisite: Introductory archaeology course, such as ANTH 220, or introductory landscape architecture course, or equivalent with instructor's permission.",,,,,,"[ANTH 453 Landscape Archaeology credit: 3 or 4 Hours.](<https://courses.illinois.edu/schedule/terms/ANTH/453>)

The use of archaeological, documentary, and oral history evidence to study and interpret the ways past peoples shaped their landscapes through the deployment of cultural and social practices, and the ways, in turn, that such people were influenced, motivated, or constrained by their natural surroundings. Same as [LA 454](<https://catalog.illinois.edu/search/?P=LA%20454>). 3 undergraduate hours. 4 graduate hours. Prerequisite: Introductory archaeology course, such as [ANTH 220](<https://catalog.illinois.edu/search/?P=ANTH%20220>), or introductory landscape architecture course, or equivalent with instructor's permission.",https://catalog.illinois.edu/courses-of-instruction/anth/,2026–2027
ANTH 454,ANTH,454,Archaeological Field School,"3 or 4 Hours
3 undergraduate hours. 4 graduate hours.","Participation in archaeological excavations; techniques, methods, and procedures discussed and practiced under actual working conditions. Normally taken concurrently with ANTH 455. Additional fees may apply. See Class Schedule. 3 undergraduate hours. 4 graduate hours. May be repeated in separate terms if topics vary. Prerequisite: Consent of instructor.",Prerequisite: Consent of instructor.,,,,,,"[ANTH 454 Archaeological Field School credit: 3 or 4 Hours.](<https://courses.illinois.edu/schedule/terms/ANTH/454>)

Participation in archaeological excavations; techniques, methods, and procedures discussed and practiced under actual working conditions. Normally taken concurrently with [ANTH 455](<https://catalog.illinois.edu/search/?P=ANTH%20455>). Additional fees may apply. See Class Schedule. 3 undergraduate hours. 4 graduate hours. May be repeated in separate terms if topics vary. Prerequisite: Consent of instructor.",https://catalog.illinois.edu/courses-of-instruction/anth/,2026–2027
ANTH 455,ANTH,455,Lab Analysis in Archaeology,"3 or 4 Hours
3 undergraduate hours. 4 graduate hours.","Laboratory work including processing, classifying, dating, interpretation, evaluation, and preparation of written reports of archaeological research. May be taken concurrently with ANTH 454 or subsequently. 3 undergraduate hours. 4 graduate hours. May be repeated in separate semesters, if topics vary. Prerequisite: ANTH 102 or consent of instructor.",Prerequisite: ANTH 102 or consent of instructor.,,,,,,"[ANTH 455 Lab Analysis in Archaeology credit: 3 or 4 Hours.](<https://courses.illinois.edu/schedule/terms/ANTH/455>)

Laboratory work including processing, classifying, dating, interpretation, evaluation, and preparation of written reports of archaeological research. May be taken concurrently with [ANTH 454](<https://catalog.illinois.edu/search/?P=ANTH%20454>) or subsequently. 3 undergraduate hours. 4 graduate hours. May be repeated in separate semesters, if topics vary. Prerequisite: [ANTH 102](<https://catalog.illinois.edu/search/?P=ANTH%20102>) or consent of instructor.",https://catalog.illinois.edu/courses-of-instruction/anth/,2026–2027
ANTH 456,ANTH,456,Contemporary Archaeology,"3 or 4 Hours
3 undergraduate hours. 4 graduate hours.","Considers recent work in the emergent field of Contemporary Archaeology. Archaeological approaches can make visible the human-scale ramifications of contemporary problems like forced migration, homelessness, inequality, waste, and ruination. Focusing on the present, however, also introduces new methodological and theoretical challenges. Researchers must navigate global connectivities, ephemeral contexts, a diversity of data, and involvements with at-risk communities. The nature of this work raises questions about heterotemporality, researcher positionality, and opportunities for political action. 3 undergraduate hours. 4 graduate hours.",,,,,,,"[ANTH 456 Contemporary Archaeology credit: 3 or 4 Hours.](<https://courses.illinois.edu/schedule/terms/ANTH/456>)

Considers recent work in the emergent field of Contemporary Archaeology. Archaeological approaches can make visible the human-scale ramifications of contemporary problems like forced migration, homelessness, inequality, waste, and ruination. Focusing on the present, however, also introduces new methodological and theoretical challenges. Researchers must navigate global connectivities, ephemeral contexts, a diversity of data, and involvements with at-risk communities. The nature of this work raises questions about heterotemporality, researcher positionality, and opportunities for political action. 3 undergraduate hours. 4 graduate hours.",https://catalog.illinois.edu/courses-of-instruction/anth/,2026–2027
ANTH 459,ANTH,459,The Ancient Maya,"3 Hours
3 undergraduate hours. 3 graduate hours.","Introduces the ancestral Maya of the southern lowlands in Central America and focuses on the rise and fall of kings (c. 100 BCE-900 CE), water management, religion, sustainable practices, ritual and politics, impacts of the colonial period, and the Maya today. Excavation, iconography, inscriptions and ethnographic data are used to reveal past life ways as well as how past lessons are relevant today. 3 undergraduate hours. 3 graduate hours.",,,,,,,"[ANTH 459 The Ancient Maya credit: 3 Hours.](<https://courses.illinois.edu/schedule/terms/ANTH/459>)

Introduces the ancestral Maya of the southern lowlands in Central America and focuses on the rise and fall of kings (c. 100 BCE-900 CE), water management, religion, sustainable practices, ritual and politics, impacts of the colonial period, and the Maya today. Excavation, iconography, inscriptions and ethnographic data are used to reveal past life ways as well as how past lessons are relevant today. 3 undergraduate hours. 3 graduate hours.",https://catalog.illinois.edu/courses-of-instruction/anth/,2026–2027
ANTH 460,ANTH,460,Heritage Management,"3 or 4 Hours
3 undergraduate hours. 4 graduate hours.","Detailed examination of the theoretical and practical issues of archaeological heritage management. Focusing on the legal, environmental, ethical, social, political, educational, and touristic aspects of the management of ancient sites for their continued sustainability. Same as LA 460 and RST 459. 3 undergraduate hours. 4 graduate hours. Prerequisite: ANTH 220 and at least one ANTH 300- or 400-level archaeological area course.",Prerequisite: ANTH 220 and at least one ANTH 300- or 400-level archaeological area course.,,,,,,"[ANTH 460 Heritage Management credit: 3 or 4 Hours.](<https://courses.illinois.edu/schedule/terms/ANTH/460>)

Detailed examination of the theoretical and practical issues of archaeological heritage management. Focusing on the legal, environmental, ethical, social, political, educational, and touristic aspects of the management of ancient sites for their continued sustainability. Same as [LA 460](<https://catalog.illinois.edu/search/?P=LA%20460>) and [RST 459](<https://catalog.illinois.edu/search/?P=RST%20459>). 3 undergraduate hours. 4 graduate hours. Prerequisite: [ANTH 220](<https://catalog.illinois.edu/search/?P=ANTH%20220>) and at least one ANTH 300- or 400-level archaeological area course.",https://catalog.illinois.edu/courses-of-instruction/anth/,2026–2027
ANTH 461,ANTH,461,Hist of Archaeological Theory,"3 or 4 Hours
3 undergraduate hours. 4 graduate hours.",Examines the prominent theories in archaeology from its inception to the present day and does so within the context of general developments in anthropological thought. Provides a foundation for graduate students and a capstone for major emphasizing archaeology. 3 undergraduate hours. 4 graduate hours. Prerequisite: For undergraduates: ANTH 220; anthropology major with focus on archaeology; senior standing or consent of the instructor. For graduate students: enrollment in ANTH 430 during the same term advised.,Prerequisite: For undergraduates: ANTH 220; anthropology major with focus on archaeology; senior standing or consent of the instructor.,,,,,,"[ANTH 461 Hist of Archaeological Theory credit: 3 or 4 Hours.](<https://courses.illinois.edu/schedule/terms/ANTH/461>)

Examines the prominent theories in archaeology from its inception to the present day and does so within the context of general developments in anthropological thought. Provides a foundation for graduate students and a capstone for major emphasizing archaeology. 3 undergraduate hours. 4 graduate hours. Prerequisite: For undergraduates: [ANTH 220](<https://catalog.illinois.edu/search/?P=ANTH%20220>); anthropology major with focus on archaeology; senior standing or consent of the instructor. For graduate students: enrollment in [ANTH 430](<https://catalog.illinois.edu/search/?P=ANTH%20430>) during the same term advised.",https://catalog.illinois.edu/courses-of-instruction/anth/,2026–2027
ANTH 462,ANTH,462,Museum Theory and Practice,"3 or 4 Hours
3 undergraduate hours. 4 graduate hours.",A foundational introduction to museology consisting of a critical examination of the history and social life of museums and how museums have been studied by scholars in a range of academic disciplines. Includes visits to campus and local museums. Same as ARTH 462 and LA 472. 3 undergraduate hours. 4 graduate hours.,,,,,,,"[ANTH 462 Museum Theory and Practice credit: 3 or 4 Hours.](<https://courses.illinois.edu/schedule/terms/ANTH/462>)

A foundational introduction to museology consisting of a critical examination of the history and social life of museums and how museums have been studied by scholars in a range of academic disciplines. Includes visits to campus and local museums. Same as [ARTH 462](<https://catalog.illinois.edu/search/?P=ARTH%20462>) and [LA 472](<https://catalog.illinois.edu/search/?P=LA%20472>). 3 undergraduate hours. 4 graduate hours.",https://catalog.illinois.edu/courses-of-instruction/anth/,2026–2027
ANTH 463,ANTH,463,Religion and Society,"4 Hours
4 undergraduate hours. 4 graduate hours.","Course focuses on theoretical issues raised by religion. Does religion address itself essentially to intellectual, emotional or pragmatic issues? Is religion created by rulers, clerics or worshippers? How does the individual experience religion, and (how) can s/he reshape it? In exploring these and related issues, we will read the writings of German, French, and British social scientists of the past 150 years as well as work by contemporary anthropologists. Theoretical perspectives covered include symbolic, processual, materialist, structural-functionalist, structuralist, and postmodernist approaches. Same as REL 463. 4 undergraduate hours. 4 graduate hours. Prerequisite: A 200-level course in cultural anthropology or consent of instructor; or graduate standing.",Prerequisite: A 200-level course in cultural anthropology or consent of instructor; or graduate standing.,,,,,,"[ANTH 463 Religion and Society credit: 4 Hours.](<https://courses.illinois.edu/schedule/terms/ANTH/463>)

Course focuses on theoretical issues raised by religion. Does religion address itself essentially to intellectual, emotional or pragmatic issues? Is religion created by rulers, clerics or worshippers? How does the individual experience religion, and (how) can s/he reshape it? In exploring these and related issues, we will read the writings of German, French, and British social scientists of the past 150 years as well as work by contemporary anthropologists. Theoretical perspectives covered include symbolic, processual, materialist, structural-functionalist, structuralist, and postmodernist approaches. Same as [REL 463](<https://catalog.illinois.edu/search/?P=REL%20463>). 4 undergraduate hours. 4 graduate hours. Prerequisite: A 200-level course in cultural anthropology or consent of instructor; or graduate standing.",https://catalog.illinois.edu/courses-of-instruction/anth/,2026–2027
ANTH 464,ANTH,464,Theories & Theologies of Liberation,3 or 4 Hours,"Same as AAS 464, GWS 464, and REL 464. See GWS 464.",,,,,,,"[ANTH 464 Theories & Theologies of Liberation credit: 3 or 4 Hours.](<https://courses.illinois.edu/schedule/terms/ANTH/464>)

Same as [AAS 464](<https://catalog.illinois.edu/search/?P=AAS%20464>), [GWS 464](<https://catalog.illinois.edu/search/?P=GWS%20464>), and [REL 464](<https://catalog.illinois.edu/search/?P=REL%20464>). See [GWS 464](<https://catalog.illinois.edu/search/?P=GWS%20464>).",https://catalog.illinois.edu/courses-of-instruction/anth/,2026–2027
ANTH 466,ANTH,466,"Class, Culture and Society","4 Hours
4 undergraduate hours. 4 graduate hours.",Social hierarchies in a variety of cultural contexts; industrial societies and the process of industrialization; looks at other social forms for the purposes of comparison. A variety of social theories will be discussed and compared through ethnographic studies. 4 undergraduate hours. 4 graduate hours. Prerequisite: ANTH 103 and ANTH 230 or graduate standing.,Prerequisite: ANTH 103 and ANTH 230 or graduate standing.,,,,,,"[ANTH 466 Class, Culture and Society credit: 4 Hours.](<https://courses.illinois.edu/schedule/terms/ANTH/466>)

Social hierarchies in a variety of cultural contexts; industrial societies and the process of industrialization; looks at other social forms for the purposes of comparison. A variety of social theories will be discussed and compared through ethnographic studies. 4 undergraduate hours. 4 graduate hours. Prerequisite: [ANTH 103](<https://catalog.illinois.edu/search/?P=ANTH%20103>) and [ANTH 230](<https://catalog.illinois.edu/search/?P=ANTH%20230>) or graduate standing.",https://catalog.illinois.edu/courses-of-instruction/anth/,2026–2027
ANTH 467,ANTH,467,Cultures of Africa,"3 or 4 Hours
3 undergraduate hours. 3 or 4 graduate hours.","Culture and social organization in traditional African societies with emphasis on the politics, kinship, and religion of a small sample of societies illustrating the main cultural variations found in sub-Saharan Africa; some discussion of ecological factors and ethnic group relations in precolonial times. 3 undergraduate hours. 3 or 4 graduate hours. Prerequisite: ANTH 230 or consent of instructor.",Prerequisite: ANTH 230 or consent of instructor.,,,,,,"[ANTH 467 Cultures of Africa credit: 3 or 4 Hours.](<https://courses.illinois.edu/schedule/terms/ANTH/467>)

Culture and social organization in traditional African societies with emphasis on the politics, kinship, and religion of a small sample of societies illustrating the main cultural variations found in sub-Saharan Africa; some discussion of ecological factors and ethnic group relations in precolonial times. 3 undergraduate hours. 3 or 4 graduate hours. Prerequisite: [ANTH 230](<https://catalog.illinois.edu/search/?P=ANTH%20230>) or consent of instructor.",https://catalog.illinois.edu/courses-of-instruction/anth/,2026–2027
ANTH 468,ANTH,468,Primate Microbial Seminar,"3 or 4 Hours
3 undergraduate hours. 4 graduate hours.","This bioanthropology research seminar is focused on interdisciplinary projects for undergraduate and graduate students. Students will create individualized projects related to biological anthropology, primatology, ecology, microbe-host interactions, evolution, endocrinology, ontogeny or closely-related areas. Additional emphasis will be placed on developing presentation skills and scientific paper writing. 3 undergraduate hours. 4 graduate hours. May be repeated in separate terms. Prerequisite: ANTH 240, ANTH 243 or ANTH 443 strongly recommended; permission of instructor.","Prerequisite: ANTH 240, ANTH 243 or ANTH 443 strongly recommended; permission of instructor.",,,,,,"[ANTH 468 Primate Microbial Seminar credit: 3 or 4 Hours.](<https://courses.illinois.edu/schedule/terms/ANTH/468>)

This bioanthropology research seminar is focused on interdisciplinary projects for undergraduate and graduate students. Students will create individualized projects related to biological anthropology, primatology, ecology, microbe-host interactions, evolution, endocrinology, ontogeny or closely-related areas. Additional emphasis will be placed on developing presentation skills and scientific paper writing. 3 undergraduate hours. 4 graduate hours. May be repeated in separate terms. Prerequisite: [ANTH 240](<https://catalog.illinois.edu/search/?P=ANTH%20240>), [ANTH 243](<https://catalog.illinois.edu/search/?P=ANTH%20243>) or [ANTH 443](<https://catalog.illinois.edu/search/?P=ANTH%20443>) strongly recommended; permission of instructor.",https://catalog.illinois.edu/courses-of-instruction/anth/,2026–2027
ANTH 470,ANTH,470,Anthropology of Modern China,3 or 4 Hours,Same as EALC 470. See EALC 470.,,,,,,,"[ANTH 470 Anthropology of Modern China credit: 3 or 4 Hours.](<https://courses.illinois.edu/schedule/terms/ANTH/470>)

Same as [EALC 470](<https://catalog.illinois.edu/search/?P=EALC%20470>). See [EALC 470](<https://catalog.illinois.edu/search/?P=EALC%20470>).",https://catalog.illinois.edu/courses-of-instruction/anth/,2026–2027
ANTH 471,ANTH,471,Ethnography through Language,"3 or 4 Hours
3 undergraduate hours. 4 graduate hours.","Overview of theoretical perspectives and methodologies in linguistic anthropology, including sociolinguistics, ethnography of communication, performance and poetics, discursive practices, and structural analyses. 3 undergraduate hours. 4 graduate hours. Prerequisite: ANTH 230 or ANTH 270 and preferably both.",Prerequisite: ANTH 230 or ANTH 270 and preferably both.,,,,,,"[ANTH 471 Ethnography through Language credit: 3 or 4 Hours.](<https://courses.illinois.edu/schedule/terms/ANTH/471>)

Overview of theoretical perspectives and methodologies in linguistic anthropology, including sociolinguistics, ethnography of communication, performance and poetics, discursive practices, and structural analyses. 3 undergraduate hours. 4 graduate hours. Prerequisite: [ANTH 230](<https://catalog.illinois.edu/search/?P=ANTH%20230>) or [ANTH 270](<https://catalog.illinois.edu/search/?P=ANTH%20270>) and preferably both.",https://catalog.illinois.edu/courses-of-instruction/anth/,2026–2027
ANTH 472,ANTH,472,"Border Latina, Latino Cultures","3 or 4 Hours
3 undergraduate hours. 4 graduate hours.","Explores and examines the production of U. S. Latina/Latino identities as instances of international, cultural, historical, and social border crossings. In both regional and global contexts, we will analyze the ways in which Mexican American, Cuban American and Puerto Rican identities have been shaped by colonial relations vis-a-vis Spain and by postcolonial conditions vis-a-vis the United States. Same as LLS 472. 3 undergraduate hours. 4 graduate hours. Prerequisite: ANTH 103 OR ANTH 230, and ANTH 259.","Prerequisite: ANTH 103 OR ANTH 230, and ANTH 259.",,,,,,"[ANTH 472 Border Latina, Latino Cultures credit: 3 or 4 Hours.](<https://courses.illinois.edu/schedule/terms/ANTH/472>)

Explores and examines the production of U. S. Latina/Latino identities as instances of international, cultural, historical, and social border crossings. In both regional and global contexts, we will analyze the ways in which Mexican American, Cuban American and Puerto Rican identities have been shaped by colonial relations vis-a-vis Spain and by postcolonial conditions vis-a-vis the United States. Same as [LLS 472](<https://catalog.illinois.edu/search/?P=LLS%20472>). 3 undergraduate hours. 4 graduate hours. Prerequisite: [ANTH 103](<https://catalog.illinois.edu/search/?P=ANTH%20103>) OR [ANTH 230](<https://catalog.illinois.edu/search/?P=ANTH%20230>), and [ANTH 259](<https://catalog.illinois.edu/search/?P=ANTH%20259>).",https://catalog.illinois.edu/courses-of-instruction/anth/,2026–2027
ANTH 477,ANTH,477,Pottery Analysis,"3 or 4 Hours
3 undergraduate hours. 4 graduate hours.","Introduction to the theories and techniques of pottery analysis for archaeologists. In addition to presentation and discussion of the major literature, there is hands-on practice making, drawing, breaking and analyzing pottery. 3 undergraduate hours. 4 graduate hours. Prerequisite: ANTH 220 or consent of instructor.",Prerequisite: ANTH 220 or consent of instructor.,,,,,,"[ANTH 477 Pottery Analysis credit: 3 or 4 Hours.](<https://courses.illinois.edu/schedule/terms/ANTH/477>)

Introduction to the theories and techniques of pottery analysis for archaeologists. In addition to presentation and discussion of the major literature, there is hands-on practice making, drawing, breaking and analyzing pottery. 3 undergraduate hours. 4 graduate hours. Prerequisite: [ANTH 220](<https://catalog.illinois.edu/search/?P=ANTH%20220>) or consent of instructor.",https://catalog.illinois.edu/courses-of-instruction/anth/,2026–2027
ANTH 479,ANTH,479,"Race, Medicine, and Society",3 or 4 Hours,Same as AAS 479 and LLS 479. See LLS 479.,,,,,,,"[ANTH 479 Race, Medicine, and Society credit: 3 or 4 Hours.](<https://courses.illinois.edu/schedule/terms/ANTH/479>)

Same as [AAS 479](<https://catalog.illinois.edu/search/?P=AAS%20479>) and [LLS 479](<https://catalog.illinois.edu/search/?P=LLS%20479>). See [LLS 479](<https://catalog.illinois.edu/search/?P=LLS%20479>).",https://catalog.illinois.edu/courses-of-instruction/anth/,2026–2027
ANTH 481,ANTH,481,Andean Ethnography,"3 or 4 Hours
3 undergraduate hours. 3 or 4 graduate hours.","Survey of Andean cultures at the time of the Spanish conquest, of their subsequent history, and of modern Indian culture in the Andean countries. 3 undergraduate hours. 3 or 4 graduate hours. Prerequisite: ANTH 182, ANTH 230 or consent of instructor.","Prerequisite: ANTH 182, ANTH 230 or consent of instructor.",,,,,,"[ANTH 481 Andean Ethnography credit: 3 or 4 Hours.](<https://courses.illinois.edu/schedule/terms/ANTH/481>)

Survey of Andean cultures at the time of the Spanish conquest, of their subsequent history, and of modern Indian culture in the Andean countries. 3 undergraduate hours. 3 or 4 graduate hours. Prerequisite: [ANTH 182](<https://catalog.illinois.edu/search/?P=ANTH%20182>), [ANTH 230](<https://catalog.illinois.edu/search/?P=ANTH%20230>) or consent of instructor.",https://catalog.illinois.edu/courses-of-instruction/anth/,2026–2027
ANTH 485,ANTH,485,Anthropology of Policing,"3 or 4 Hours
3 undergraduate hours. 4 graduate hours.","Introduction to the use of anthropological theories and methods in policing studies. Includes comparative historical survey of the diverse sources of power and authority which are bundled into the modern idea of ""police power,"" considers the range of authors contributing to contemporary debates about policing in anthropology, and supports students focusing on both theoretical and applied questions. 3 undergraduate hours. 4 graduate hours.",,,,,,,"[ANTH 485 Anthropology of Policing credit: 3 or 4 Hours.](<https://courses.illinois.edu/schedule/terms/ANTH/485>)

Introduction to the use of anthropological theories and methods in policing studies. Includes comparative historical survey of the diverse sources of power and authority which are bundled into the modern idea of ""police power,"" considers the range of authors contributing to contemporary debates about policing in anthropology, and supports students focusing on both theoretical and applied questions. 3 undergraduate hours. 4 graduate hours.",https://catalog.illinois.edu/courses-of-instruction/anth/,2026–2027
ANTH 488,ANTH,488,Modern Europe,4 Hours,"The anthropology of Europe sheds light on contemporary social challenges including: political economy and neoliberalism; immigration and citizenship; the politics of race and gender; human rights and law; and the future of democracy. Using ethnographic case studies, the course will interrogate modern Europe as an ideological, cultural, political, and economic project.",,,,,,,"[ANTH 488 Modern Europe credit: 4 Hours.](<https://courses.illinois.edu/schedule/terms/ANTH/488>)

The anthropology of Europe sheds light on contemporary social challenges including: political economy and neoliberalism; immigration and citizenship; the politics of race and gender; human rights and law; and the future of democracy. Using ethnographic case studies, the course will interrogate modern Europe as an ideological, cultural, political, and economic project.",https://catalog.illinois.edu/courses-of-instruction/anth/,2026–2027
ANTH 494,ANTH,494,Honors Senior Thesis I,"2 to 4 Hours
2 to 4 undergraduate hours. No graduate credit.",The first of a two-term individual study and research project for those students who are candidates for departmental distinction in anthropology. 2 to 4 undergraduate hours. No graduate credit. Prerequisite: Senior standing; 3.25 GPA in anthropology; and consent of instructor. May not be taken concurrently with ANTH 390.,Prerequisite: Senior standing; 3.25 GPA in anthropology; and consent of instructor.,No graduate credit.,,,,,"[ANTH 494 Honors Senior Thesis I credit: 2 to 4 Hours.](<https://courses.illinois.edu/schedule/terms/ANTH/494>)

The first of a two-term individual study and research project for those students who are candidates for departmental distinction in anthropology. 2 to 4 undergraduate hours. No graduate credit. Prerequisite: Senior standing; 3.25 GPA in anthropology; and consent of instructor. May not be taken concurrently with [ANTH 390](<https://catalog.illinois.edu/search/?P=ANTH%20390>).",https://catalog.illinois.edu/courses-of-instruction/anth/,2026–2027
ANTH 495,ANTH,495,Honors Senior Thesis II,"2 to 4 Hours
2 to 4 undergraduate hours. No graduate credit.",The second of a two-term individual study and research project for those students who are candidates for departmental distinction in anthropology. 2 to 4 undergraduate hours. No graduate credit. Prerequisite: Senior standing; 3.25 GPA in anthropology; and consent of instructor. May not be taken concurrently with ANTH 390.,Prerequisite: Senior standing; 3.25 GPA in anthropology; and consent of instructor.,No graduate credit.,,,,,"[ANTH 495 Honors Senior Thesis II credit: 2 to 4 Hours.](<https://courses.illinois.edu/schedule/terms/ANTH/495>)

The second of a two-term individual study and research project for those students who are candidates for departmental distinction in anthropology. 2 to 4 undergraduate hours. No graduate credit. Prerequisite: Senior standing; 3.25 GPA in anthropology; and consent of instructor. May not be taken concurrently with [ANTH 390](<https://catalog.illinois.edu/search/?P=ANTH%20390>).",https://catalog.illinois.edu/courses-of-instruction/anth/,2026–2027
ANTH 496,ANTH,496,Individual Field Research,"3 or 4 Hours
3 undergraduate hours. 4 graduate hours.","Supervised participation in field research in ethnography, ethnology, linguistics, or social anthropology; techniques, methods, and procedures discussed and practiced under actual working conditions. 3 undergraduate hours. 4 graduate hours. May be repeated if topics vary. Usually offered in the summer session only. Prerequisite: ANTH 230; some knowledge of the language of the area concerned; consent of instructor. Normally taken concurrently with ANTH 497.",Prerequisite: ANTH 230; some knowledge of the language of the area concerned; consent of instructor.,,,,,,"[ANTH 496 Individual Field Research credit: 3 or 4 Hours.](<https://courses.illinois.edu/schedule/terms/ANTH/496>)

Supervised participation in field research in ethnography, ethnology, linguistics, or social anthropology; techniques, methods, and procedures discussed and practiced under actual working conditions. 3 undergraduate hours. 4 graduate hours. May be repeated if topics vary. Usually offered in the summer session only. Prerequisite: [ANTH 230](<https://catalog.illinois.edu/search/?P=ANTH%20230>); some knowledge of the language of the area concerned; consent of instructor. Normally taken concurrently with [ANTH 497](<https://catalog.illinois.edu/search/?P=ANTH%20497>).",https://catalog.illinois.edu/courses-of-instruction/anth/,2026–2027
ANTH 497,ANTH,497,Individual Field Data Analysis,"3 or 4 Hours
3 undergraduate hours. 4 graduate hours.","Analysis, interpretation, evaluation, and organization of field data in cultural anthropology; preparation of written reports on research in ethnography, ethnology, linguistics, or social anthropology. May be taken concurrently with ANTH 496 or subsequently. 3 undergraduate hours. 4 graduate hours. May be repeated if topics vary. Prerequisite: ANTH 230; some knowledge of the language of the area concerned; consent of instructor.",Prerequisite: ANTH 230; some knowledge of the language of the area concerned; consent of instructor.,,,,,,"[ANTH 497 Individual Field Data Analysis credit: 3 or 4 Hours.](<https://courses.illinois.edu/schedule/terms/ANTH/497>)

Analysis, interpretation, evaluation, and organization of field data in cultural anthropology; preparation of written reports on research in ethnography, ethnology, linguistics, or social anthropology. May be taken concurrently with [ANTH 496](<https://catalog.illinois.edu/search/?P=ANTH%20496>) or subsequently. 3 undergraduate hours. 4 graduate hours. May be repeated if topics vary. Prerequisite: [ANTH 230](<https://catalog.illinois.edu/search/?P=ANTH%20230>); some knowledge of the language of the area concerned; consent of instructor.",https://catalog.illinois.edu/courses-of-instruction/anth/,2026–2027
ANTH 498,ANTH,498,Senior Capstone Seminar,"3 Hours
3 undergraduate hours. No graduate credit.","A guided independent research seminar for Anthropology majors normally taken during the Fall of the senior year. Students may select to conduct significant and original research in any of the four sub-fields of anthropology or combine interdisciplinary interests. Working closely with the course instructors and with additional guidance from a chosen anthropology faculty advisor, student will develop a research topic of their choice, identify significant research questions, before collecting and analyzing their field data. 3 undergraduate hours. No graduate credit.",,No graduate credit.,,,,,"[ANTH 498 Senior Capstone Seminar credit: 3 Hours.](<https://courses.illinois.edu/schedule/terms/ANTH/498>)

A guided independent research seminar for Anthropology majors normally taken during the Fall of the senior year. Students may select to conduct significant and original research in any of the four sub-fields of anthropology or combine interdisciplinary interests. Working closely with the course instructors and with additional guidance from a chosen anthropology faculty advisor, student will develop a research topic of their choice, identify significant research questions, before collecting and analyzing their field data. 3 undergraduate hours. No graduate credit.",https://catalog.illinois.edu/courses-of-instruction/anth/,2026–2027
ANTH 499,ANTH,499,Topics in Anthropology,"4 Hours
4 undergraduate hours. 4 graduate hours.",Research seminar on specialized topics in anthropology. 4 undergraduate hours. 4 graduate hours. May be repeated. Prerequisite: Consent of instructor.,Prerequisite: Consent of instructor.,,,,,,"[ANTH 499 Topics in Anthropology credit: 4 Hours.](<https://courses.illinois.edu/schedule/terms/ANTH/499>)

Research seminar on specialized topics in anthropology. 4 undergraduate hours. 4 graduate hours. May be repeated. Prerequisite: Consent of instructor.",https://catalog.illinois.edu/courses-of-instruction/anth/,2026–2027
ANTH 503,ANTH,503,Seminar on States & Governance,4 Hours,"Explores theories of the state and governance through an anthropological perspective. Theoretical issues covered will include political economy, sovereignty, biopolitics, and empire across a range of social settings will attend to issues of race, class, gender, and sexuality. May be repeated in separate terms up to 8 hours, if topics vary. Prerequisite: Grad Students only.",Prerequisite: Grad Students only.,,,,,,"[ANTH 503 Seminar on States & Governance credit: 4 Hours.](<https://courses.illinois.edu/schedule/terms/ANTH/503>)

Explores theories of the state and governance through an anthropological perspective. Theoretical issues covered will include political economy, sovereignty, biopolitics, and empire across a range of social settings will attend to issues of race, class, gender, and sexuality. May be repeated in separate terms up to 8 hours, if topics vary. Prerequisite: Grad Students only.",https://catalog.illinois.edu/courses-of-instruction/anth/,2026–2027
ANTH 504,ANTH,504,Colonialism & Postcolonialism,4 Hours,Course examines the history of colonialism and post-colonialism in anthropological perspective. The relations of history and anthropology are explored through ethnographic studies that problematize historical memory. Theoretical works about colonized people will be debated and discussed. Same as HIST 519. Prerequisite: Graduate standing.,Prerequisite: Graduate standing.,,,,,,"[ANTH 504 Colonialism & Postcolonialism credit: 4 Hours.](<https://courses.illinois.edu/schedule/terms/ANTH/504>)

Course examines the history of colonialism and post-colonialism in anthropological perspective. The relations of history and anthropology are explored through ethnographic studies that problematize historical memory. Theoretical works about colonized people will be debated and discussed. Same as [HIST 519](<https://catalog.illinois.edu/search/?P=HIST%20519>). Prerequisite: Graduate standing.",https://catalog.illinois.edu/courses-of-instruction/anth/,2026–2027
ANTH 511,ANTH,511,Research Proposal Seminar,4 Hours,"This seminar guides graduate students in designing a doctoral research project and writing a grant proposal. Focus is on developing a cogent theoretical framework, articulating significance of the project, identifying appropriate research methods, and considering ethical issues. Seminar format allows regular feedback from peers to clarify and hone ideas. Prerequisite: Graduate standing in anthropology or consent of instructor.",Prerequisite: Graduate standing in anthropology or consent of instructor.,,,,,,"[ANTH 511 Research Proposal Seminar credit: 4 Hours.](<https://courses.illinois.edu/schedule/terms/ANTH/511>)

This seminar guides graduate students in designing a doctoral research project and writing a grant proposal. Focus is on developing a cogent theoretical framework, articulating significance of the project, identifying appropriate research methods, and considering ethical issues. Seminar format allows regular feedback from peers to clarify and hone ideas. Prerequisite: Graduate standing in anthropology or consent of instructor.",https://catalog.illinois.edu/courses-of-instruction/anth/,2026–2027
ANTH 512,ANTH,512,Language in Culture I,4 Hours,"This first of our two core theoretical courses in linguistic anthropology pays particular attention to language in culture. Examines the historical development of the field and its debates, and its relationships with socio-cultural anthropology. Develops theoretical and critical analytical skills needed in contemporary ethnographic research. Same as LING 512. Approved for both letter and S/U grading. Prerequisite: Graduate standing.",Prerequisite: Graduate standing.,,,,,,"[ANTH 512 Language in Culture I credit: 4 Hours.](<https://courses.illinois.edu/schedule/terms/ANTH/512>)

This first of our two core theoretical courses in linguistic anthropology pays particular attention to language in culture. Examines the historical development of the field and its debates, and its relationships with socio-cultural anthropology. Develops theoretical and critical analytical skills needed in contemporary ethnographic research. Same as [LING 512](<https://catalog.illinois.edu/search/?P=LING%20512>). Approved for both letter and S/U grading. Prerequisite: Graduate standing.",https://catalog.illinois.edu/courses-of-instruction/anth/,2026–2027
ANTH 514,ANTH,514,Seminar in Cognitive Science,2 or 4 Hours,"Same as PSYC 514, CS 549, EPSY 551, LING 570, PHIL 514. See PSYC 514.",,,,,,,"[ANTH 514 Seminar in Cognitive Science credit: 2 or 4 Hours.](<https://courses.illinois.edu/schedule/terms/ANTH/514>)

Same as [PSYC 514](<https://catalog.illinois.edu/search/?P=PSYC%20514>), [CS 549](<https://catalog.illinois.edu/search/?P=CS%20549>), [EPSY 551](<https://catalog.illinois.edu/search/?P=EPSY%20551>), [LING 570](<https://catalog.illinois.edu/search/?P=LING%20570>), [PHIL 514](<https://catalog.illinois.edu/search/?P=PHIL%20514>). See [PSYC 514](<https://catalog.illinois.edu/search/?P=PSYC%20514>).",https://catalog.illinois.edu/courses-of-instruction/anth/,2026–2027
ANTH 515,ANTH,515,Seminar in Anthropology,2 or 4 Hours,Analysis of selected topics of special interest in anthropology. May be repeated to a maximum of 8 hours in the same or subsequent semesters.,,,,,,,"[ANTH 515 Seminar in Anthropology credit: 2 or 4 Hours.](<https://courses.illinois.edu/schedule/terms/ANTH/515>)

Analysis of selected topics of special interest in anthropology. May be repeated to a maximum of 8 hours in the same or subsequent semesters.",https://catalog.illinois.edu/courses-of-instruction/anth/,2026–2027
ANTH 518,ANTH,518,Language in Culture II,4 Hours,"Part II of the core theoretical seminar in linguistic anthropology. Continues examination of historical developments in the sub-field and its debates, and relationships with socio-cultural anthropology. Develops theoretical and critical analytical skills needed in contemporary ethnographic research. Same as LING 518. Prerequisite: Graduate Standing.",Prerequisite: Graduate Standing.,,,,,,"[ANTH 518 Language in Culture II credit: 4 Hours.](<https://courses.illinois.edu/schedule/terms/ANTH/518>)

Part II of the core theoretical seminar in linguistic anthropology. Continues examination of historical developments in the sub-field and its debates, and relationships with socio-cultural anthropology. Develops theoretical and critical analytical skills needed in contemporary ethnographic research. Same as [LING 518](<https://catalog.illinois.edu/search/?P=LING%20518>). Prerequisite: Graduate Standing.",https://catalog.illinois.edu/courses-of-instruction/anth/,2026–2027
ANTH 523,ANTH,523,Dynamic Embodiment,4 Hours,"Examines anthropological theories and methods for understanding systems of body movement and performance in cultural contexts. Explores the study of everyday skills as well as the expressive complexities of dances, gestural systems, sacred and secular ritual, sign languages, sports, theater, and martial arts. Prerequisite: Graduate standing.",Prerequisite: Graduate standing.,,,,,,"[ANTH 523 Dynamic Embodiment credit: 4 Hours.](<https://courses.illinois.edu/schedule/terms/ANTH/523>)

Examines anthropological theories and methods for understanding systems of body movement and performance in cultural contexts. Explores the study of everyday skills as well as the expressive complexities of dances, gestural systems, sacred and secular ritual, sign languages, sports, theater, and martial arts. Prerequisite: Graduate standing.",https://catalog.illinois.edu/courses-of-instruction/anth/,2026–2027
ANTH 532,ANTH,532,Dissertation Writing Seminar,4 Hours,"Through reading style handbooks, theoretical works on the nature of writing, and published dissertations in anthropology, as well as completing specific dissertation writing assignments, this course provides a forum for advanced doctoral students to outline and complete substantial work on their doctoral thesis. The class format is a workshop in which every student circulates dissertation chapters for discussion by the instructor and other class members. Prerequisite: Students must have completed all requirements for the Ph.D. in anthropology but the dissertation, and they must have completed their doctoral fieldwork.","Prerequisite: Students must have completed all requirements for the Ph.D. in anthropology but the dissertation, and they must have completed their doctoral fieldwork.",,,,,,"[ANTH 532 Dissertation Writing Seminar credit: 4 Hours.](<https://courses.illinois.edu/schedule/terms/ANTH/532>)

Through reading style handbooks, theoretical works on the nature of writing, and published dissertations in anthropology, as well as completing specific dissertation writing assignments, this course provides a forum for advanced doctoral students to outline and complete substantial work on their doctoral thesis. The class format is a workshop in which every student circulates dissertation chapters for discussion by the instructor and other class members. Prerequisite: Students must have completed all requirements for the Ph.D. in anthropology but the dissertation, and they must have completed their doctoral fieldwork.",https://catalog.illinois.edu/courses-of-instruction/anth/,2026–2027
ANTH 540,ANTH,540,Seminar in Bioanthropology,4 Hours,"Seminar designed to involve students in the theoretical and methodological approaches to problem areas in physical anthropology. May be repeated. Prerequisite: ANTH 440, ANTH 441, or ANTH 443; consent of instructor.","Prerequisite: ANTH 440, ANTH 441, or ANTH 443; consent of instructor.",,,,,,"[ANTH 540 Seminar in Bioanthropology credit: 4 Hours.](<https://courses.illinois.edu/schedule/terms/ANTH/540>)

Seminar designed to involve students in the theoretical and methodological approaches to problem areas in physical anthropology. May be repeated. Prerequisite: [ANTH 440](<https://catalog.illinois.edu/search/?P=ANTH%20440>), [ANTH 441](<https://catalog.illinois.edu/search/?P=ANTH%20441>), or [ANTH 443](<https://catalog.illinois.edu/search/?P=ANTH%20443>); consent of instructor.",https://catalog.illinois.edu/courses-of-instruction/anth/,2026–2027
ANTH 552,ANTH,552,Res Prob in Archaeology,4 Hours,"Seminar oriented to current research problems in archaeology, designed to acquaint students with theoretical and methodological aspects of particular problems and to develop a critical perspective archaeological research. May be repeated. Prerequisite: Consent of instructor.",Prerequisite: Consent of instructor.,,,,,,"[ANTH 552 Res Prob in Archaeology credit: 4 Hours.](<https://courses.illinois.edu/schedule/terms/ANTH/552>)

Seminar oriented to current research problems in archaeology, designed to acquaint students with theoretical and methodological aspects of particular problems and to develop a critical perspective archaeological research. May be repeated. Prerequisite: Consent of instructor.",https://catalog.illinois.edu/courses-of-instruction/anth/,2026–2027
ANTH 555,ANTH,555,The Archaeology of Complexity,4 Hours,"Examines patterns of behavior archaeologists associate with complex societies and seeks to understand if and how these behaviors generate and/or reflect cultural complexity; theoretical literature and case studies discussed. Major topics include chiefdoms, settlement pattern analysis, and ideology. Prerequisite: Graduate student standing.",Prerequisite: Graduate student standing.,,,,,,"[ANTH 555 The Archaeology of Complexity credit: 4 Hours.](<https://courses.illinois.edu/schedule/terms/ANTH/555>)

Examines patterns of behavior archaeologists associate with complex societies and seeks to understand if and how these behaviors generate and/or reflect cultural complexity; theoretical literature and case studies discussed. Major topics include chiefdoms, settlement pattern analysis, and ideology. Prerequisite: Graduate student standing.",https://catalog.illinois.edu/courses-of-instruction/anth/,2026–2027
ANTH 557,ANTH,557,Social Construction of Space,4 Hours,"Consideration of anthropological, archaeological, and related disciplinary perspectives on space, place, landscape, the built environment, and architecture. Coursework encompasses critical review of major theoretical literature and case studies of ancient and modern societies. Same as LA 562. Prerequisite: Consent of instructor.",Prerequisite: Consent of instructor.,,,,,,"[ANTH 557 Social Construction of Space credit: 4 Hours.](<https://courses.illinois.edu/schedule/terms/ANTH/557>)

Consideration of anthropological, archaeological, and related disciplinary perspectives on space, place, landscape, the built environment, and architecture. Coursework encompasses critical review of major theoretical literature and case studies of ancient and modern societies. Same as [LA 562](<https://catalog.illinois.edu/search/?P=LA%20562>). Prerequisite: Consent of instructor.",https://catalog.illinois.edu/courses-of-instruction/anth/,2026–2027
ANTH 558,ANTH,558,Key Issues in Heritage Studies,4 Hours,"Engages critical issues in contemporary heritage studies such as the politicized UNESCO World Heritage system, heritage-based domestic and international conflicts, management of sites of trauma, contested heritage, heritage tourism, historic urban centers, heritage futures, the production of identity, post-conflict heritage, heritage branding, repatriation and reparation, landscape and memory, and intangible cultural heritage. Bodies of literature produced by key CHS (Critical Heritage Studies) scholars are analyzed.",,,,,,,"[ANTH 558 Key Issues in Heritage Studies credit: 4 Hours.](<https://courses.illinois.edu/schedule/terms/ANTH/558>)

Engages critical issues in contemporary heritage studies such as the politicized UNESCO World Heritage system, heritage-based domestic and international conflicts, management of sites of trauma, contested heritage, heritage tourism, historic urban centers, heritage futures, the production of identity, post-conflict heritage, heritage branding, repatriation and reparation, landscape and memory, and intangible cultural heritage. Bodies of literature produced by key CHS (Critical Heritage Studies) scholars are analyzed.",https://catalog.illinois.edu/courses-of-instruction/anth/,2026–2027
ANTH 560,ANTH,560,Anthropology and Law,"3 or 4 Hours
4 graduate hours.","Introduction to the field of legal anthropology. Addresses anthropological theories of the nature of law and disputes, examines related studies of legal structures in non-Western cultures, and considers the uses of anthropology in studying facets of our own legal system. Same as LAW 678. 4 graduate hours. 3 professional hours. Prerequisite: Consent of instructor.",Prerequisite: Consent of instructor.,,,,,,"[ANTH 560 Anthropology and Law credit: 3 or 4 Hours.](<https://courses.illinois.edu/schedule/terms/ANTH/560>)

Introduction to the field of legal anthropology. Addresses anthropological theories of the nature of law and disputes, examines related studies of legal structures in non-Western cultures, and considers the uses of anthropology in studying facets of our own legal system. Same as [LAW 678](<https://catalog.illinois.edu/search/?P=LAW%20678>). 4 graduate hours. 3 professional hours. Prerequisite: Consent of instructor.",https://catalog.illinois.edu/courses-of-instruction/anth/,2026–2027
ANTH 561,ANTH,561,Archaeological Theory,4 Hours,"Contemporary theory in archaeology. Different theoretical approaches are examined by critically analyzing seminal literature within the contexts of paradigmatic shifts in archaeology and general developments in the discipline of anthropology, focuses on materiality and corporality. Prerequisite: ANTH 461 or consent of instructor.",Prerequisite: ANTH 461 or consent of instructor.,,,,,,"[ANTH 561 Archaeological Theory credit: 4 Hours.](<https://courses.illinois.edu/schedule/terms/ANTH/561>)

Contemporary theory in archaeology. Different theoretical approaches are examined by critically analyzing seminal literature within the contexts of paradigmatic shifts in archaeology and general developments in the discipline of anthropology, focuses on materiality and corporality. Prerequisite: [ANTH 461](<https://catalog.illinois.edu/search/?P=ANTH%20461>) or consent of instructor.",https://catalog.illinois.edu/courses-of-instruction/anth/,2026–2027
ANTH 565,ANTH,565,Race and Cultural Critique,4 Hours,"Same as AAS 561, AFRO 531, GWS 561, and LLS 561. See AAS 561.",,,,,,,"[ANTH 565 Race and Cultural Critique credit: 4 Hours.](<https://courses.illinois.edu/schedule/terms/ANTH/565>)

Same as [AAS 561](<https://catalog.illinois.edu/search/?P=AAS%20561>), [AFRO 531](<https://catalog.illinois.edu/search/?P=AFRO%20531>), [GWS 561](<https://catalog.illinois.edu/search/?P=GWS%20561>), and [LLS 561](<https://catalog.illinois.edu/search/?P=LLS%20561>). See [AAS 561](<https://catalog.illinois.edu/search/?P=AAS%20561>).",https://catalog.illinois.edu/courses-of-instruction/anth/,2026–2027
ANTH 570,ANTH,570,Cultural Aspects of Tourism,4 Hours,Same as RST 570. See RST 570.,,,,,,,"[ANTH 570 Cultural Aspects of Tourism credit: 4 Hours.](<https://courses.illinois.edu/schedule/terms/ANTH/570>)

Same as [RST 570](<https://catalog.illinois.edu/search/?P=RST%20570>). See [RST 570](<https://catalog.illinois.edu/search/?P=RST%20570>).",https://catalog.illinois.edu/courses-of-instruction/anth/,2026–2027
ANTH 589,ANTH,589,Readings in Anthropology,2 or 4 Hours,"Individual guidance in intensive readings in the literature of one or more subdivisions of the field of anthropology, selected in consultation with the adviser in accordance with the needs and interest of the student. May be repeated in the same or separate semesters as topics vary. Prerequisite: One semester of graduate work in anthropology; consent of advisor.",Prerequisite: One semester of graduate work in anthropology; consent of advisor.,,,,,,"[ANTH 589 Readings in Anthropology credit: 2 or 4 Hours.](<https://courses.illinois.edu/schedule/terms/ANTH/589>)

Individual guidance in intensive readings in the literature of one or more subdivisions of the field of anthropology, selected in consultation with the adviser in accordance with the needs and interest of the student. May be repeated in the same or separate semesters as topics vary. Prerequisite: One semester of graduate work in anthropology; consent of advisor.",https://catalog.illinois.edu/courses-of-instruction/anth/,2026–2027
ANTH 590,ANTH,590,Dissertation Readings,4 to 16 Hours,Supervised individual investigation or study of a topic not covered by regular courses. The topic selected by the student and the proposed plan of study are approved by the adviser and the staff member who supervises the work. May be repeated in the same term up to 8 G hours if topics vary or in separate terms up to 16 G hours if topics vary. Prerequisite: Consent of instructor.,Prerequisite: Consent of instructor.,,,,,,"[ANTH 590 Dissertation Readings credit: 4 to 16 Hours.](<https://courses.illinois.edu/schedule/terms/ANTH/590>)

Supervised individual investigation or study of a topic not covered by regular courses. The topic selected by the student and the proposed plan of study are approved by the adviser and the staff member who supervises the work. May be repeated in the same term up to 8 G hours if topics vary or in separate terms up to 16 G hours if topics vary. Prerequisite: Consent of instructor.",https://catalog.illinois.edu/courses-of-instruction/anth/,2026–2027
ANTH 594,ANTH,594,Cultural Heritage,2 or 4 Hours,Same as LA 594. See LA 594.,,,,,,,"[ANTH 594 Cultural Heritage credit: 2 or 4 Hours.](<https://courses.illinois.edu/schedule/terms/ANTH/594>)

Same as [LA 594](<https://catalog.illinois.edu/search/?P=LA%20594>). See [LA 594](<https://catalog.illinois.edu/search/?P=LA%20594>).",https://catalog.illinois.edu/courses-of-instruction/anth/,2026–2027
ANTH 599,ANTH,599,Thesis Research,0 to 16 Hours,Preparation of theses. Approved for S/U grading only. May be repeated in the same or separate terms if topics vary.,,,,,,,"[ANTH 599 Thesis Research credit: 0 to 16 Hours.](<https://courses.illinois.edu/schedule/terms/ANTH/599>)

Preparation of theses. Approved for S/U grading only. May be repeated in the same or separate terms if topics vary.",https://catalog.illinois.edu/courses-of-instruction/anth/,2026–2027
