course_code,subject,course_number,course_name,credits,description,prerequisites,credit_restrictions,gen_ed,total_students,total_sections,overall_gpa,catalog_text,source_url,catalog_year
HIST 100,HIST,100,Global History,3 Hours,"Broad introduction to global history, by exploring the global structures and transnational forces that have shaped human history, from the emergence of agriculture and urban centers to our contemporary global village.",,,"Humanities - Hist & Phil
Cultural Studies - Non-West",,,,"[HIST 100 Global History credit: 3 Hours.](<https://courses.illinois.edu/schedule/terms/HIST/100>)

Broad introduction to global history, by exploring the global structures and transnational forces that have shaped human history, from the emergence of agriculture and urban centers to our contemporary global village.
This course satisfies the General Education Criteria for:
Humanities - Hist & Phil
Cultural Studies - Non-West",https://catalog.illinois.edu/courses-of-instruction/hist/,2026–2027
HIST 103,HIST,103,A History of Everything: The Big Bang to Big Data,3 Hours,"This introductory survey in ""Big History"" explores different scales of time as it places human history in larger geological, ecological, and cosmic contexts. Topics include the big bang, planet formation, the origin and development of life, mass extinctions, the emergence of Homo sapiens, the development of agriculture and cities, wars, plagues, and natural disasters, the advent of religion and science, political revolutions, industrialization and globalization, and human impact on the environment.",,,"Humanities - Hist & Phil
Cultural Studies - Western",,,,"[HIST 103 A History of Everything: The Big Bang to Big Data credit: 3 Hours.](<https://courses.illinois.edu/schedule/terms/HIST/103>)

This introductory survey in ""Big History"" explores different scales of time as it places human history in larger geological, ecological, and cosmic contexts. Topics include the big bang, planet formation, the origin and development of life, mass extinctions, the emergence of Homo sapiens, the development of agriculture and cities, wars, plagues, and natural disasters, the advent of religion and science, political revolutions, industrialization and globalization, and human impact on the environment.
This course satisfies the General Education Criteria for:
Humanities - Hist & Phil
Cultural Studies - Western",https://catalog.illinois.edu/courses-of-instruction/hist/,2026–2027
HIST 104,HIST,104,Black Music,3 Hours,"What is black music, and how do we know what we think we know about it? Together, we will examine musical creations pioneered by Africans and individuals of African descent over several centuries and across hemispheres. Doing so will allow us to consider the unity of the African Diaspora and its music, and also examine internal differences and diversity. Special focus is given to Latin America and the U.S., but, depending on the semester, we will also read about, listen to, and talk about music and musicians in Asia, Africa, and Europe.",,,"Humanities - Hist & Phil
Cultural Studies - US Minority",,,,"[HIST 104 Black Music credit: 3 Hours.](<https://courses.illinois.edu/schedule/terms/HIST/104>)

What is black music, and how do we know what we think we know about it? Together, we will examine musical creations pioneered by Africans and individuals of African descent over several centuries and across hemispheres. Doing so will allow us to consider the unity of the African Diaspora and its music, and also examine internal differences and diversity. Special focus is given to Latin America and the U.S., but, depending on the semester, we will also read about, listen to, and talk about music and musicians in Asia, Africa, and Europe.
This course satisfies the General Education Criteria for:
Humanities - Hist & Phil
Cultural Studies - US Minority",https://catalog.illinois.edu/courses-of-instruction/hist/,2026–2027
HIST 105,HIST,105,Latin America to Independence,3 Hours,[IAI Code: H2903N] Survey of Latin American history from the discovery of America to 1824.,,,"Humanities - Hist & Phil
Cultural Studies - Non-West",,,,"[HIST 105 Latin America to Independence credit: 3 Hours.](<https://courses.illinois.edu/schedule/terms/HIST/105>)

[IAI Code: H2903N] Survey of Latin American history from the discovery of America to 1824.
This course satisfies the General Education Criteria for:
Humanities - Hist & Phil
Cultural Studies - Non-West",https://catalog.illinois.edu/courses-of-instruction/hist/,2026–2027
HIST 106,HIST,106,Modern Latin America,3 Hours,"[IAI Code: H2903N] History of the Latin American republics from their independence to the present; emphasis on Argentina, Brazil, Chile, Colombia, Cuba, and Mexico.",,,"Humanities - Hist & Phil
Cultural Studies - Non-West",,,,"[HIST 106 Modern Latin America credit: 3 Hours.](<https://courses.illinois.edu/schedule/terms/HIST/106>)

[IAI Code: H2903N] History of the Latin American republics from their independence to the present; emphasis on Argentina, Brazil, Chile, Colombia, Cuba, and Mexico.
This course satisfies the General Education Criteria for:
Humanities - Hist & Phil
Cultural Studies - Non-West",https://catalog.illinois.edu/courses-of-instruction/hist/,2026–2027
HIST 111,HIST,111,History of Africa to 1800,3 Hours,"Survey of African history to 1800, or rather African ""histories."" Along with historical knowledge, it seeks to give students a basic familiarity with the geography of the continent, as well as to provide an overview of African languages. Through the analysis of secondary as well as of primary sources, students will be introduced to and further examine the development of pre-colonial African societies. Same as AFST 111.",,,"Humanities - Hist & Phil
Cultural Studies - Non-West",,,,"[HIST 111 History of Africa to 1800 credit: 3 Hours.](<https://courses.illinois.edu/schedule/terms/HIST/111>)

Survey of African history to 1800, or rather African ""histories."" Along with historical knowledge, it seeks to give students a basic familiarity with the geography of the continent, as well as to provide an overview of African languages. Through the analysis of secondary as well as of primary sources, students will be introduced to and further examine the development of pre-colonial African societies. Same as [AFST 111](<https://catalog.illinois.edu/search/?P=AFST%20111>).
This course satisfies the General Education Criteria for:
Humanities - Hist & Phil
Cultural Studies - Non-West",https://catalog.illinois.edu/courses-of-instruction/hist/,2026–2027
HIST 112,HIST,112,History of Africa from 1800,3 Hours,"Survey of Africa's history from 1800 to the present day. Topics include the Atlantic slave trade, agricultural exchange, growth of Christianity, origins and effects of nineteenth-century European expansion culminating in the ""Scramble for Africa,"" the transformations wrought by European colonial rule during the twentieth century, anticolonial nationalism, decolonization, and postcolonial political, economic, social, and cultural developments. Same as AFST 112.",,,"Humanities - Hist & Phil
Cultural Studies - Non-West",,,,"[HIST 112 History of Africa from 1800 credit: 3 Hours.](<https://courses.illinois.edu/schedule/terms/HIST/112>)

Survey of Africa's history from 1800 to the present day. Topics include the Atlantic slave trade, agricultural exchange, growth of Christianity, origins and effects of nineteenth-century European expansion culminating in the ""Scramble for Africa,"" the transformations wrought by European colonial rule during the twentieth century, anticolonial nationalism, decolonization, and postcolonial political, economic, social, and cultural developments. Same as [AFST 112](<https://catalog.illinois.edu/search/?P=AFST%20112>).
This course satisfies the General Education Criteria for:
Humanities - Hist & Phil
Cultural Studies - Non-West",https://catalog.illinois.edu/courses-of-instruction/hist/,2026–2027
HIST 120,HIST,120,East Asian Civilizations,3 Hours,"[IAI Code: H2903N] Surveys the three major East Asian civilizations from ancient and classical times, through the period of Western influence, political revolution, and modernization, to the contemporary age and the emergence of East Asian superpowers. Same as EALC 120.",,,"Humanities - Hist & Phil
Cultural Studies - Non-West",,,,"[HIST 120 East Asian Civilizations credit: 3 Hours.](<https://courses.illinois.edu/schedule/terms/HIST/120>)

[IAI Code: H2903N] Surveys the three major East Asian civilizations from ancient and classical times, through the period of Western influence, political revolution, and modernization, to the contemporary age and the emergence of East Asian superpowers. Same as [EALC 120](<https://catalog.illinois.edu/search/?P=EALC%20120>).
This course satisfies the General Education Criteria for:
Humanities - Hist & Phil
Cultural Studies - Non-West",https://catalog.illinois.edu/courses-of-instruction/hist/,2026–2027
HIST 130,HIST,130,History of South Asia,3 Hours,"[IAI Code: H2903N] Multidisciplinary introduction to the history of modern South Asia from the consolidation of early modern state formations, the negotiation of religious, cultural and linguistic formations, European colonial interactions, and the rise of the modern nation states of Bangladesh, India, Pakistan and Sri Lanka. Same as ANTH 130.",,,"Humanities - Hist & Phil
Cultural Studies - Non-West",,,,"[HIST 130 History of South Asia credit: 3 Hours.](<https://courses.illinois.edu/schedule/terms/HIST/130>)

[IAI Code: H2903N] Multidisciplinary introduction to the history of modern South Asia from the consolidation of early modern state formations, the negotiation of religious, cultural and linguistic formations, European colonial interactions, and the rise of the modern nation states of Bangladesh, India, Pakistan and Sri Lanka. Same as [ANTH 130](<https://catalog.illinois.edu/search/?P=ANTH%20130>).
This course satisfies the General Education Criteria for:
Humanities - Hist & Phil
Cultural Studies - Non-West",https://catalog.illinois.edu/courses-of-instruction/hist/,2026–2027
HIST 135,HIST,135,History of Islamic Middle East,3 Hours,"[IAI Code: H2903N] Introduction to fourteen centuries of Middle East history from the rise of Islam to modern times. Examines the development of Islamic thought, and of religious, social, and political institutions; as well as the transformations of the 19th and 20th centuries in the area consisting of Egypt, the Fertile Crescent, Arabia, Turkey, and Iran.",,,"Humanities - Hist & Phil
Cultural Studies - Non-West",,,,"[HIST 135 History of Islamic Middle East credit: 3 Hours.](<https://courses.illinois.edu/schedule/terms/HIST/135>)

[IAI Code: H2903N] Introduction to fourteen centuries of Middle East history from the rise of Islam to modern times. Examines the development of Islamic thought, and of religious, social, and political institutions; as well as the transformations of the 19th and 20th centuries in the area consisting of Egypt, the Fertile Crescent, Arabia, Turkey, and Iran.
This course satisfies the General Education Criteria for:
Humanities - Hist & Phil
Cultural Studies - Non-West",https://catalog.illinois.edu/courses-of-instruction/hist/,2026–2027
HIST 140,HIST,140,Western Worlds: Ancient and Medieval Societies from the Mediterranean to N. Europe (ACP),4 Hours,Course is identical to HIST 141 except for the additional writing component. See HIST 141. Credit is not given for both HIST 140 and HIST 141. Prerequisite: Completion of campus Composition I General Education requirement.,Prerequisite: Completion of campus Composition I General Education requirement.,Credit is not given for both HIST 140 and HIST 141.,"Advanced Composition
Humanities - Hist & Phil
Cultural Studies - Western",,,,"[HIST 140 Western Worlds: Ancient and Medieval Societies from the Mediterranean to N. Europe (ACP) credit: 4 Hours.](<https://courses.illinois.edu/schedule/terms/HIST/140>)

Course is identical to [HIST 141](<https://catalog.illinois.edu/search/?P=HIST%20141>) except for the additional writing component. See [HIST 141](<https://catalog.illinois.edu/search/?P=HIST%20141>). Credit is not given for both [HIST 140](<https://catalog.illinois.edu/search/?P=HIST%20140>) and [HIST 141](<https://catalog.illinois.edu/search/?P=HIST%20141>). Prerequisite: Completion of campus Composition I General Education requirement.
This course satisfies the General Education Criteria for:
Advanced Composition
Humanities - Hist & Phil
Cultural Studies - Western",https://catalog.illinois.edu/courses-of-instruction/hist/,2026–2027
HIST 141,HIST,141,Western Worlds: Ancient and Medieval Societies from the Mediterranean to Northern Europe,3 Hours,"[IAI Code: H2901] Western societies from antiquity to the early modern age in western Asia, North Africa, and Europe; with an emphasis on cultural exchange, migration, and the transmission of knowledge, ideas, technologies, and arts. Topics include the formation of the earliest civilizations; political and intellectual experiments of the Greek and Roman worlds; emergence of Judaism, Christianity, and Islam; military, commercial, social, and educational revolutions of the Middle Ages; rise of independent cities and territorial monarchies; religious upheavals and violent aftermaths. Credit is not given toward graduation for: Credit is not given for both HIST 141 and HIST 140.",,Credit is not given toward graduation for: Credit is not given for both HIST 141 and HIST 140.,"Humanities - Hist & Phil
Cultural Studies - Western",,,,"[HIST 141 Western Worlds: Ancient and Medieval Societies from the Mediterranean to Northern Europe credit: 3 Hours.](<https://courses.illinois.edu/schedule/terms/HIST/141>)

[IAI Code: H2901] Western societies from antiquity to the early modern age in western Asia, North Africa, and Europe; with an emphasis on cultural exchange, migration, and the transmission of knowledge, ideas, technologies, and arts. Topics include the formation of the earliest civilizations; political and intellectual experiments of the Greek and Roman worlds; emergence of Judaism, Christianity, and Islam; military, commercial, social, and educational revolutions of the Middle Ages; rise of independent cities and territorial monarchies; religious upheavals and violent aftermaths. Credit is not given toward graduation for: Credit is not given for both [HIST 141](<https://catalog.illinois.edu/search/?P=HIST%20141>) and [HIST 140](<https://catalog.illinois.edu/search/?P=HIST%20140>).
This course satisfies the General Education Criteria for:
Humanities - Hist & Phil
Cultural Studies - Western",https://catalog.illinois.edu/courses-of-instruction/hist/,2026–2027
HIST 142,HIST,142,Modern Europe and the World,3 Hours,"[IAI Code: H2902] Fundamental developments - social, economic, cultural, intellectual, and political - in the history of mankind and Western society since 1660; includes the rise of modern science, the French and Industrial revolutions, the Romantic movement, the growth of nationalism and socialism, imperialism, urbanization, the Russian Revolution, Nazi Germany, the world wars, and the West and the developing world. Credit is not given toward graduation for: Credit is not given for both HIST 142 and HIST 143.",,Credit is not given toward graduation for: Credit is not given for both HIST 142 and HIST 143.,"Humanities - Hist & Phil
Cultural Studies - Western",,,,"[HIST 142 Modern Europe and the World credit: 3 Hours.](<https://courses.illinois.edu/schedule/terms/HIST/142>)

[IAI Code: H2902] Fundamental developments - social, economic, cultural, intellectual, and political - in the history of mankind and Western society since 1660; includes the rise of modern science, the French and Industrial revolutions, the Romantic movement, the growth of nationalism and socialism, imperialism, urbanization, the Russian Revolution, Nazi Germany, the world wars, and the West and the developing world. Credit is not given toward graduation for: Credit is not given for both [HIST 142](<https://catalog.illinois.edu/search/?P=HIST%20142>) and [HIST 143](<https://catalog.illinois.edu/search/?P=HIST%20143>).
This course satisfies the General Education Criteria for:
Humanities - Hist & Phil
Cultural Studies - Western",https://catalog.illinois.edu/courses-of-instruction/hist/,2026–2027
HIST 143,HIST,143,Modern Europe and the World - ACP,4 Hours,Course is identical to HIST 142 except for the additional writing component. Credit is not given for both HIST 143 and HIST 142. Prerequisite: Completion of campus Composition I General Education requirement.,Prerequisite: Completion of campus Composition I General Education requirement.,Credit is not given for both HIST 143 and HIST 142.,"Advanced Composition
Humanities - Hist & Phil
Cultural Studies - Western",,,,"[HIST 143 Modern Europe and the World - ACP credit: 4 Hours.](<https://courses.illinois.edu/schedule/terms/HIST/143>)

Course is identical to [HIST 142](<https://catalog.illinois.edu/search/?P=HIST%20142>) except for the additional writing component. Credit is not given for both [HIST 143](<https://catalog.illinois.edu/search/?P=HIST%20143>) and [HIST 142](<https://catalog.illinois.edu/search/?P=HIST%20142>). Prerequisite: Completion of campus Composition I General Education requirement.
This course satisfies the General Education Criteria for:
Advanced Composition
Humanities - Hist & Phil
Cultural Studies - Western",https://catalog.illinois.edu/courses-of-instruction/hist/,2026–2027
HIST 164,HIST,164,The Automobile,3 Hours,"Interdisciplinary examination of the automobile industry, its production systems, its marketing strategies, and the way automobiles reflect the changing landscapes of consumer tastes and value over time.",,,"Humanities - Hist & Phil
Cultural Studies - Western",,,,"[HIST 164 The Automobile credit: 3 Hours.](<https://courses.illinois.edu/schedule/terms/HIST/164>)

Interdisciplinary examination of the automobile industry, its production systems, its marketing strategies, and the way automobiles reflect the changing landscapes of consumer tastes and value over time.
This course satisfies the General Education Criteria for:
Humanities - Hist & Phil
Cultural Studies - Western",https://catalog.illinois.edu/courses-of-instruction/hist/,2026–2027
HIST 168,HIST,168,A History of Judaism,3 Hours,Same as JS 120 and REL 120. See REL 120.,,,"Advanced Composition
Humanities - Hist & Phil",,,,"[HIST 168 A History of Judaism credit: 3 Hours.](<https://courses.illinois.edu/schedule/terms/HIST/168>)

Same as [JS 120](<https://catalog.illinois.edu/search/?P=JS%20120>) and [REL 120](<https://catalog.illinois.edu/search/?P=REL%20120>). See [REL 120](<https://catalog.illinois.edu/search/?P=REL%20120>).
This course satisfies the General Education Criteria for:
Advanced Composition
Humanities - Hist & Phil",https://catalog.illinois.edu/courses-of-instruction/hist/,2026–2027
HIST 170,HIST,170,US History to 1877-ACP,4 Hours,Course is identical to HIST 171 except for the additional writing component. Credit is not given for both HIST 170 and HIST 171. Prerequisite: Completion of campus Composition I General Education requirement.,Prerequisite: Completion of campus Composition I General Education requirement.,Credit is not given for both HIST 170 and HIST 171.,"Advanced Composition
Humanities - Hist & Phil
Cultural Studies - US Minority",,,,"[HIST 170 US History to 1877-ACP credit: 4 Hours.](<https://courses.illinois.edu/schedule/terms/HIST/170>)

Course is identical to [HIST 171](<https://catalog.illinois.edu/search/?P=HIST%20171>) except for the additional writing component. Credit is not given for both [HIST 170](<https://catalog.illinois.edu/search/?P=HIST%20170>) and [HIST 171](<https://catalog.illinois.edu/search/?P=HIST%20171>). Prerequisite: Completion of campus Composition I General Education requirement.
This course satisfies the General Education Criteria for:
Advanced Composition
Humanities - Hist & Phil
Cultural Studies - US Minority",https://catalog.illinois.edu/courses-of-instruction/hist/,2026–2027
HIST 171,HIST,171,US History to 1877,3 Hours,"[IAI Code: H2904] U.S. history survey beginning with the diverse peoples who have populated North America since before the age of contact with Europeans and extending forward through the advent of European colonialism, the movement for independence, the foundation of the republic, the Civil War, and Reconstruction, ending in 1877. The course provides an introduction to historical interpretation, with particular attention to racialized and other forms of social, political, and economic inequality and struggles for freedom and democracy. Credit is not given toward graduation for: Credit is not given for both HIST 171 and HIST 170.",,Credit is not given toward graduation for: Credit is not given for both HIST 171 and HIST 170.,"Humanities - Hist & Phil
Cultural Studies - US Minority",,,,"[HIST 171 US History to 1877 credit: 3 Hours.](<https://courses.illinois.edu/schedule/terms/HIST/171>)

[IAI Code: H2904] U.S. history survey beginning with the diverse peoples who have populated North America since before the age of contact with Europeans and extending forward through the advent of European colonialism, the movement for independence, the foundation of the republic, the Civil War, and Reconstruction, ending in 1877. The course provides an introduction to historical interpretation, with particular attention to racialized and other forms of social, political, and economic inequality and struggles for freedom and democracy. Credit is not given toward graduation for: Credit is not given for both [HIST 171](<https://catalog.illinois.edu/search/?P=HIST%20171>) and [HIST 170](<https://catalog.illinois.edu/search/?P=HIST%20170>).
This course satisfies the General Education Criteria for:
Humanities - Hist & Phil
Cultural Studies - US Minority",https://catalog.illinois.edu/courses-of-instruction/hist/,2026–2027
HIST 172,HIST,172,US History Since 1877,3 Hours,"[IAI Code: H2905] Survey of U.S. history from the end of the Civil War to the present, focusing on struggles to achieve a multiracial democracy, the evolution of an industrial, urbanized, and pluralistic society, the intersections between domestic and global affairs, and the practice of historical interpretation. Epoch-making events and elites are considered in light of their relation to the activities and lives of ordinary people, including people of color, immigrants, women, and the working and middle classes. Credit is not given toward graduation for: Credit is not given for both HIST 172 and HIST 173.",,Credit is not given toward graduation for: Credit is not given for both HIST 172 and HIST 173.,"Humanities - Hist & Phil
Cultural Studies - US Minority",,,,"[HIST 172 US History Since 1877 credit: 3 Hours.](<https://courses.illinois.edu/schedule/terms/HIST/172>)

[IAI Code: H2905] Survey of U.S. history from the end of the Civil War to the present, focusing on struggles to achieve a multiracial democracy, the evolution of an industrial, urbanized, and pluralistic society, the intersections between domestic and global affairs, and the practice of historical interpretation. Epoch-making events and elites are considered in light of their relation to the activities and lives of ordinary people, including people of color, immigrants, women, and the working and middle classes. Credit is not given toward graduation for: Credit is not given for both [HIST 172](<https://catalog.illinois.edu/search/?P=HIST%20172>) and [HIST 173](<https://catalog.illinois.edu/search/?P=HIST%20173>).
This course satisfies the General Education Criteria for:
Humanities - Hist & Phil
Cultural Studies - US Minority",https://catalog.illinois.edu/courses-of-instruction/hist/,2026–2027
HIST 173,HIST,173,US History Since 1877-ACP,4 Hours,Course is identical to HIST 172 except for the additional writing component. Credit is not given for both HIST 173 and HIST 172. Prerequisite: Completion of campus Composition I General Education requirement.,Prerequisite: Completion of campus Composition I General Education requirement.,Credit is not given for both HIST 173 and HIST 172.,"Advanced Composition
Humanities - Hist & Phil
Cultural Studies - US Minority",,,,"[HIST 173 US History Since 1877-ACP credit: 4 Hours.](<https://courses.illinois.edu/schedule/terms/HIST/173>)

Course is identical to [HIST 172](<https://catalog.illinois.edu/search/?P=HIST%20172>) except for the additional writing component. Credit is not given for both [HIST 173](<https://catalog.illinois.edu/search/?P=HIST%20173>) and [HIST 172](<https://catalog.illinois.edu/search/?P=HIST%20172>). Prerequisite: Completion of campus Composition I General Education requirement.
This course satisfies the General Education Criteria for:
Advanced Composition
Humanities - Hist & Phil
Cultural Studies - US Minority",https://catalog.illinois.edu/courses-of-instruction/hist/,2026–2027
HIST 174,HIST,174,"Black America, 1619-Present",3 Hours,Same as AFRO 101. See AFRO 101.,,,"Humanities - Hist & Phil
Cultural Studies - US Minority",,,,"[HIST 174 Black America, 1619-Present credit: 3 Hours.](<https://courses.illinois.edu/schedule/terms/HIST/174>)

Same as [AFRO 101](<https://catalog.illinois.edu/search/?P=AFRO%20101>). See [AFRO 101](<https://catalog.illinois.edu/search/?P=AFRO%20101>).
This course satisfies the General Education Criteria for:
Humanities - Hist & Phil
Cultural Studies - US Minority",https://catalog.illinois.edu/courses-of-instruction/hist/,2026–2027
HIST 199,HIST,199,Undergraduate Open Seminar,1 to 5 Hours,May be repeated.,,,,,,,"[HIST 199 Undergraduate Open Seminar credit: 1 to 5 Hours.](<https://courses.illinois.edu/schedule/terms/HIST/199>)

May be repeated.",https://catalog.illinois.edu/courses-of-instruction/hist/,2026–2027
HIST 200,HIST,200,Intro Hist Interpretation,3 Hours,"Through the careful examination of a specific topic or theme, this course provides a thorough introduction to historical interpretation. Particular attention will be devoted to research strategies, writing practices, handling primary and secondary sources, and the analysis of historiography. May be repeated to a maximum of 6 hours with permission of the Director of Undergraduate Studies.",,,,,,,"[HIST 200 Intro Hist Interpretation credit: 3 Hours.](<https://courses.illinois.edu/schedule/terms/HIST/200>)

Through the careful examination of a specific topic or theme, this course provides a thorough introduction to historical interpretation. Particular attention will be devoted to research strategies, writing practices, handling primary and secondary sources, and the analysis of historiography. May be repeated to a maximum of 6 hours with permission of the Director of Undergraduate Studies.",https://catalog.illinois.edu/courses-of-instruction/hist/,2026–2027
HIST 202,HIST,202,American Environmental History,3 Hours,"Introduction to the historical study of Americans' relationship with the natural world. Examination of the ways that ""natural"" forces have helped to shape American history; the ways that human beings have shaped, altered, and interacted with nature over time; and the ways that cultural, philosophical, scientific, and political attitudes toward the environment have changed from pre-history to the present. Same as ESE 202 and NRES 202.",,,"Humanities - Hist & Phil
Cultural Studies - Western",,,,"[HIST 202 American Environmental History credit: 3 Hours.](<https://courses.illinois.edu/schedule/terms/HIST/202>)

Introduction to the historical study of Americans' relationship with the natural world. Examination of the ways that ""natural"" forces have helped to shape American history; the ways that human beings have shaped, altered, and interacted with nature over time; and the ways that cultural, philosophical, scientific, and political attitudes toward the environment have changed from pre-history to the present. Same as [ESE 202](<https://catalog.illinois.edu/search/?P=ESE%20202>) and [NRES 202](<https://catalog.illinois.edu/search/?P=NRES%20202>).
This course satisfies the General Education Criteria for:
Humanities - Hist & Phil
Cultural Studies - Western",https://catalog.illinois.edu/courses-of-instruction/hist/,2026–2027
HIST 203,HIST,203,Reacting to the Past,3 Hours,"An introduction to history through participation in role-playing games set in the past. Topics will vary each time the course is taught. Students will take on the roles of historical figures (famous or obscure) engaged in difficult and complicated situations, and will be obliged to adhere to the beliefs and circumstances of those figures while attempting to pursue a course of action that will help them win the game -- and possibly alter the course of history.",,,,,,,"[HIST 203 Reacting to the Past credit: 3 Hours.](<https://courses.illinois.edu/schedule/terms/HIST/203>)

An introduction to history through participation in role-playing games set in the past. Topics will vary each time the course is taught. Students will take on the roles of historical figures (famous or obscure) engaged in difficult and complicated situations, and will be obliged to adhere to the beliefs and circumstances of those figures while attempting to pursue a course of action that will help them win the game -- and possibly alter the course of history.",https://catalog.illinois.edu/courses-of-instruction/hist/,2026–2027
HIST 205,HIST,205,Lived Experience in Latin America,3 Hours,"Examining the history through the primary texts written by Latin Americans, this course introduces students to theories, contents and methods of historical inquiry, as well as the nuances and the complexities of Latin American history. Reading primary texts written by all strata of society, students will look through the eyes of the diverse populations in Latin America. Students will analyze the traditional narrative of Latin America and gain insight into the lived experience of Latin Americans. Together we will advance our individual and collective understanding of Latin America's rich and complex past.",,,"Humanities - Hist & Phil
Cultural Studies - Non-West",,,,"[HIST 205 Lived Experience in Latin America credit: 3 Hours.](<https://courses.illinois.edu/schedule/terms/HIST/205>)

Examining the history through the primary texts written by Latin Americans, this course introduces students to theories, contents and methods of historical inquiry, as well as the nuances and the complexities of Latin American history. Reading primary texts written by all strata of society, students will look through the eyes of the diverse populations in Latin America. Students will analyze the traditional narrative of Latin America and gain insight into the lived experience of Latin Americans. Together we will advance our individual and collective understanding of Latin America's rich and complex past.
This course satisfies the General Education Criteria for:
Humanities - Hist & Phil
Cultural Studies - Non-West",https://catalog.illinois.edu/courses-of-instruction/hist/,2026–2027
HIST 207,HIST,207,Digital Documentary Publishing,3 Hours,"Introduction to the craft of publishing historical materials, with a special focus on how to publish the past in the digital age. Assignments will include historical and methodological readings, as well as hands-on instruction in digital publishing techniques. Skills taught include historical research, content development, project management, and copyright analysis.",,,Humanities - Hist & Phil,,,,"[HIST 207 Digital Documentary Publishing credit: 3 Hours.](<https://courses.illinois.edu/schedule/terms/HIST/207>)

Introduction to the craft of publishing historical materials, with a special focus on how to publish the past in the digital age. Assignments will include historical and methodological readings, as well as hands-on instruction in digital publishing techniques. Skills taught include historical research, content development, project management, and copyright analysis.
This course satisfies the General Education Criteria for:
Humanities - Hist & Phil",https://catalog.illinois.edu/courses-of-instruction/hist/,2026–2027
HIST 209,HIST,209,World War II: A Global History,3 Hours,"Traces the political, military, social, and economic history of the Second World War. Key themes include the collapse of the Versailles system, the Interwar crisis of democracy, the rise of totalitarian regimes, the civilian experience of war, the intersection of ideology and violence, and the onset of the Nuclear Age. By the end of this course, students will have improved their ability to analyze primary sources and develop source-based historical arguments.",,,"Humanities - Hist & Phil
Cultural Studies - Western",,,,"[HIST 209 World War II: A Global History credit: 3 Hours.](<https://courses.illinois.edu/schedule/terms/HIST/209>)

Traces the political, military, social, and economic history of the Second World War. Key themes include the collapse of the Versailles system, the Interwar crisis of democracy, the rise of totalitarian regimes, the civilian experience of war, the intersection of ideology and violence, and the onset of the Nuclear Age. By the end of this course, students will have improved their ability to analyze primary sources and develop source-based historical arguments.
This course satisfies the General Education Criteria for:
Humanities - Hist & Phil
Cultural Studies - Western",https://catalog.illinois.edu/courses-of-instruction/hist/,2026–2027
HIST 211,HIST,211,History of Southern Africa,3 Hours,"Survey of major themes and events in Southern African history, with emphasis on the period after World War II: the inception and development of apartheid in South Africa, the growth of contests over African nationalism in the subcontinent, wars of liberation and the demise of white domination.",,,"Humanities - Hist & Phil
Cultural Studies - Non-West",,,,"[HIST 211 History of Southern Africa credit: 3 Hours.](<https://courses.illinois.edu/schedule/terms/HIST/211>)

Survey of major themes and events in Southern African history, with emphasis on the period after World War II: the inception and development of apartheid in South Africa, the growth of contests over African nationalism in the subcontinent, wars of liberation and the demise of white domination.
This course satisfies the General Education Criteria for:
Humanities - Hist & Phil
Cultural Studies - Non-West",https://catalog.illinois.edu/courses-of-instruction/hist/,2026–2027
HIST 212,HIST,212,History of Eastern Africa,3 Hours,"Introduction to the history of Eastern Africa from the nineteenth century to the present. Attention to the region's pre-colonial history and institutions is stressed, in order to understand both the transformations brought by European colonialism as well as its limits. The final weeks of the course will examine the differing political, economic, and religious trajectories of the new nation-states since independence in the 1960s.",,,"Humanities - Hist & Phil
Cultural Studies - Non-West",,,,"[HIST 212 History of Eastern Africa credit: 3 Hours.](<https://courses.illinois.edu/schedule/terms/HIST/212>)

Introduction to the history of Eastern Africa from the nineteenth century to the present. Attention to the region's pre-colonial history and institutions is stressed, in order to understand both the transformations brought by European colonialism as well as its limits. The final weeks of the course will examine the differing political, economic, and religious trajectories of the new nation-states since independence in the 1960s.
This course satisfies the General Education Criteria for:
Humanities - Hist & Phil
Cultural Studies - Non-West",https://catalog.illinois.edu/courses-of-instruction/hist/,2026–2027
HIST 213,HIST,213,African Muslim Societies,3 Hours,"Focuses on the history and historiography of Muslim societies in Africa. Investigates the dynamics of the spread of Islam in Africa, and explores differences in Islam in Africa from other areas of the Islamic world, with attention to the image in Western scholarship of Islam in Africa. Provides students with the knowledge and skills they need to understand this central phenomenon in modern world history. Same as AFST 213 and REL 215.",,,"Humanities - Hist & Phil
Cultural Studies - Non-West",,,,"[HIST 213 African Muslim Societies credit: 3 Hours.](<https://courses.illinois.edu/schedule/terms/HIST/213>)

Focuses on the history and historiography of Muslim societies in Africa. Investigates the dynamics of the spread of Islam in Africa, and explores differences in Islam in Africa from other areas of the Islamic world, with attention to the image in Western scholarship of Islam in Africa. Provides students with the knowledge and skills they need to understand this central phenomenon in modern world history. Same as [AFST 213](<https://catalog.illinois.edu/search/?P=AFST%20213>) and [REL 215](<https://catalog.illinois.edu/search/?P=REL%20215>).
This course satisfies the General Education Criteria for:
Humanities - Hist & Phil
Cultural Studies - Non-West",https://catalog.illinois.edu/courses-of-instruction/hist/,2026–2027
HIST 219,HIST,219,History of the Prison,3 Hours,Same as AFRO 221 and LA 221. See LA 221.,,,,,,,"[HIST 219 History of the Prison credit: 3 Hours.](<https://courses.illinois.edu/schedule/terms/HIST/219>)

Same as [AFRO 221](<https://catalog.illinois.edu/search/?P=AFRO%20221>) and [LA 221](<https://catalog.illinois.edu/search/?P=LA%20221>). See [LA 221](<https://catalog.illinois.edu/search/?P=LA%20221>).",https://catalog.illinois.edu/courses-of-instruction/hist/,2026–2027
HIST 220,HIST,220,Traditional China,3 Hours,"[IAI Code: H2903N and H4903N] Historical background to the modern age, tracing the Chinese state and empire from the earliest times until 1644 A.D. Basic political, social, and economic patterns; cultural, intellectual, and technological achievements; and China's impact on Asia and the world. Same as EALC 220.",,,"Humanities - Hist & Phil
Cultural Studies - Non-West",,,,"[HIST 220 Traditional China credit: 3 Hours.](<https://courses.illinois.edu/schedule/terms/HIST/220>)

[IAI Code: H2903N and H4903N] Historical background to the modern age, tracing the Chinese state and empire from the earliest times until 1644 A.D. Basic political, social, and economic patterns; cultural, intellectual, and technological achievements; and China's impact on Asia and the world. Same as [EALC 220](<https://catalog.illinois.edu/search/?P=EALC%20220>).
This course satisfies the General Education Criteria for:
Humanities - Hist & Phil
Cultural Studies - Non-West",https://catalog.illinois.edu/courses-of-instruction/hist/,2026–2027
HIST 221,HIST,221,Modern China,3 Hours,"General introduction to the major themes of the Chinese Revolution from 1840 to the present, emphasizing the interplay between politics, ideas, and culture. Themes include the tension between cultural integrity and Western ideologies, between democratic participation and the tradition of centralized control, and the representation of cultural identity in high and mass cultures. Same as EALC 221.",,,Cultural Studies - Non-West,,,,"[HIST 221 Modern China credit: 3 Hours.](<https://courses.illinois.edu/schedule/terms/HIST/221>)

General introduction to the major themes of the Chinese Revolution from 1840 to the present, emphasizing the interplay between politics, ideas, and culture. Themes include the tension between cultural integrity and Western ideologies, between democratic participation and the tradition of centralized control, and the representation of cultural identity in high and mass cultures. Same as [EALC 221](<https://catalog.illinois.edu/search/?P=EALC%20221>).
This course satisfies the General Education Criteria for:
Cultural Studies - Non-West",https://catalog.illinois.edu/courses-of-instruction/hist/,2026–2027
HIST 222,HIST,222,Chinese Thought and Culture,3 Hours,Same as EALC 222 and REL 224. See EALC 222.,,,"Humanities - Hist & Phil
Cultural Studies - Non-West",,,,"[HIST 222 Chinese Thought and Culture credit: 3 Hours.](<https://courses.illinois.edu/schedule/terms/HIST/222>)

Same as [EALC 222](<https://catalog.illinois.edu/search/?P=EALC%20222>) and [REL 224](<https://catalog.illinois.edu/search/?P=REL%20224>). See [EALC 222](<https://catalog.illinois.edu/search/?P=EALC%20222>).
This course satisfies the General Education Criteria for:
Humanities - Hist & Phil
Cultural Studies - Non-West",https://catalog.illinois.edu/courses-of-instruction/hist/,2026–2027
HIST 227,HIST,227,Modern Japanese History,3 Hours,"Introduction to the history of the Japanese people, their social and cultural systems, politics, and economy, from the mid-sixteenth century to the mid-twentieth century. Same as EALC 227.",,,"Humanities - Hist & Phil
Cultural Studies - Non-West",,,,"[HIST 227 Modern Japanese History credit: 3 Hours.](<https://courses.illinois.edu/schedule/terms/HIST/227>)

Introduction to the history of the Japanese people, their social and cultural systems, politics, and economy, from the mid-sixteenth century to the mid-twentieth century. Same as [EALC 227](<https://catalog.illinois.edu/search/?P=EALC%20227>).
This course satisfies the General Education Criteria for:
Humanities - Hist & Phil
Cultural Studies - Non-West",https://catalog.illinois.edu/courses-of-instruction/hist/,2026–2027
HIST 228,HIST,228,From Genghis Khan to the Taliban: War and Peace in Central Asia,3 Hours,"Traces the transformation of Central Asia from Genghis Khan’s thirteenth century conquests to the present, covering the territories of present-day Afghanistan, Kyrgyzstan, Tajikistan, Turkmenistan, Uzbekistan, and Xinjiang (Western China). We will explore nearly a thousand years of history, but the primary emphasis is on imperial schemes and transformations over the past 300 years. All readings are in English. No prior knowledge in Central Asian history is expected or required. Same as REES 228.",,,"Humanities - Hist & Phil
Cultural Studies - Non-West",,,,"[HIST 228 From Genghis Khan to the Taliban: War and Peace in Central Asia credit: 3 Hours.](<https://courses.illinois.edu/schedule/terms/HIST/228>)

Traces the transformation of Central Asia from Genghis Khan’s thirteenth century conquests to the present, covering the territories of present-day Afghanistan, Kyrgyzstan, Tajikistan, Turkmenistan, Uzbekistan, and Xinjiang (Western China). We will explore nearly a thousand years of history, but the primary emphasis is on imperial schemes and transformations over the past 300 years. All readings are in English. No prior knowledge in Central Asian history is expected or required. Same as [REES 228](<https://catalog.illinois.edu/search/?P=REES%20228>).
This course satisfies the General Education Criteria for:
Humanities - Hist & Phil
Cultural Studies - Non-West",https://catalog.illinois.edu/courses-of-instruction/hist/,2026–2027
HIST 236,HIST,236,Madness and Modern Society,3 Hours,"This course provides a broad overview of the development of the mind sciences in modern Europe from the beginning of state-regulated asylums to the advent of pharmaceutical treatment and care in the community. Using a combination of primary sources and secondary texts, we will examine how the diagnosis and treatment of ""madness"" in its many forms has been shaped through the interaction of social, political, economic, and cultural factors from roughly 1750 to the 1990s. Same as PSYC 236.",,,"Humanities - Hist & Phil
Cultural Studies - Western",,,,"[HIST 236 Madness and Modern Society credit: 3 Hours.](<https://courses.illinois.edu/schedule/terms/HIST/236>)

This course provides a broad overview of the development of the mind sciences in modern Europe from the beginning of state-regulated asylums to the advent of pharmaceutical treatment and care in the community. Using a combination of primary sources and secondary texts, we will examine how the diagnosis and treatment of ""madness"" in its many forms has been shaped through the interaction of social, political, economic, and cultural factors from roughly 1750 to the 1990s. Same as [PSYC 236](<https://catalog.illinois.edu/search/?P=PSYC%20236>).
This course satisfies the General Education Criteria for:
Humanities - Hist & Phil
Cultural Studies - Western",https://catalog.illinois.edu/courses-of-instruction/hist/,2026–2027
HIST 240,HIST,240,Ancient Greek Civilization,3 Hours,The history of ancient Greece and neighboring civilizations from the Archaic Period to the conquests of Alexander.,,,,,,,"[HIST 240 Ancient Greek Civilization credit: 3 Hours.](<https://courses.illinois.edu/schedule/terms/HIST/240>)

The history of ancient Greece and neighboring civilizations from the Archaic Period to the conquests of Alexander.",https://catalog.illinois.edu/courses-of-instruction/hist/,2026–2027
HIST 241,HIST,241,History of Ancient Rome,3 Hours,"Survey of the political, social, economic, military, institutional, religious and cultural development of Rome from 753 BCE until 480 CE.",,,"Humanities - Hist & Phil
Cultural Studies - Western",,,,"[HIST 241 History of Ancient Rome credit: 3 Hours.](<https://courses.illinois.edu/schedule/terms/HIST/241>)

Survey of the political, social, economic, military, institutional, religious and cultural development of Rome from 753 BCE until 480 CE.
This course satisfies the General Education Criteria for:
Humanities - Hist & Phil
Cultural Studies - Western",https://catalog.illinois.edu/courses-of-instruction/hist/,2026–2027
HIST 245,HIST,245,"Wives, Workers and Witches in Pre-Modern Europe",3 Hours,"Examines the history of women and the evolution of concepts of gender in western Europe from roughly 400 to 1700. Topics include the interactions of class and ethnicity with women's experiences, the social construction of sexuality and gender, the misogynist tradition, and women's self-images. Same as GWS 245 and MDVL 245.",,,,,,,"[HIST 245 Wives, Workers and Witches in Pre-Modern Europe credit: 3 Hours.](<https://courses.illinois.edu/schedule/terms/HIST/245>)

Examines the history of women and the evolution of concepts of gender in western Europe from roughly 400 to 1700. Topics include the interactions of class and ethnicity with women's experiences, the social construction of sexuality and gender, the misogynist tradition, and women's self-images. Same as [GWS 245](<https://catalog.illinois.edu/search/?P=GWS%20245>) and [MDVL 245](<https://catalog.illinois.edu/search/?P=MDVL%20245>).",https://catalog.illinois.edu/courses-of-instruction/hist/,2026–2027
HIST 247,HIST,247,Medieval Europe,3 Hours,"From the fragmentation of the Roman Empire to the formation of territorial monarchies, this course surveys the events, innovations, crises, and movements that shaped western Europe in a pivotal era known as ""the Middle Ages."" Topics will include the spread of Christianity, the migration of peoples, fundamental changes in economic and social structures, the development of political institutions, the role of women, and the cultural achievements of different communities (the monastery, the town, the court). Same as MDVL 247.",,,"Humanities - Hist & Phil
Cultural Studies - Western",,,,"[HIST 247 Medieval Europe credit: 3 Hours.](<https://courses.illinois.edu/schedule/terms/HIST/247>)

From the fragmentation of the Roman Empire to the formation of territorial monarchies, this course surveys the events, innovations, crises, and movements that shaped western Europe in a pivotal era known as ""the Middle Ages."" Topics will include the spread of Christianity, the migration of peoples, fundamental changes in economic and social structures, the development of political institutions, the role of women, and the cultural achievements of different communities (the monastery, the town, the court). Same as [MDVL 247](<https://catalog.illinois.edu/search/?P=MDVL%20247>).
This course satisfies the General Education Criteria for:
Humanities - Hist & Phil
Cultural Studies - Western",https://catalog.illinois.edu/courses-of-instruction/hist/,2026–2027
HIST 251,HIST,251,Warfare Milit Insts & Soc,3 Hours,"History of warfare and its relationship to changing technologies, tactics, and political structures, with an emphasis on the ways that military institutions are integrated with society as a whole. Same as GLBL 251.",,,,,,,"[HIST 251 Warfare Milit Insts & Soc credit: 3 Hours.](<https://courses.illinois.edu/schedule/terms/HIST/251>)

History of warfare and its relationship to changing technologies, tactics, and political structures, with an emphasis on the ways that military institutions are integrated with society as a whole. Same as [GLBL 251](<https://catalog.illinois.edu/search/?P=GLBL%20251>).",https://catalog.illinois.edu/courses-of-instruction/hist/,2026–2027
HIST 252,HIST,252,The Holocaust,3 Hours,"Exploration of the Holocaust in historical perspective by examining European anti-Semitism, political developments in Germany, the rise to power of the Nazis, and the origins of the Holocaust with first-hand accounts, films, and historical texts, concluding with the legacy of the Holocaust in the contemporary world. Same as JS 252.",,,"Humanities - Hist & Phil
Cultural Studies - Western",,,,"[HIST 252 The Holocaust credit: 3 Hours.](<https://courses.illinois.edu/schedule/terms/HIST/252>)

Exploration of the Holocaust in historical perspective by examining European anti-Semitism, political developments in Germany, the rise to power of the Nazis, and the origins of the Holocaust with first-hand accounts, films, and historical texts, concluding with the legacy of the Holocaust in the contemporary world. Same as [JS 252](<https://catalog.illinois.edu/search/?P=JS%20252>).
This course satisfies the General Education Criteria for:
Humanities - Hist & Phil
Cultural Studies - Western",https://catalog.illinois.edu/courses-of-instruction/hist/,2026–2027
HIST 253,HIST,253,Enlightenment to Existentialsm,3 Hours,"Survey of the major authors, ideas, events, and styles in the cultural and intellectual history of Europe from the seventeenth to the mid-twentieth centuries, focusing on the intellectual traditions of France, Germany, and Great Britain.",,,"Humanities - Hist & Phil
Cultural Studies - Western",,,,"[HIST 253 Enlightenment to Existentialsm credit: 3 Hours.](<https://courses.illinois.edu/schedule/terms/HIST/253>)

Survey of the major authors, ideas, events, and styles in the cultural and intellectual history of Europe from the seventeenth to the mid-twentieth centuries, focusing on the intellectual traditions of France, Germany, and Great Britain.
This course satisfies the General Education Criteria for:
Humanities - Hist & Phil
Cultural Studies - Western",https://catalog.illinois.edu/courses-of-instruction/hist/,2026–2027
HIST 254,HIST,254,Vikings to Volvos: Scandinavia,3 Hours,Same as SCAN 225. See SCAN 225.,,,"Humanities - Lit & Arts
Cultural Studies - Western",,,,"[HIST 254 Vikings to Volvos: Scandinavia credit: 3 Hours.](<https://courses.illinois.edu/schedule/terms/HIST/254>)

Same as [SCAN 225](<https://catalog.illinois.edu/search/?P=SCAN%20225>). See [SCAN 225](<https://catalog.illinois.edu/search/?P=SCAN%20225>).
This course satisfies the General Education Criteria for:
Humanities - Lit & Arts
Cultural Studies - Western",https://catalog.illinois.edu/courses-of-instruction/hist/,2026–2027
HIST 255,HIST,255,British Isles to 1688,3 Hours,"Survey of the political, social and economic, religious, and cultural history of the British people from the ""prehistoric"" era through the revolution of 1688. Same as MDVL 255.",,,"Humanities - Hist & Phil
Cultural Studies - Western",,,,"[HIST 255 British Isles to 1688 credit: 3 Hours.](<https://courses.illinois.edu/schedule/terms/HIST/255>)

Survey of the political, social and economic, religious, and cultural history of the British people from the ""prehistoric"" era through the revolution of 1688. Same as [MDVL 255](<https://catalog.illinois.edu/search/?P=MDVL%20255>).
This course satisfies the General Education Criteria for:
Humanities - Hist & Phil
Cultural Studies - Western",https://catalog.illinois.edu/courses-of-instruction/hist/,2026–2027
HIST 256,HIST,256,Britain and World Since 1688,3 Hours,Historical survey of the British Isles and the British Empire since the late seventeenth century.,,,,,,,"[HIST 256 Britain and World Since 1688 credit: 3 Hours.](<https://courses.illinois.edu/schedule/terms/HIST/256>)

Historical survey of the British Isles and the British Empire since the late seventeenth century.",https://catalog.illinois.edu/courses-of-instruction/hist/,2026–2027
HIST 257,HIST,257,"Terrorism, Past and Present",3 Hours,"Explores the history of terrorism, its goals and practices. We recognize that it is not specific to any one ideology, religion, or people. Terrorism is political violence, psychological warfare meant to manipulate a large target audience. Same as GLBL 228.",,,"Humanities - Hist & Phil
Cultural Studies - Western",,,,"[HIST 257 Terrorism, Past and Present credit: 3 Hours.](<https://courses.illinois.edu/schedule/terms/HIST/257>)

Explores the history of terrorism, its goals and practices. We recognize that it is not specific to any one ideology, religion, or people. Terrorism is political violence, psychological warfare meant to manipulate a large target audience. Same as [GLBL 228](<https://catalog.illinois.edu/search/?P=GLBL%20228>).
This course satisfies the General Education Criteria for:
Humanities - Hist & Phil
Cultural Studies - Western",https://catalog.illinois.edu/courses-of-instruction/hist/,2026–2027
HIST 258,HIST,258,20thC World to Midcentury,3 Hours,"Economic, social, political, and cultural developments in twentieth-century world history from late nineteenth-century to Second World War era.",,,"Humanities - Hist & Phil
Cultural Studies - Western",,,,"[HIST 258 20thC World to Midcentury credit: 3 Hours.](<https://courses.illinois.edu/schedule/terms/HIST/258>)

Economic, social, political, and cultural developments in twentieth-century world history from late nineteenth-century to Second World War era.
This course satisfies the General Education Criteria for:
Humanities - Hist & Phil
Cultural Studies - Western",https://catalog.illinois.edu/courses-of-instruction/hist/,2026–2027
HIST 259,HIST,259,20thC World from Midcentury,3 Hours,"Economic, social, political, and cultural developments in twentieth-century world history from Second World War era to the present.",,,"Humanities - Hist & Phil
Cultural Studies - Western",,,,"[HIST 259 20thC World from Midcentury credit: 3 Hours.](<https://courses.illinois.edu/schedule/terms/HIST/259>)

Economic, social, political, and cultural developments in twentieth-century world history from Second World War era to the present.
This course satisfies the General Education Criteria for:
Humanities - Hist & Phil
Cultural Studies - Western",https://catalog.illinois.edu/courses-of-instruction/hist/,2026–2027
HIST 260,HIST,260,History of Russia,3 Hours,Main themes and problems of Russian history from earliest times to the present.,,,"Humanities - Hist & Phil
Cultural Studies - Western",,,,"[HIST 260 History of Russia credit: 3 Hours.](<https://courses.illinois.edu/schedule/terms/HIST/260>)

Main themes and problems of Russian history from earliest times to the present.
This course satisfies the General Education Criteria for:
Humanities - Hist & Phil
Cultural Studies - Western",https://catalog.illinois.edu/courses-of-instruction/hist/,2026–2027
HIST 261,HIST,261,Introduction to Jewish Culture in the Russian Empire,3 Hours,Same as RUSS 261. See RUSS 261.,,,,,,,"[HIST 261 Introduction to Jewish Culture in the Russian Empire credit: 3 Hours.](<https://courses.illinois.edu/schedule/terms/HIST/261>)

Same as [RUSS 261](<https://catalog.illinois.edu/search/?P=RUSS%20261>). See [RUSS 261](<https://catalog.illinois.edu/search/?P=RUSS%20261>).",https://catalog.illinois.edu/courses-of-instruction/hist/,2026–2027
HIST 262,HIST,262,Zionism: A Global History,3 Hours,"Examines the history of the Zionist movement. The course is designed for students with no prior knowledge of Jewish, European, or Middle Eastern history. The goal is to survey how Zionism emerged as a widespread political movement and, in the process, helped create an independent state for the Jewish people. In addition to familiarizing students with the backstory of a globally significant movement, this class will teach students historical interpretation skills. Same as JS 262.",,,"Humanities - Hist & Phil
Cultural Studies - Western",,,,"[HIST 262 Zionism: A Global History credit: 3 Hours.](<https://courses.illinois.edu/schedule/terms/HIST/262>)

Examines the history of the Zionist movement. The course is designed for students with no prior knowledge of Jewish, European, or Middle Eastern history. The goal is to survey how Zionism emerged as a widespread political movement and, in the process, helped create an independent state for the Jewish people. In addition to familiarizing students with the backstory of a globally significant movement, this class will teach students historical interpretation skills. Same as [JS 262](<https://catalog.illinois.edu/search/?P=JS%20262>).
This course satisfies the General Education Criteria for:
Humanities - Hist & Phil
Cultural Studies - Western",https://catalog.illinois.edu/courses-of-instruction/hist/,2026–2027
HIST 263,HIST,263,History of Medicine in the United States,3 Hours,"Medicine and public health in the United States from the colonial period through the twentieth century. Topics include medical theories, therapeutic practices, and institutions as determined by science, culture, politics, law, and social structures. Additional attention will be paid to illness and epidemics; health care providers, patients, and public policy. Throughout, the course will highlight race, sex, (dis)ability, and other social categories that have affected medical care and been defined in medical terms. Same as GWS 263.",,,"Humanities - Hist & Phil
Cultural Studies - US Minority",,,,"[HIST 263 History of Medicine in the United States credit: 3 Hours.](<https://courses.illinois.edu/schedule/terms/HIST/263>)

Medicine and public health in the United States from the colonial period through the twentieth century. Topics include medical theories, therapeutic practices, and institutions as determined by science, culture, politics, law, and social structures. Additional attention will be paid to illness and epidemics; health care providers, patients, and public policy. Throughout, the course will highlight race, sex, (dis)ability, and other social categories that have affected medical care and been defined in medical terms. Same as [GWS 263](<https://catalog.illinois.edu/search/?P=GWS%20263>).
This course satisfies the General Education Criteria for:
Humanities - Hist & Phil
Cultural Studies - US Minority",https://catalog.illinois.edu/courses-of-instruction/hist/,2026–2027
HIST 264,HIST,264,Technology in Western Society,3 Hours,"Explores the role of technology as a transforming social force; examines innovations from the stirrup and heavy plow to the airplane and computer, that restructured economic and political life and realigned values; examines cultural representations of technology.",,,"Humanities - Hist & Phil
Cultural Studies - Western",,,,"[HIST 264 Technology in Western Society credit: 3 Hours.](<https://courses.illinois.edu/schedule/terms/HIST/264>)

Explores the role of technology as a transforming social force; examines innovations from the stirrup and heavy plow to the airplane and computer, that restructured economic and political life and realigned values; examines cultural representations of technology.
This course satisfies the General Education Criteria for:
Humanities - Hist & Phil
Cultural Studies - Western",https://catalog.illinois.edu/courses-of-instruction/hist/,2026–2027
HIST 268,HIST,268,Biology and Society from Darwin to the Human Genome,3 Hours,"The ideas of Charles Darwin initiated a profound transformation in human thought, science, and culture. This course examines the intellectual origins, scientific content, and social, cultural, and religious context and impacts of Darwinian evolutionary theory. Topics include the conflict between science and religion, the eugenics movement and Social Darwinism, the biology of race and gender, and the rise of modern genetics and genomics.",,,"Humanities - Hist & Phil
Cultural Studies - Western",,,,"[HIST 268 Biology and Society from Darwin to the Human Genome credit: 3 Hours.](<https://courses.illinois.edu/schedule/terms/HIST/268>)

The ideas of Charles Darwin initiated a profound transformation in human thought, science, and culture. This course examines the intellectual origins, scientific content, and social, cultural, and religious context and impacts of Darwinian evolutionary theory. Topics include the conflict between science and religion, the eugenics movement and Social Darwinism, the biology of race and gender, and the rise of modern genetics and genomics.
This course satisfies the General Education Criteria for:
Humanities - Hist & Phil
Cultural Studies - Western",https://catalog.illinois.edu/courses-of-instruction/hist/,2026–2027
HIST 269,HIST,269,Jewish History Since 1700,3 Hours,"Explores how life was lived by Jewish women and men through the past three centuries. Will also focus on wider place of the Jews in European society, and the achievements and tragedies of the modern Jewish-non-Jewish relationship. Same as JS 269 and REL 269.",,,"Humanities - Hist & Phil
Cultural Studies - Western",,,,"[HIST 269 Jewish History Since 1700 credit: 3 Hours.](<https://courses.illinois.edu/schedule/terms/HIST/269>)

Explores how life was lived by Jewish women and men through the past three centuries. Will also focus on wider place of the Jews in European society, and the achievements and tragedies of the modern Jewish-non-Jewish relationship. Same as [JS 269](<https://catalog.illinois.edu/search/?P=JS%20269>) and [REL 269](<https://catalog.illinois.edu/search/?P=REL%20269>).
This course satisfies the General Education Criteria for:
Humanities - Hist & Phil
Cultural Studies - Western",https://catalog.illinois.edu/courses-of-instruction/hist/,2026–2027
HIST 270,HIST,270,United States History to 1815,3 Hours,"Social, economic, and political survey of the region and its relation to the evolving Atlantic community.",,,,,,,"[HIST 270 United States History to 1815 credit: 3 Hours.](<https://courses.illinois.edu/schedule/terms/HIST/270>)

Social, economic, and political survey of the region and its relation to the evolving Atlantic community.",https://catalog.illinois.edu/courses-of-instruction/hist/,2026–2027
HIST 271,HIST,271,Nineteenth Century America,3 Hours,History of the United States from 1815 to 1900.,,,,,,,"[HIST 271 Nineteenth Century America credit: 3 Hours.](<https://courses.illinois.edu/schedule/terms/HIST/271>)

History of the United States from 1815 to 1900.",https://catalog.illinois.edu/courses-of-instruction/hist/,2026–2027
HIST 272,HIST,272,Twentieth Century America,3 Hours,"One major emphasis on foreign policy, including the emergence of the United States as a great power after 1898; a second emphasis on the Progressive movement and recurrent attempts at the reform of American society; and racial and urban problems and the conservation of natural resources included.",,,,,,,"[HIST 272 Twentieth Century America credit: 3 Hours.](<https://courses.illinois.edu/schedule/terms/HIST/272>)

One major emphasis on foreign policy, including the emergence of the United States as a great power after 1898; a second emphasis on the Progressive movement and recurrent attempts at the reform of American society; and racial and urban problems and the conservation of natural resources included.",https://catalog.illinois.edu/courses-of-instruction/hist/,2026–2027
HIST 273,HIST,273,Illinois History,3 Hours,"History of Chicago and Illinois from prehistoric times to the present, illustrating the jarring conflicts and great achievements of peoples from all over the world. Politics, economics, popular and high culture, education, mass media, racial problems, and ethnic diversity are especially featured. There is an emphasis on the relation of city, state, and region to one another.",,,,,,,"[HIST 273 Illinois History credit: 3 Hours.](<https://courses.illinois.edu/schedule/terms/HIST/273>)

History of Chicago and Illinois from prehistoric times to the present, illustrating the jarring conflicts and great achievements of peoples from all over the world. Politics, economics, popular and high culture, education, mass media, racial problems, and ethnic diversity are especially featured. There is an emphasis on the relation of city, state, and region to one another.",https://catalog.illinois.edu/courses-of-instruction/hist/,2026–2027
HIST 274,HIST,274,US Foreign Relations Since 1917,3 Hours,"Over the course of the twentieth century the United States rose to superpower status, in the process profoundly shaping world affairs. Students will study the connections between U.S. and global history in this pivotal period. Explores the impact of the United States on world affairs from roughly 1917 through the end of the Cold War. Attention given to the perspectives of people affected by U.S. policies and the limits of U.S. power in the face of developments such as anticolonial nationalism and great power rivalries.",,,"Humanities - Hist & Phil
Cultural Studies - Western",,,,"[HIST 274 US Foreign Relations Since 1917 credit: 3 Hours.](<https://courses.illinois.edu/schedule/terms/HIST/274>)

Over the course of the twentieth century the United States rose to superpower status, in the process profoundly shaping world affairs. Students will study the connections between U.S. and global history in this pivotal period. Explores the impact of the United States on world affairs from roughly 1917 through the end of the Cold War. Attention given to the perspectives of people affected by U.S. policies and the limits of U.S. power in the face of developments such as anticolonial nationalism and great power rivalries.
This course satisfies the General Education Criteria for:
Humanities - Hist & Phil
Cultural Studies - Western",https://catalog.illinois.edu/courses-of-instruction/hist/,2026–2027
HIST 275,HIST,275,Afro-American History to 1877,3 Hours,"History of Africans in the Americas, surveying the African slave trade, slavery in the European colonies of the Americas, early United States slavery, and the Afro-American in the Civil War and Reconstruction. Same as AFRO 275.",,,"Humanities - Hist & Phil
Cultural Studies - US Minority",,,,"[HIST 275 Afro-American History to 1877 credit: 3 Hours.](<https://courses.illinois.edu/schedule/terms/HIST/275>)

History of Africans in the Americas, surveying the African slave trade, slavery in the European colonies of the Americas, early United States slavery, and the Afro-American in the Civil War and Reconstruction. Same as [AFRO 275](<https://catalog.illinois.edu/search/?P=AFRO%20275>).
This course satisfies the General Education Criteria for:
Humanities - Hist & Phil
Cultural Studies - US Minority",https://catalog.illinois.edu/courses-of-instruction/hist/,2026–2027
HIST 276,HIST,276,African American History Since 1877,3 Hours,History of Afro-Americans in the age of white supremacy; the rise of modern protest organizations; the era of integration; and the black power movement. Same as AFRO 276.,,,"Humanities - Hist & Phil
Cultural Studies - US Minority",,,,"[HIST 276 African American History Since 1877 credit: 3 Hours.](<https://courses.illinois.edu/schedule/terms/HIST/276>)

History of Afro-Americans in the age of white supremacy; the rise of modern protest organizations; the era of integration; and the black power movement. Same as [AFRO 276](<https://catalog.illinois.edu/search/?P=AFRO%20276>).
This course satisfies the General Education Criteria for:
Humanities - Hist & Phil
Cultural Studies - US Minority",https://catalog.illinois.edu/courses-of-instruction/hist/,2026–2027
HIST 277,HIST,277,Encounters in Native America,3 Hours,"An examination of pivotal events in the history of Native peoples in North America. Students will explore the complexity of encounters between American Indians and others through a focus on key moments. These will include religious encounters, military confrontations, and legal struggles as well as social and artistic interactions. Same as AIS 277.",,,"Humanities - Hist & Phil
Cultural Studies - US Minority",,,,"[HIST 277 Encounters in Native America credit: 3 Hours.](<https://courses.illinois.edu/schedule/terms/HIST/277>)

An examination of pivotal events in the history of Native peoples in North America. Students will explore the complexity of encounters between American Indians and others through a focus on key moments. These will include religious encounters, military confrontations, and legal struggles as well as social and artistic interactions. Same as [AIS 277](<https://catalog.illinois.edu/search/?P=AIS%20277>).
This course satisfies the General Education Criteria for:
Humanities - Hist & Phil
Cultural Studies - US Minority",https://catalog.illinois.edu/courses-of-instruction/hist/,2026–2027
HIST 278,HIST,278,Native American History,3 Hours,"A survey of the Native American experience in North America from the time of first contact to the present. The course will examine the dynamics and consequences of Native dispossession as well as the continuities in American Indian life and culture. Course materials will include writing and testimony by Native people as well as historical narratives, court decisions and government documents. Same as AIS 278.",,,"Humanities - Hist & Phil
Cultural Studies - US Minority",,,,"[HIST 278 Native American History credit: 3 Hours.](<https://courses.illinois.edu/schedule/terms/HIST/278>)

A survey of the Native American experience in North America from the time of first contact to the present. The course will examine the dynamics and consequences of Native dispossession as well as the continuities in American Indian life and culture. Course materials will include writing and testimony by Native people as well as historical narratives, court decisions and government documents. Same as [AIS 278](<https://catalog.illinois.edu/search/?P=AIS%20278>).
This course satisfies the General Education Criteria for:
Humanities - Hist & Phil
Cultural Studies - US Minority",https://catalog.illinois.edu/courses-of-instruction/hist/,2026–2027
HIST 279,HIST,279,Mexican-American History,3 Hours,Same as LLS 279. See LLS 279.,,,"Humanities - Hist & Phil
Cultural Studies - US Minority",,,,"[HIST 279 Mexican-American History credit: 3 Hours.](<https://courses.illinois.edu/schedule/terms/HIST/279>)

Same as [LLS 279](<https://catalog.illinois.edu/search/?P=LLS%20279>). See [LLS 279](<https://catalog.illinois.edu/search/?P=LLS%20279>).
This course satisfies the General Education Criteria for:
Humanities - Hist & Phil
Cultural Studies - US Minority",https://catalog.illinois.edu/courses-of-instruction/hist/,2026–2027
HIST 280,HIST,280,Caribbean Latina/o Migration,3 Hours,"Study of the economic, political, and social forces which shaped migration, settlement, and community formation of Puerto Ricans, Cubans, and Dominicans living in the United States. Same as LLS 280.",,,"Humanities - Hist & Phil
Cultural Studies - US Minority",,,,"[HIST 280 Caribbean Latina/o Migration credit: 3 Hours.](<https://courses.illinois.edu/schedule/terms/HIST/280>)

Study of the economic, political, and social forces which shaped migration, settlement, and community formation of Puerto Ricans, Cubans, and Dominicans living in the United States. Same as [LLS 280](<https://catalog.illinois.edu/search/?P=LLS%20280>).
This course satisfies the General Education Criteria for:
Humanities - Hist & Phil
Cultural Studies - US Minority",https://catalog.illinois.edu/courses-of-instruction/hist/,2026–2027
HIST 281,HIST,281,Constructing Race in America,3 Hours,"Interdisciplinary examination of the historical, cultural, and social dimensions of race and ethnicity in the United States. Explores the complex and intricate pursuit of multiracial and multicultural democracy. Same as AAS 281, AFRO 281, and LLS 281.",,,"Humanities - Hist & Phil
Cultural Studies - US Minority",,,,"[HIST 281 Constructing Race in America credit: 3 Hours.](<https://courses.illinois.edu/schedule/terms/HIST/281>)

Interdisciplinary examination of the historical, cultural, and social dimensions of race and ethnicity in the United States. Explores the complex and intricate pursuit of multiracial and multicultural democracy. Same as [AAS 281](<https://catalog.illinois.edu/search/?P=AAS%20281>), [AFRO 281](<https://catalog.illinois.edu/search/?P=AFRO%20281>), and [LLS 281](<https://catalog.illinois.edu/search/?P=LLS%20281>).
This course satisfies the General Education Criteria for:
Humanities - Hist & Phil
Cultural Studies - US Minority",https://catalog.illinois.edu/courses-of-instruction/hist/,2026–2027
HIST 283,HIST,283,Asian American History,3 Hours,"Exploration of the migrations of peoples from the Asian continent into the United States, their attempts to build family and community, and their subsequent impact on American history. Same as AAS 283.",,,"Humanities - Hist & Phil
Cultural Studies - US Minority",,,,"[HIST 283 Asian American History credit: 3 Hours.](<https://courses.illinois.edu/schedule/terms/HIST/283>)

Exploration of the migrations of peoples from the Asian continent into the United States, their attempts to build family and community, and their subsequent impact on American history. Same as [AAS 283](<https://catalog.illinois.edu/search/?P=AAS%20283>).
This course satisfies the General Education Criteria for:
Humanities - Hist & Phil
Cultural Studies - US Minority",https://catalog.illinois.edu/courses-of-instruction/hist/,2026–2027
HIST 285,HIST,285,US Gender History to 1877,3 Hours,"This course surveys the history of gender formations in the United States to 1877. Although it pays some attention to manhood and masculinity, it focuses on the history of women from a variety of social groups and on gender ideas pertaining to women. Throughout, it considers the ways gender intersected with categories such as race and class as it placed women of different backgrounds in differential positions. Same as GWS 285.",,,"Humanities - Hist & Phil
Cultural Studies - US Minority",,,,"[HIST 285 US Gender History to 1877 credit: 3 Hours.](<https://courses.illinois.edu/schedule/terms/HIST/285>)

This course surveys the history of gender formations in the United States to 1877. Although it pays some attention to manhood and masculinity, it focuses on the history of women from a variety of social groups and on gender ideas pertaining to women. Throughout, it considers the ways gender intersected with categories such as race and class as it placed women of different backgrounds in differential positions. Same as [GWS 285](<https://catalog.illinois.edu/search/?P=GWS%20285>).
This course satisfies the General Education Criteria for:
Humanities - Hist & Phil
Cultural Studies - US Minority",https://catalog.illinois.edu/courses-of-instruction/hist/,2026–2027
HIST 287,HIST,287,African-American Women,3 Hours,"Examines the history of African American women, beginning with the West African background during the transatlantic slave trading era, emphasizing the experiences of black women in the United States during slavery and their political, civic, community and reform activities from slavery to the present, analyzed within the context of racism, sexism, and economic deprivation. African women in the diaspora, and the impact of feminism/womanism, Afrocentrism, and multicultural diversity on the African American woman are considered. Same as AFRO 287 and GWS 287.",,,,,,,"[HIST 287 African-American Women credit: 3 Hours.](<https://courses.illinois.edu/schedule/terms/HIST/287>)

Examines the history of African American women, beginning with the West African background during the transatlantic slave trading era, emphasizing the experiences of black women in the United States during slavery and their political, civic, community and reform activities from slavery to the present, analyzed within the context of racism, sexism, and economic deprivation. African women in the diaspora, and the impact of feminism/womanism, Afrocentrism, and multicultural diversity on the African American woman are considered. Same as [AFRO 287](<https://catalog.illinois.edu/search/?P=AFRO%20287>) and [GWS 287](<https://catalog.illinois.edu/search/?P=GWS%20287>).",https://catalog.illinois.edu/courses-of-instruction/hist/,2026–2027
HIST 288,HIST,288,American Indians of Illinois,3 Hours,Same as ANTH 288 and AIS 288. See ANTH 288.,,,"Humanities - Hist & Phil
Cultural Studies - US Minority",,,,"[HIST 288 American Indians of Illinois credit: 3 Hours.](<https://courses.illinois.edu/schedule/terms/HIST/288>)

Same as [ANTH 288](<https://catalog.illinois.edu/search/?P=ANTH%20288>) and [AIS 288](<https://catalog.illinois.edu/search/?P=AIS%20288>). See [ANTH 288](<https://catalog.illinois.edu/search/?P=ANTH%20288>).
This course satisfies the General Education Criteria for:
Humanities - Hist & Phil
Cultural Studies - US Minority",https://catalog.illinois.edu/courses-of-instruction/hist/,2026–2027
HIST 289,HIST,289,History of Religion in America,3 Hours,Same as REL 235. See REL 235.,,,Humanities - Hist & Phil,,,,"[HIST 289 History of Religion in America credit: 3 Hours.](<https://courses.illinois.edu/schedule/terms/HIST/289>)

Same as [REL 235](<https://catalog.illinois.edu/search/?P=REL%20235>). See [REL 235](<https://catalog.illinois.edu/search/?P=REL%20235>).
This course satisfies the General Education Criteria for:
Humanities - Hist & Phil",https://catalog.illinois.edu/courses-of-instruction/hist/,2026–2027
HIST 290,HIST,290,"Religion, Violence & America",3 Hours,Same as REL 236. See REL 236.,,,Cultural Studies - Western,,,,"[HIST 290 Religion, Violence & America credit: 3 Hours.](<https://courses.illinois.edu/schedule/terms/HIST/290>)

Same as [REL 236](<https://catalog.illinois.edu/search/?P=REL%20236>). See [REL 236](<https://catalog.illinois.edu/search/?P=REL%20236>).
This course satisfies the General Education Criteria for:
Cultural Studies - Western",https://catalog.illinois.edu/courses-of-instruction/hist/,2026–2027
HIST 292,HIST,292,Latina/o Social Movements,3 Hours,Same as LLS 238. See LLS 238.,,,,,,,"[HIST 292 Latina/o Social Movements credit: 3 Hours.](<https://courses.illinois.edu/schedule/terms/HIST/292>)

Same as [LLS 238](<https://catalog.illinois.edu/search/?P=LLS%20238>). See [LLS 238](<https://catalog.illinois.edu/search/?P=LLS%20238>).",https://catalog.illinois.edu/courses-of-instruction/hist/,2026–2027
HIST 293,HIST,293,The President and the People,3 Hours,"A chronological survey of the American presidency that examines individual presidents and the times in which they lived. Major themes include: The creation and development of the office of the president; the nature of presidential power; Americans' evolving relationship with presidents; the impact of party politics, campaigning, and the media on the office.",,,"Humanities - Hist & Phil
Cultural Studies - Western",,,,"[HIST 293 The President and the People credit: 3 Hours.](<https://courses.illinois.edu/schedule/terms/HIST/293>)

A chronological survey of the American presidency that examines individual presidents and the times in which they lived. Major themes include: The creation and development of the office of the president; the nature of presidential power; Americans' evolving relationship with presidents; the impact of party politics, campaigning, and the media on the office.
This course satisfies the General Education Criteria for:
Humanities - Hist & Phil
Cultural Studies - Western",https://catalog.illinois.edu/courses-of-instruction/hist/,2026–2027
HIST 300,HIST,300,Topics in Film and History,3 Hours,"Examines films as a significant medium of commentary on society and history. Explores the motives and careers of moviemakers, the ways in which films are influenced by their audiences, and how audiences' perception of historical processes are affected by films. Topics will vary. Same as MACS 300. May be repeated to a maximum of 6 hours if topics vary. Students may register in more than one section per term. May be repeated to a maximum of 6 hours.",,,,,,,"[HIST 300 Topics in Film and History credit: 3 Hours.](<https://courses.illinois.edu/schedule/terms/HIST/300>)

Examines films as a significant medium of commentary on society and history. Explores the motives and careers of moviemakers, the ways in which films are influenced by their audiences, and how audiences' perception of historical processes are affected by films. Topics will vary. Same as [MACS 300](<https://catalog.illinois.edu/search/?P=MACS%20300>). May be repeated to a maximum of 6 hours if topics vary. Students may register in more than one section per term. May be repeated to a maximum of 6 hours.",https://catalog.illinois.edu/courses-of-instruction/hist/,2026–2027
HIST 307,HIST,307,History of Mexico from 1519,3 Hours,Development of Mexico from the conquest to the postrevolutionary present.,,,,,,,"[HIST 307 History of Mexico from 1519 credit: 3 Hours.](<https://courses.illinois.edu/schedule/terms/HIST/307>)

Development of Mexico from the conquest to the postrevolutionary present.",https://catalog.illinois.edu/courses-of-instruction/hist/,2026–2027
HIST 308,HIST,308,The Caribbean Since 1492: From Columbus to Castro,3 Hours,"Conquistadors – Planters – Pirates – Indigenous Peoples – Enslaved Africans – Religious Reformers – Independence Leaders – Radical Revolutionaries - US Marines - canal builders. Together these people built a new world – a world forged at the intersection of imperial ambitions and international contact, where the peoples and cultures of the Americas, Africa, and Europe collided. This class examines how colonialism, plantation slavery, the age of abolition, and the emergence of national independence movements made the modern Caribbean. Same as LAST 308.",,,,,,,"[HIST 308 The Caribbean Since 1492: From Columbus to Castro credit: 3 Hours.](<https://courses.illinois.edu/schedule/terms/HIST/308>)

Conquistadors – Planters – Pirates – Indigenous Peoples – Enslaved Africans – Religious Reformers – Independence Leaders – Radical Revolutionaries - US Marines - canal builders. Together these people built a new world – a world forged at the intersection of imperial ambitions and international contact, where the peoples and cultures of the Americas, Africa, and Europe collided. This class examines how colonialism, plantation slavery, the age of abolition, and the emergence of national independence movements made the modern Caribbean. Same as [LAST 308](<https://catalog.illinois.edu/search/?P=LAST%20308>).",https://catalog.illinois.edu/courses-of-instruction/hist/,2026–2027
HIST 310,HIST,310,Global Capitalism in History,3 Hours,Explores the historical relations between multinational corporations and host countries focusing on political and economic issues.,,,,,,,"[HIST 310 Global Capitalism in History credit: 3 Hours.](<https://courses.illinois.edu/schedule/terms/HIST/310>)

Explores the historical relations between multinational corporations and host countries focusing on political and economic issues.",https://catalog.illinois.edu/courses-of-instruction/hist/,2026–2027
HIST 311,HIST,311,Global History of Intelligence,3 Hours,"Examines the role of both diplomatic and military intelligence in the political history of major global events and developments from the nineteenth century to the present day. Studies the histories of several major intelligence organizations, as well as the roles played by smaller and non-institutional actors in the global production of intelligence. Focuses on the interplay between intelligence, state policy, and information environments to understand not only the role intelligence played in major events, but also how intelligence practices shaped and reflected political cultures across the world.",,,,,,,"[HIST 311 Global History of Intelligence credit: 3 Hours.](<https://courses.illinois.edu/schedule/terms/HIST/311>)

Examines the role of both diplomatic and military intelligence in the political history of major global events and developments from the nineteenth century to the present day. Studies the histories of several major intelligence organizations, as well as the roles played by smaller and non-institutional actors in the global production of intelligence. Focuses on the interplay between intelligence, state policy, and information environments to understand not only the role intelligence played in major events, but also how intelligence practices shaped and reflected political cultures across the world.",https://catalog.illinois.edu/courses-of-instruction/hist/,2026–2027
HIST 312,HIST,312,Immigrant America,3 or 4 Hours,"History of immigration and immigrant groups in the United States from 1830 to 1980. Covers major waves of immigration and focuses on the diverse cultural heritage, social structure, and political activism of immigrants from Europe, the Americas, and Asia.",,,,,,,"[HIST 312 Immigrant America credit: 3 or 4 Hours.](<https://courses.illinois.edu/schedule/terms/HIST/312>)

History of immigration and immigrant groups in the United States from 1830 to 1980. Covers major waves of immigration and focuses on the diverse cultural heritage, social structure, and political activism of immigrants from Europe, the Americas, and Asia.",https://catalog.illinois.edu/courses-of-instruction/hist/,2026–2027
HIST 313,HIST,313,Cultural Histories of the University of Illinois,3 Hours,"This course explores the history of the University of Illinois from its establishment in 1867 to the present day. Developed around a theme chosen by the instructor, for example, the built environment, literary history, disability, sexuality, or crime, it will consider how the university, its student body, and local communities responded to and shaped local attitudes. The course will contextualize these attitudes within larger trends in United States history, specifically the history of race, sexuality, gender, and class. A research component will draw on the university's archives.",,,,,,,"[HIST 313 Cultural Histories of the University of Illinois credit: 3 Hours.](<https://courses.illinois.edu/schedule/terms/HIST/313>)

This course explores the history of the University of Illinois from its establishment in 1867 to the present day. Developed around a theme chosen by the instructor, for example, the built environment, literary history, disability, sexuality, or crime, it will consider how the university, its student body, and local communities responded to and shaped local attitudes. The course will contextualize these attitudes within larger trends in United States history, specifically the history of race, sexuality, gender, and class. A research component will draw on the university's archives.",https://catalog.illinois.edu/courses-of-instruction/hist/,2026–2027
HIST 316,HIST,316,Global Histories of Gender,3 Hours,"Introduction to comparative and global perspectives on gender and an investigation into the political and economic processes that affect gender systems across a wide range of societies. Gender non-conforming practices in U.S. history are highlighted. Attention is paid to the ways in which women in different parts of the world have defined and redefined the boundaries of ""woman"" and mobilized around that identity. Same as GWS 316.",,,,,,,"[HIST 316 Global Histories of Gender credit: 3 Hours.](<https://courses.illinois.edu/schedule/terms/HIST/316>)

Introduction to comparative and global perspectives on gender and an investigation into the political and economic processes that affect gender systems across a wide range of societies. Gender non-conforming practices in U.S. history are highlighted. Attention is paid to the ways in which women in different parts of the world have defined and redefined the boundaries of ""woman"" and mobilized around that identity. Same as [GWS 316](<https://catalog.illinois.edu/search/?P=GWS%20316>).",https://catalog.illinois.edu/courses-of-instruction/hist/,2026–2027
HIST 317,HIST,317,Birth of US Empire,3 Hours,"Examines the early history of U.S. expansion of territory and influence, from the birth of the nation to the end of Reconstruction. These decades saw the formal additions of continental territory, coupled with the annexation of islands in the Pacific and Caribbean. Private and official attempts were also made to invade Central America and the Caribbean to extend slavery. Attention is paid to the intersections of U.S. expansion with race, gender, and sexuality.",,,,,,,"[HIST 317 Birth of US Empire credit: 3 Hours.](<https://courses.illinois.edu/schedule/terms/HIST/317>)

Examines the early history of U.S. expansion of territory and influence, from the birth of the nation to the end of Reconstruction. These decades saw the formal additions of continental territory, coupled with the annexation of islands in the Pacific and Caribbean. Private and official attempts were also made to invade Central America and the Caribbean to extend slavery. Attention is paid to the intersections of U.S. expansion with race, gender, and sexuality.",https://catalog.illinois.edu/courses-of-instruction/hist/,2026–2027
HIST 325,HIST,325,History of Korea,3 Hours,Same as EALC 367. See EALC 367.,,,"Humanities - Hist & Phil
Cultural Studies - Non-West",,,,"[HIST 325 History of Korea credit: 3 Hours.](<https://courses.illinois.edu/schedule/terms/HIST/325>)

Same as [EALC 367](<https://catalog.illinois.edu/search/?P=EALC%20367>). See [EALC 367](<https://catalog.illinois.edu/search/?P=EALC%20367>).
This course satisfies the General Education Criteria for:
Humanities - Hist & Phil
Cultural Studies - Non-West",https://catalog.illinois.edu/courses-of-instruction/hist/,2026–2027
HIST 327,HIST,327,Tokyo: Then and Now,3 Hours,Same as EALC 327. See EALC 327.,,,"Advanced Composition
Cultural Studies - Non-West",,,,"[HIST 327 Tokyo: Then and Now credit: 3 Hours.](<https://courses.illinois.edu/schedule/terms/HIST/327>)

Same as [EALC 327](<https://catalog.illinois.edu/search/?P=EALC%20327>). See [EALC 327](<https://catalog.illinois.edu/search/?P=EALC%20327>).
This course satisfies the General Education Criteria for:
Advanced Composition
Cultural Studies - Non-West",https://catalog.illinois.edu/courses-of-instruction/hist/,2026–2027
HIST 334,HIST,334,Modern Palestinian History,3 Hours,"Examines the main themes of Palestinian history since 1800. The Israeli-Palestinian conflict frames the latter part of this history, but it is not the central issue. The focus of the course is Palestinian political, social, and cultural history.",,,,,,,"[HIST 334 Modern Palestinian History credit: 3 Hours.](<https://courses.illinois.edu/schedule/terms/HIST/334>)

Examines the main themes of Palestinian history since 1800. The Israeli-Palestinian conflict frames the latter part of this history, but it is not the central issue. The focus of the course is Palestinian political, social, and cultural history.",https://catalog.illinois.edu/courses-of-instruction/hist/,2026–2027
HIST 335,HIST,335,Middle East 1566-1914,3 Hours,"Political, social, cultural, and ideological developments in Egypt, Arabia, the Fertile Crescent, Iran and Turkey from the mid 16th century to the eve of World War I. Premodern society and institutions, the question of ""decline"" and ""awakening"", encounters with Europe and self-strengthening reforms, relations between Muslims, Christians, and Jews, the role of women and the family, class formation, and religion and nationalism. Same as JS 335.",,,,,,,"[HIST 335 Middle East 1566-1914 credit: 3 Hours.](<https://courses.illinois.edu/schedule/terms/HIST/335>)

Political, social, cultural, and ideological developments in Egypt, Arabia, the Fertile Crescent, Iran and Turkey from the mid 16th century to the eve of World War I. Premodern society and institutions, the question of ""decline"" and ""awakening"", encounters with Europe and self-strengthening reforms, relations between Muslims, Christians, and Jews, the role of women and the family, class formation, and religion and nationalism. Same as [JS 335](<https://catalog.illinois.edu/search/?P=JS%20335>).",https://catalog.illinois.edu/courses-of-instruction/hist/,2026–2027
HIST 337,HIST,337,Middle East Since World War I,3 Hours,"Political-economic, social and ideological developments in Egypt, Arabia, and Fertile Crescent (including Israel), Iran and Turkey since 1918 to the present, including U.S. involvement.",,,,,,,"[HIST 337 Middle East Since World War I credit: 3 Hours.](<https://courses.illinois.edu/schedule/terms/HIST/337>)

Political-economic, social and ideological developments in Egypt, Arabia, and Fertile Crescent (including Israel), Iran and Turkey since 1918 to the present, including U.S. involvement.",https://catalog.illinois.edu/courses-of-instruction/hist/,2026–2027
HIST 338,HIST,338,Egypt Since World War I,3 Hours,"Examines the twentieth-century history of Egypt, emphasizing the internal social, political, economic, and ideological developments, with attention to Egypt's role in regional and international politics. Readings include novels and short stories to introduce students to modern Egyptian culture. Same as AFST 338.",,,,,,,"[HIST 338 Egypt Since World War I credit: 3 Hours.](<https://courses.illinois.edu/schedule/terms/HIST/338>)

Examines the twentieth-century history of Egypt, emphasizing the internal social, political, economic, and ideological developments, with attention to Egypt's role in regional and international politics. Readings include novels and short stories to introduce students to modern Egyptian culture. Same as [AFST 338](<https://catalog.illinois.edu/search/?P=AFST%20338>).",https://catalog.illinois.edu/courses-of-instruction/hist/,2026–2027
HIST 344,HIST,344,Early Modern British Isles,3 Hours,"Social, economic, cultural and political history of the ""four Kingdoms"" of England, Scotland, Wales, and Ireland between 1450 and 1800. Covers the Tudor and Stuart dynasties, Shakespeare, the English Civil War, the development of British colonial holdings across the globe, and the effects of empire at home.",,,,,,,"[HIST 344 Early Modern British Isles credit: 3 Hours.](<https://courses.illinois.edu/schedule/terms/HIST/344>)

Social, economic, cultural and political history of the ""four Kingdoms"" of England, Scotland, Wales, and Ireland between 1450 and 1800. Covers the Tudor and Stuart dynasties, Shakespeare, the English Civil War, the development of British colonial holdings across the globe, and the effects of empire at home.",https://catalog.illinois.edu/courses-of-instruction/hist/,2026–2027
HIST 345,HIST,345,Medieval Civilization,3 Hours,"The architectural, artistic, philosophical, political, and religious components of medieval culture, thought, and patterns of behavior; includes monasticism and society and the individual. Same as MDVL 345 and REL 345.",,,,,,,"[HIST 345 Medieval Civilization credit: 3 Hours.](<https://courses.illinois.edu/schedule/terms/HIST/345>)

The architectural, artistic, philosophical, political, and religious components of medieval culture, thought, and patterns of behavior; includes monasticism and society and the individual. Same as [MDVL 345](<https://catalog.illinois.edu/search/?P=MDVL%20345>) and [REL 345](<https://catalog.illinois.edu/search/?P=REL%20345>).",https://catalog.illinois.edu/courses-of-instruction/hist/,2026–2027
HIST 346,HIST,346,The Age of the Renaissance,3 Hours,"An introduction to the cultural history of Europe in the fifteenth and sixteenth centuries, embracing the Renaissance movements in Italy and in Northern Europe. Same as MDVL 346 and REL 346.",,,,,,,"[HIST 346 The Age of the Renaissance credit: 3 Hours.](<https://courses.illinois.edu/schedule/terms/HIST/346>)

An introduction to the cultural history of Europe in the fifteenth and sixteenth centuries, embracing the Renaissance movements in Italy and in Northern Europe. Same as [MDVL 346](<https://catalog.illinois.edu/search/?P=MDVL%20346>) and [REL 346](<https://catalog.illinois.edu/search/?P=REL%20346>).",https://catalog.illinois.edu/courses-of-instruction/hist/,2026–2027
HIST 347,HIST,347,Protestant & Catholic Refs,3 Hours,"New sources of secular power and spiritual authority define the age of the Protestant and Catholic Reformations. In this advanced European history course students expand their knowledge of the people, events, and ideas of the fifteenth and sixteenth centuries while deepening their understanding of a wide range of primary sources created by theologians and peasants, nuns and monarchs, and artists and rebels. Key works by Luther, Calvin, and Loyola are placed in their intellectual and social contexts. Same as REL 347.",,,,,,,"[HIST 347 Protestant & Catholic Refs credit: 3 Hours.](<https://courses.illinois.edu/schedule/terms/HIST/347>)

New sources of secular power and spiritual authority define the age of the Protestant and Catholic Reformations. In this advanced European history course students expand their knowledge of the people, events, and ideas of the fifteenth and sixteenth centuries while deepening their understanding of a wide range of primary sources created by theologians and peasants, nuns and monarchs, and artists and rebels. Key works by Luther, Calvin, and Loyola are placed in their intellectual and social contexts. Same as [REL 347](<https://catalog.illinois.edu/search/?P=REL%20347>).",https://catalog.illinois.edu/courses-of-instruction/hist/,2026–2027
HIST 348,HIST,348,Early Euro Absolut & Expansion,3 Hours,"In the seventeenth and eighteenth centuries Europeans transformed political relations within Europe and their economic relationships with the wider world. This course examines continuities and change from 1600 to 1789, following the themes of authority and power. Topics include the rise of ""absolute monarchy"" and its alternatives in countries like, England and the Netherlands, as well as European trade and consumption, popular culture, the family, food, clothing, sexuality, and labor.",,,,,,,"[HIST 348 Early Euro Absolut & Expansion credit: 3 Hours.](<https://courses.illinois.edu/schedule/terms/HIST/348>)

In the seventeenth and eighteenth centuries Europeans transformed political relations within Europe and their economic relationships with the wider world. This course examines continuities and change from 1600 to 1789, following the themes of authority and power. Topics include the rise of ""absolute monarchy"" and its alternatives in countries like, England and the Netherlands, as well as European trade and consumption, popular culture, the family, food, clothing, sexuality, and labor.",https://catalog.illinois.edu/courses-of-instruction/hist/,2026–2027
HIST 349,HIST,349,"Age of Revolution, 1775-1815",3 Hours,"Comparative survey of domestic upheavals in the North Atlantic world: America, Haiti, England, Prussia, and France; the rise of Napoleon and the response of Europe; and the fate of innovation and reform in the immediate aftermath.",,,,,,,"[HIST 349 Age of Revolution, 1775-1815 credit: 3 Hours.](<https://courses.illinois.edu/schedule/terms/HIST/349>)

Comparative survey of domestic upheavals in the North Atlantic world: America, Haiti, England, Prussia, and France; the rise of Napoleon and the response of Europe; and the fate of innovation and reform in the immediate aftermath.",https://catalog.illinois.edu/courses-of-instruction/hist/,2026–2027
HIST 350,HIST,350,19thC Romanticism & Politics,3 Hours,"Among the topics of this course will be Romanticism, which is still the basic form of modern culture today, with its emphasis on feeling, imagination, and self-expression; the nation-state, a new form of political organization; and the creation of a globalized world for the first time in human history.",,,,,,,"[HIST 350 19thC Romanticism & Politics credit: 3 Hours.](<https://courses.illinois.edu/schedule/terms/HIST/350>)

Among the topics of this course will be Romanticism, which is still the basic form of modern culture today, with its emphasis on feeling, imagination, and self-expression; the nation-state, a new form of political organization; and the creation of a globalized world for the first time in human history.",https://catalog.illinois.edu/courses-of-instruction/hist/,2026–2027
HIST 351,HIST,351,Nations in History,3 Hours,"The history of nationalism will be examined, both as a theoretical and a historical understanding of belonging. Starting with an analysis of the theories of nationalism, we will explore whether societies in the ancient and early modern periods had such conceptions of association. A large part of the course will be devoted to examining this phenomenon in the 19th and 20th centuries as nationalism fueled state formations, revolutions, and wars.",,,,,,,"[HIST 351 Nations in History credit: 3 Hours.](<https://courses.illinois.edu/schedule/terms/HIST/351>)

The history of nationalism will be examined, both as a theoretical and a historical understanding of belonging. Starting with an analysis of the theories of nationalism, we will explore whether societies in the ancient and early modern periods had such conceptions of association. A large part of the course will be devoted to examining this phenomenon in the 19th and 20th centuries as nationalism fueled state formations, revolutions, and wars.",https://catalog.illinois.edu/courses-of-instruction/hist/,2026–2027
HIST 352,HIST,352,Europe in the World,3 Hours,"Colonial encounters between Europe and today's Third World viewed in comparative historical perspective. Equal emphasis placed on (colonizing) Europe and colonial experience of Asia, Africa, and South America.",,,,,,,"[HIST 352 Europe in the World credit: 3 Hours.](<https://courses.illinois.edu/schedule/terms/HIST/352>)

Colonial encounters between Europe and today's Third World viewed in comparative historical perspective. Equal emphasis placed on (colonizing) Europe and colonial experience of Asia, Africa, and South America.",https://catalog.illinois.edu/courses-of-instruction/hist/,2026–2027
HIST 353,HIST,353,European History 1918 to 1939,3 Hours,"Survey of European society from 1918 to 1939, with emphasis on the impact of World War I, the Russian Revolution, fascism, and the intellectual trends of the twenties and thirties.",,,,,,,"[HIST 353 European History 1918 to 1939 credit: 3 Hours.](<https://courses.illinois.edu/schedule/terms/HIST/353>)

Survey of European society from 1918 to 1939, with emphasis on the impact of World War I, the Russian Revolution, fascism, and the intellectual trends of the twenties and thirties.",https://catalog.illinois.edu/courses-of-instruction/hist/,2026–2027
HIST 354,HIST,354,Twentieth Century Europe,3 Hours,"Cultural history of Europe in an age of global warfare and political, social, and economic upheaval.",,,,,,,"[HIST 354 Twentieth Century Europe credit: 3 Hours.](<https://courses.illinois.edu/schedule/terms/HIST/354>)

Cultural history of Europe in an age of global warfare and political, social, and economic upheaval.",https://catalog.illinois.edu/courses-of-instruction/hist/,2026–2027
HIST 355,HIST,355,Soviet Jewish History,3 Hours,"An examination of how Jewish life and culture contributed to the creation of the world's first socialist society. Makes use of primary sources, scholarly essays and monographs, archival documents, literature, memoirs, film, and visual culture as a way of introducing students to Soviet Jewish History, from the reign of the last tsar, Nicholas II, to the dissolution of the Soviet Union in 1991. Special topics to be examined include: the breakup of the Pale of Settlement during the Great War; the role of Jews in revolution and revolutionary culture; Soviet nationality policy; shtetl culture; antisemitism; everyday life; the purges of the 1930s; the Jewish experience in World War II; the Holocaust; and mass emigration. Same as JS 355.",,,,,,,"[HIST 355 Soviet Jewish History credit: 3 Hours.](<https://courses.illinois.edu/schedule/terms/HIST/355>)

An examination of how Jewish life and culture contributed to the creation of the world's first socialist society. Makes use of primary sources, scholarly essays and monographs, archival documents, literature, memoirs, film, and visual culture as a way of introducing students to Soviet Jewish History, from the reign of the last tsar, Nicholas II, to the dissolution of the Soviet Union in 1991. Special topics to be examined include: the breakup of the Pale of Settlement during the Great War; the role of Jews in revolution and revolutionary culture; Soviet nationality policy; shtetl culture; antisemitism; everyday life; the purges of the 1930s; the Jewish experience in World War II; the Holocaust; and mass emigration. Same as [JS 355](<https://catalog.illinois.edu/search/?P=JS%20355>).",https://catalog.illinois.edu/courses-of-instruction/hist/,2026–2027
HIST 356,HIST,356,The Modern Balkans through Literature and Film,3 Hours,"History of the creation and development of the independent Balkan states during the 19th and 20th centuries. Special attention is given to Balkan nationalism, its roots, evolution and various manifestations. Other topics cover the modernization of the rural societies, ethnic conflict and/or accommodation, inter-Balkan relations, and the role of the great powers. Finally, a close look will be taken on contemporary developments in the Balkans, especially the Yugoslav crisis, the fall of communism and post-communist development. By discussing fictional work and films by Balkan authors, students will be introduced to the intellectual production of the region.",,,,,,,"[HIST 356 The Modern Balkans through Literature and Film credit: 3 Hours.](<https://courses.illinois.edu/schedule/terms/HIST/356>)

History of the creation and development of the independent Balkan states during the 19th and 20th centuries. Special attention is given to Balkan nationalism, its roots, evolution and various manifestations. Other topics cover the modernization of the rural societies, ethnic conflict and/or accommodation, inter-Balkan relations, and the role of the great powers. Finally, a close look will be taken on contemporary developments in the Balkans, especially the Yugoslav crisis, the fall of communism and post-communist development. By discussing fictional work and films by Balkan authors, students will be introduced to the intellectual production of the region.",https://catalog.illinois.edu/courses-of-instruction/hist/,2026–2027
HIST 357,HIST,357,Modern France,3 Hours,"The development of modern France, with special attention to social and cultural phenomena.",,,,,,,"[HIST 357 Modern France credit: 3 Hours.](<https://courses.illinois.edu/schedule/terms/HIST/357>)

The development of modern France, with special attention to social and cultural phenomena.",https://catalog.illinois.edu/courses-of-instruction/hist/,2026–2027
HIST 358,HIST,358,History Harvest: Collaborative Digital Public History,3 Hours,"Students work with instructor and community collaborators to host a ""History Harvest,"" an event during which community members share personal stories about and artifacts related to a particular event, historical development, and/or place. The class will catalog the images and recordings gathered and use them to present digital exhibits. Readings include relevant historical works for context and methodological works on public and digital history skills needed for the project. Students will develop hands-on experience with these skills. May be repeated to a maximum of 6 undergraduate hours, if topics vary.",,,,,,,"[HIST 358 History Harvest: Collaborative Digital Public History credit: 3 Hours.](<https://courses.illinois.edu/schedule/terms/HIST/358>)

Students work with instructor and community collaborators to host a ""History Harvest,"" an event during which community members share personal stories about and artifacts related to a particular event, historical development, and/or place. The class will catalog the images and recordings gathered and use them to present digital exhibits. Readings include relevant historical works for context and methodological works on public and digital history skills needed for the project. Students will develop hands-on experience with these skills. May be repeated to a maximum of 6 undergraduate hours, if topics vary.",https://catalog.illinois.edu/courses-of-instruction/hist/,2026–2027
HIST 361,HIST,361,Euro Thght & Soc Since 1789,3 Hours,Examines the reciprocal relationship between thought and society in western Europe from the French Revolution to the present.,,,,,,,"[HIST 361 Euro Thght & Soc Since 1789 credit: 3 Hours.](<https://courses.illinois.edu/schedule/terms/HIST/361>)

Examines the reciprocal relationship between thought and society in western Europe from the French Revolution to the present.",https://catalog.illinois.edu/courses-of-instruction/hist/,2026–2027
HIST 364,HIST,364,The Science of Human Nature,3 Hours,"Examines the history of scientific arguments about race, heredity, gender, and human biological difference. We will explore the historical, cultural, and ethical dimensions of biological thought through a discussion of topics including racial typology, eugenics, intelligence testing, modern genetic theory, sex and gender, and the human genome project.",,,,,,,"[HIST 364 The Science of Human Nature credit: 3 Hours.](<https://courses.illinois.edu/schedule/terms/HIST/364>)

Examines the history of scientific arguments about race, heredity, gender, and human biological difference. We will explore the historical, cultural, and ethical dimensions of biological thought through a discussion of topics including racial typology, eugenics, intelligence testing, modern genetic theory, sex and gender, and the human genome project.",https://catalog.illinois.edu/courses-of-instruction/hist/,2026–2027
HIST 365,HIST,365,Fict & Historical Imagination,3 Hours,Explores the relationship between history and fiction by focusing on specific cultural locations. May be repeated to a maximum of 6 hours if topics vary.,,,,,,,"[HIST 365 Fict & Historical Imagination credit: 3 Hours.](<https://courses.illinois.edu/schedule/terms/HIST/365>)

Explores the relationship between history and fiction by focusing on specific cultural locations. May be repeated to a maximum of 6 hours if topics vary.",https://catalog.illinois.edu/courses-of-instruction/hist/,2026–2027
HIST 367,HIST,367,History of Western Medicine,3 Hours,"Rise and development of medicine in the West since the sixteenth century; interrelations of physiology, pathology, and social demands with the theory and practice of medicine; pattern of professionalization; social role of the physician; conflict among ideas of medicine as an art, a science, and a social service; and problems of mental illness, medical ethics, and nontraditional forms of practice.",,,,,,,"[HIST 367 History of Western Medicine credit: 3 Hours.](<https://courses.illinois.edu/schedule/terms/HIST/367>)

Rise and development of medicine in the West since the sixteenth century; interrelations of physiology, pathology, and social demands with the theory and practice of medicine; pattern of professionalization; social role of the physician; conflict among ideas of medicine as an art, a science, and a social service; and problems of mental illness, medical ethics, and nontraditional forms of practice.",https://catalog.illinois.edu/courses-of-instruction/hist/,2026–2027
HIST 370,HIST,370,Colonial America,3 Hours,"An interpretive survey of American colonial history from 1492 through 1763. Themes include encounters between Natives and Europeans in the New World, contests for colonization, settler societies and the development of various colonial social patterns in North America and the Caribbean, the beginnings of slavery, and the gradual emergence of distinctive provincial cultures in the North American colonies of the British Empire. Throughout all of this, there is an examination of colonial American history as part of the larger Atlantic World, understanding early American history as a process of exchange and interaction which included Europe, Africa, the Caribbean, and North America.",,,,,,,"[HIST 370 Colonial America credit: 3 Hours.](<https://courses.illinois.edu/schedule/terms/HIST/370>)

An interpretive survey of American colonial history from 1492 through 1763. Themes include encounters between Natives and Europeans in the New World, contests for colonization, settler societies and the development of various colonial social patterns in North America and the Caribbean, the beginnings of slavery, and the gradual emergence of distinctive provincial cultures in the North American colonies of the British Empire. Throughout all of this, there is an examination of colonial American history as part of the larger Atlantic World, understanding early American history as a process of exchange and interaction which included Europe, Africa, the Caribbean, and North America.",https://catalog.illinois.edu/courses-of-instruction/hist/,2026–2027
HIST 371,HIST,371,The American Revolution,3 Hours,"Examines the momentous founding age of United States history. Explores the growing estrangement of the American colonies from Great Britain and the culmination of this process in the Declaration of Independence. It then examines the controversial process of creating a new nation, and the government of the United States. Intense focus on primary source materials from the period.",,,,,,,"[HIST 371 The American Revolution credit: 3 Hours.](<https://courses.illinois.edu/schedule/terms/HIST/371>)

Examines the momentous founding age of United States history. Explores the growing estrangement of the American colonies from Great Britain and the culmination of this process in the Declaration of Independence. It then examines the controversial process of creating a new nation, and the government of the United States. Intense focus on primary source materials from the period.",https://catalog.illinois.edu/courses-of-instruction/hist/,2026–2027
HIST 372,HIST,372,"America's Republic, 1780-1880",3 Hours,"A study of political life in the U.S. during the century following the Revolution. The course covers the appearance and evolution of republican government, the Constitution, the expansion of voting rights, the rise and fall of political parties, and the relationship of all these things to the development of economic and social relationships.",,,,,,,"[HIST 372 America's Republic, 1780-1880 credit: 3 Hours.](<https://courses.illinois.edu/schedule/terms/HIST/372>)

A study of political life in the U.S. during the century following the Revolution. The course covers the appearance and evolution of republican government, the Constitution, the expansion of voting rights, the rise and fall of political parties, and the relationship of all these things to the development of economic and social relationships.",https://catalog.illinois.edu/courses-of-instruction/hist/,2026–2027
HIST 373,HIST,373,Origins of the Civil War,3 Hours,"Examination of changes in economic, social, cultural, and political life in the United State that ultimately plunged the national into the bloodiest and most important war in its history. Particular attention is paid to the way in which diverse segments of the country's population - North and South, urban and rural, rich and poor, slave and free, black and white, male and female - affected and were affected by these changes.",,,,,,,"[HIST 373 Origins of the Civil War credit: 3 Hours.](<https://courses.illinois.edu/schedule/terms/HIST/373>)

Examination of changes in economic, social, cultural, and political life in the United State that ultimately plunged the national into the bloodiest and most important war in its history. Particular attention is paid to the way in which diverse segments of the country's population - North and South, urban and rural, rich and poor, slave and free, black and white, male and female - affected and were affected by these changes.",https://catalog.illinois.edu/courses-of-instruction/hist/,2026–2027
HIST 374,HIST,374,Civil War and Reconstruction,3 Hours,"The United States' civil war (1861-1865) and the years of postwar ""reconstruction"" (conventionally dated as 1865-1877). During this period as a whole, the nation underwent its second revolution -- a revolution more radical in its impact than the one that freed it from the British Empire. Much about U.S. history for the next century and more was decided during these critical years.",,,,,,,"[HIST 374 Civil War and Reconstruction credit: 3 Hours.](<https://courses.illinois.edu/schedule/terms/HIST/374>)

The United States' civil war (1861-1865) and the years of postwar ""reconstruction"" (conventionally dated as 1865-1877). During this period as a whole, the nation underwent its second revolution -- a revolution more radical in its impact than the one that freed it from the British Empire. Much about U.S. history for the next century and more was decided during these critical years.",https://catalog.illinois.edu/courses-of-instruction/hist/,2026–2027
HIST 377,HIST,377,United States since 1932,3 Hours,"Discusses the New Deal, the Cold War, Franklin D. Roosevelt and subsequent presidents, the structure of American imperialism, and America's role in world politics.",,,,,,,"[HIST 377 United States since 1932 credit: 3 Hours.](<https://courses.illinois.edu/schedule/terms/HIST/377>)

Discusses the New Deal, the Cold War, Franklin D. Roosevelt and subsequent presidents, the structure of American imperialism, and America's role in world politics.",https://catalog.illinois.edu/courses-of-instruction/hist/,2026–2027
HIST 379,HIST,379,Latina/os and the City,3 Hours,Same as LLS 379. See LLS 379.,,,,,,,"[HIST 379 Latina/os and the City credit: 3 Hours.](<https://courses.illinois.edu/schedule/terms/HIST/379>)

Same as [LLS 379](<https://catalog.illinois.edu/search/?P=LLS%20379>). See [LLS 379](<https://catalog.illinois.edu/search/?P=LLS%20379>).",https://catalog.illinois.edu/courses-of-instruction/hist/,2026–2027
HIST 380,HIST,380,US in an Age of Empire,3 Hours,"Study of the imperial dimensions of U.S. history from about 1877 to 1920. This was an era marked by an imperial world system, unprecedented levels of international trade and investments, massive labor migrations, significant missionary endeavors, and consolidation of U.S. power over Native Americans, and growing U.S. political and military assertion in the international arena. Considers how the United States and its peoples positioned themselves in an international context by investigating not only government policies but also commercial endeavors and cultural practices.",,,,,,,"[HIST 380 US in an Age of Empire credit: 3 Hours.](<https://courses.illinois.edu/schedule/terms/HIST/380>)

Study of the imperial dimensions of U.S. history from about 1877 to 1920. This was an era marked by an imperial world system, unprecedented levels of international trade and investments, massive labor migrations, significant missionary endeavors, and consolidation of U.S. power over Native Americans, and growing U.S. political and military assertion in the international arena. Considers how the United States and its peoples positioned themselves in an international context by investigating not only government policies but also commercial endeavors and cultural practices.",https://catalog.illinois.edu/courses-of-instruction/hist/,2026–2027
HIST 381,HIST,381,Urban History,3 Hours,"Examines the history of urban centers, paying special attention to the relationship between the city and its surrounding territory, the impact of migration and immigration, the delineation of space and the transformation of the built environment, and the role of a city's inhabitants in creating social networks, political structures, and cultural institutions. May be repeated in separate terms to a maximum of 6 hours if topics vary.",,,,,,,"[HIST 381 Urban History credit: 3 Hours.](<https://courses.illinois.edu/schedule/terms/HIST/381>)

Examines the history of urban centers, paying special attention to the relationship between the city and its surrounding territory, the impact of migration and immigration, the delineation of space and the transformation of the built environment, and the role of a city's inhabitants in creating social networks, political structures, and cultural institutions. May be repeated in separate terms to a maximum of 6 hours if topics vary.",https://catalog.illinois.edu/courses-of-instruction/hist/,2026–2027
HIST 382,HIST,382,Race and Migration in Chicago,3 Hours,Same as LLS 382. See LLS 382.,,,,,,,"[HIST 382 Race and Migration in Chicago credit: 3 Hours.](<https://courses.illinois.edu/schedule/terms/HIST/382>)

Same as [LLS 382](<https://catalog.illinois.edu/search/?P=LLS%20382>). See [LLS 382](<https://catalog.illinois.edu/search/?P=LLS%20382>).",https://catalog.illinois.edu/courses-of-instruction/hist/,2026–2027
HIST 383,HIST,383,Hist of Blk Women's Activism,3 Hours,Same as AFRO 383 and GWS 383. See AFRO 383.,,,,,,,"[HIST 383 Hist of Blk Women's Activism credit: 3 Hours.](<https://courses.illinois.edu/schedule/terms/HIST/383>)

Same as [AFRO 383](<https://catalog.illinois.edu/search/?P=AFRO%20383>) and [GWS 383](<https://catalog.illinois.edu/search/?P=GWS%20383>). See [AFRO 383](<https://catalog.illinois.edu/search/?P=AFRO%20383>).",https://catalog.illinois.edu/courses-of-instruction/hist/,2026–2027
HIST 385,HIST,385,Transnational Sexualities,3 Hours,Same as GWS 385. See GWS 385.,,,,,,,"[HIST 385 Transnational Sexualities credit: 3 Hours.](<https://courses.illinois.edu/schedule/terms/HIST/385>)

Same as [GWS 385](<https://catalog.illinois.edu/search/?P=GWS%20385>). See [GWS 385](<https://catalog.illinois.edu/search/?P=GWS%20385>).",https://catalog.illinois.edu/courses-of-instruction/hist/,2026–2027
HIST 386,HIST,386,Public History,3 Hours,"An examination of major genres historians have employed to present history in the public arena, including documentary films, public memorials, legal testimony and museum exhibits. Students will explore both the social dynamics of public commemoration and the techniques historians employ when communicating complex ideas and events to a general audience.",,,,,,,"[HIST 386 Public History credit: 3 Hours.](<https://courses.illinois.edu/schedule/terms/HIST/386>)

An examination of major genres historians have employed to present history in the public arena, including documentary films, public memorials, legal testimony and museum exhibits. Students will explore both the social dynamics of public commemoration and the techniques historians employ when communicating complex ideas and events to a general audience.",https://catalog.illinois.edu/courses-of-instruction/hist/,2026–2027
HIST 387,HIST,387,History of Sexuality in U.S.,3 Hours,Same as GWS 387. See GWS 387.,,,,,,,"[HIST 387 History of Sexuality in U.S. credit: 3 Hours.](<https://courses.illinois.edu/schedule/terms/HIST/387>)

Same as [GWS 387](<https://catalog.illinois.edu/search/?P=GWS%20387>). See [GWS 387](<https://catalog.illinois.edu/search/?P=GWS%20387>).",https://catalog.illinois.edu/courses-of-instruction/hist/,2026–2027
HIST 389,HIST,389,Race and Revolutions,3 Hours,Same as AFRO 378. See AFRO 378.,,,,,,,"[HIST 389 Race and Revolutions credit: 3 Hours.](<https://courses.illinois.edu/schedule/terms/HIST/389>)

Same as [AFRO 378](<https://catalog.illinois.edu/search/?P=AFRO%20378>). See [AFRO 378](<https://catalog.illinois.edu/search/?P=AFRO%20378>).",https://catalog.illinois.edu/courses-of-instruction/hist/,2026–2027
HIST 390,HIST,390,Sport and Society,3 Hours,"In various societies, organized sport has operated as site of nation-building, the struggle for inclusion, and indicator of societal advancement. Examines the history of the roles that sport has played in society through a series of topical foci, as selected by the professor each semester. Course readings revisit popular and scholarly debates about sport and discuss the different actors and social forces that shaped those discussions. May be repeated in separate terms to a maximum of 6 hours if topics vary.",,,,,,,"[HIST 390 Sport and Society credit: 3 Hours.](<https://courses.illinois.edu/schedule/terms/HIST/390>)

In various societies, organized sport has operated as site of nation-building, the struggle for inclusion, and indicator of societal advancement. Examines the history of the roles that sport has played in society through a series of topical foci, as selected by the professor each semester. Course readings revisit popular and scholarly debates about sport and discuss the different actors and social forces that shaped those discussions. May be repeated in separate terms to a maximum of 6 hours if topics vary.",https://catalog.illinois.edu/courses-of-instruction/hist/,2026–2027
HIST 391,HIST,391,Oral History Methods,3 Hours,"Introduces students to the ethical discourses and practical methods in oral history. Its primary purpose is to prepare students with oral and archival research skills that are crucial for the examination of the history and memory of communities. Among the questions that the class will consider are: what is the connection between the historical record and the remembered past? How reliable are these memories and does reliability matter? How do people mobilize and manipulate accounts of the past for purposes of community building, historic preservation, and political development? Same as LLS 391.",,,,,,,"[HIST 391 Oral History Methods credit: 3 Hours.](<https://courses.illinois.edu/schedule/terms/HIST/391>)

Introduces students to the ethical discourses and practical methods in oral history. Its primary purpose is to prepare students with oral and archival research skills that are crucial for the examination of the history and memory of communities. Among the questions that the class will consider are: what is the connection between the historical record and the remembered past? How reliable are these memories and does reliability matter? How do people mobilize and manipulate accounts of the past for purposes of community building, historic preservation, and political development? Same as [LLS 391](<https://catalog.illinois.edu/search/?P=LLS%20391>).",https://catalog.illinois.edu/courses-of-instruction/hist/,2026–2027
HIST 392,HIST,392,The 1960s in the U.S.,3 Hours,"A study of the history of the 1960s, a tumultuous decade in the social and political history of the United States. The class has two main goals: 1)Provide a solid knowledge of the history of this period and its social and economic developments. 2)Develop skills as an analytic reader and writer in U.S. history.",,,,,,,"[HIST 392 The 1960s in the U.S. credit: 3 Hours.](<https://courses.illinois.edu/schedule/terms/HIST/392>)

A study of the history of the 1960s, a tumultuous decade in the social and political history of the United States. The class has two main goals: 1)Provide a solid knowledge of the history of this period and its social and economic developments. 2)Develop skills as an analytic reader and writer in U.S. history.",https://catalog.illinois.edu/courses-of-instruction/hist/,2026–2027
HIST 394,HIST,394,Hidden Political Figures,3 Hours,"Examination of recent United States history with an emphasis on the presidential elections, public policy, popular culture, activism, and economic and social trends that helped define American life after 1964. The political contributions of lesser known figures will be highlighted to explore the development of American politics elicited by the civil rights movement and subsequent struggles to influence a newly transformed body politic. The course is designed as a topics course that may revolve around other ""hidden figures"" in political history. May be repeated once if topics vary.",,,,,,,"[HIST 394 Hidden Political Figures credit: 3 Hours.](<https://courses.illinois.edu/schedule/terms/HIST/394>)

Examination of recent United States history with an emphasis on the presidential elections, public policy, popular culture, activism, and economic and social trends that helped define American life after 1964. The political contributions of lesser known figures will be highlighted to explore the development of American politics elicited by the civil rights movement and subsequent struggles to influence a newly transformed body politic. The course is designed as a topics course that may revolve around other ""hidden figures"" in political history. May be repeated once if topics vary.",https://catalog.illinois.edu/courses-of-instruction/hist/,2026–2027
HIST 395,HIST,395,Topics in Law and Society,3 Hours,"Topics and problems in the history of laws, legal institutions, jurisprudence, concepts of justice, and their role(s) in shaping societies over time. Specific readings and foci will vary. May be repeated in the same or separate terms for a maximum of 6 hours if topics vary.",,,,,,,"[HIST 395 Topics in Law and Society credit: 3 Hours.](<https://courses.illinois.edu/schedule/terms/HIST/395>)

Topics and problems in the history of laws, legal institutions, jurisprudence, concepts of justice, and their role(s) in shaping societies over time. Specific readings and foci will vary. May be repeated in the same or separate terms for a maximum of 6 hours if topics vary.",https://catalog.illinois.edu/courses-of-instruction/hist/,2026–2027
HIST 397,HIST,397,Sexuality in Modern Europe,3 Hours,"What is sexuality? How is it practiced, policed, represented, liberated and controlled? How do religion, the state, the law and the media influence sexual identities and practices? Focusing on modern Europe, we will examine the history of sexuality from the late eighteenth century to the present in order to explore how historians have answered these questions. We will investigate topics from pornography, prostitution, sex and totalitarianism, queer sexualities, sex and colonialism, and masturbation, to sex education, sexual revolutions, hermaphroditism, sex surveys and AIDS. Same as GWS 397.",,,,,,,"[HIST 397 Sexuality in Modern Europe credit: 3 Hours.](<https://courses.illinois.edu/schedule/terms/HIST/397>)

What is sexuality? How is it practiced, policed, represented, liberated and controlled? How do religion, the state, the law and the media influence sexual identities and practices? Focusing on modern Europe, we will examine the history of sexuality from the late eighteenth century to the present in order to explore how historians have answered these questions. We will investigate topics from pornography, prostitution, sex and totalitarianism, queer sexualities, sex and colonialism, and masturbation, to sex education, sexual revolutions, hermaphroditism, sex surveys and AIDS. Same as [GWS 397](<https://catalog.illinois.edu/search/?P=GWS%20397>).",https://catalog.illinois.edu/courses-of-instruction/hist/,2026–2027
HIST 398,HIST,398,Internship in Public History,1 to 3 Hours,"With a faculty sponsor, a qualified students will develop a program of study or research related to an internship or other relevant employment opportunity. Consult departmental undergraduate advisor or Director of Undergraduate Studies. Approved for letter and S/U grading. May be repeated in separate terms to a maximum of 6 hours. Prerequisite: Consent of faculty sponsor and Director of Undergraduate Studies required.",Prerequisite: Consent of faculty sponsor and Director of Undergraduate Studies required.,,,,,,"[HIST 398 Internship in Public History credit: 1 to 3 Hours.](<https://courses.illinois.edu/schedule/terms/HIST/398>)

With a faculty sponsor, a qualified students will develop a program of study or research related to an internship or other relevant employment opportunity. Consult departmental undergraduate advisor or Director of Undergraduate Studies. Approved for letter and S/U grading. May be repeated in separate terms to a maximum of 6 hours. Prerequisite: Consent of faculty sponsor and Director of Undergraduate Studies required.",https://catalog.illinois.edu/courses-of-instruction/hist/,2026–2027
HIST 399,HIST,399,Independent Study,1 to 3 Hours,Readings in selected fields in consultation with the instructor resulting in a 20-30 page paper. May be repeated with permission of the Director of Undergraduate Studies. Prerequisite: Junior or senior standing pursuing a History major; written consent of instructor and History undergraduate advisor required.,Prerequisite: Junior or senior standing pursuing a History major; written consent of instructor and History undergraduate advisor required.,,,,,,"[HIST 399 Independent Study credit: 1 to 3 Hours.](<https://courses.illinois.edu/schedule/terms/HIST/399>)

Readings in selected fields in consultation with the instructor resulting in a 20-30 page paper. May be repeated with permission of the Director of Undergraduate Studies. Prerequisite: Junior or senior standing pursuing a History major; written consent of instructor and History undergraduate advisor required.",https://catalog.illinois.edu/courses-of-instruction/hist/,2026–2027
HIST 400,HIST,400,"War, Soc, Politics, & Culture","2 to 4 Hours
3 undergraduate hours. 2 to 4 graduate hours.",Topics will be listed in the department's course guide at http://www.history.illinois.edu. 3 undergraduate hours. 2 to 4 graduate hours. May be repeated to a maximum of 6 undergraduate hours or 8 graduate hours in the same or subsequent terms if topics vary.,,,,,,,"[HIST 400 War, Soc, Politics, & Culture credit: 2 to 4 Hours.](<https://courses.illinois.edu/schedule/terms/HIST/400>)

Topics will be listed in the department's course guide at http://www.history.illinois.edu. 3 undergraduate hours. 2 to 4 graduate hours. May be repeated to a maximum of 6 undergraduate hours or 8 graduate hours in the same or subsequent terms if topics vary.",https://catalog.illinois.edu/courses-of-instruction/hist/,2026–2027
HIST 405,HIST,405,History of Brazil from 1808,"2 to 4 Hours
3 undergraduate hours. 2 or 4 graduate hours.","Problems of a neocolonial society; themes include family structure, slavery, imperialism, modernization, and the crisis of traditional institutions. 3 undergraduate hours. 2 or 4 graduate hours.",,,,,,,"[HIST 405 History of Brazil from 1808 credit: 2 to 4 Hours.](<https://courses.illinois.edu/schedule/terms/HIST/405>)

Problems of a neocolonial society; themes include family structure, slavery, imperialism, modernization, and the crisis of traditional institutions. 3 undergraduate hours. 2 or 4 graduate hours.",https://catalog.illinois.edu/courses-of-instruction/hist/,2026–2027
HIST 407,HIST,407,Slavery & Race in Latin Am,"2 to 4 Hours
3 undergraduate hours. 2 or 4 graduate hours.","Selected topics on Indians and Spaniards, whites and blacks, emphasizing Mexico, the Caribbean, and Brazil. Same as AFRO 407. 3 undergraduate hours. 2 or 4 graduate hours.",,,,,,,"[HIST 407 Slavery & Race in Latin Am credit: 2 to 4 Hours.](<https://courses.illinois.edu/schedule/terms/HIST/407>)

Selected topics on Indians and Spaniards, whites and blacks, emphasizing Mexico, the Caribbean, and Brazil. Same as [AFRO 407](<https://catalog.illinois.edu/search/?P=AFRO%20407>). 3 undergraduate hours. 2 or 4 graduate hours.",https://catalog.illinois.edu/courses-of-instruction/hist/,2026–2027
HIST 410,HIST,410,Decolonization in Africa,"3 or 4 Hours
3 undergraduate hours. 4 graduate hours.","Almost all African countries fell under European colonial rule by the beginning of the 20th century, but formal colonialism did not last the century. Surveys the crucial ideological, political, social, and military strategies enlisted by African people and movements to shed colonial rule. Also examines the paradox of the coupling of ""flag independence"" with continuing economic dependence on Europe. 3 undergraduate hours. 4 graduate hours.",,,,,,,"[HIST 410 Decolonization in Africa credit: 3 or 4 Hours.](<https://courses.illinois.edu/schedule/terms/HIST/410>)

Almost all African countries fell under European colonial rule by the beginning of the 20th century, but formal colonialism did not last the century. Surveys the crucial ideological, political, social, and military strategies enlisted by African people and movements to shed colonial rule. Also examines the paradox of the coupling of ""flag independence"" with continuing economic dependence on Europe. 3 undergraduate hours. 4 graduate hours.",https://catalog.illinois.edu/courses-of-instruction/hist/,2026–2027
HIST 411,HIST,411,20thC Africa Intellectual Hist,"2 to 4 Hours
3 undergraduate hours. 2 or 4 graduate hours.","The development of influential political and cultural ideas on the African continent over the course of the long 20th century, highlighting the interactions of individuals (as members of educated elites and of rural societies) and institutions (such as universities) in developing trademark African intellectualism. These concepts include: Pan-Africanism, the need for political independence, Negritude, feminism/womanism, calls for the promotion of indigenous languages and ubuntu; as well as the contested justifications for one-party rule. Students will gain an appreciation of the breadth, depth and creativity of African thought and activism. 3 undergraduate hours. 2 or 4 graduate hours.",,,,,,,"[HIST 411 20thC Africa Intellectual Hist credit: 2 to 4 Hours.](<https://courses.illinois.edu/schedule/terms/HIST/411>)

The development of influential political and cultural ideas on the African continent over the course of the long 20th century, highlighting the interactions of individuals (as members of educated elites and of rural societies) and institutions (such as universities) in developing trademark African intellectualism. These concepts include: Pan-Africanism, the need for political independence, Negritude, feminism/womanism, calls for the promotion of indigenous languages and ubuntu; as well as the contested justifications for one-party rule. Students will gain an appreciation of the breadth, depth and creativity of African thought and activism. 3 undergraduate hours. 2 or 4 graduate hours.",https://catalog.illinois.edu/courses-of-instruction/hist/,2026–2027
HIST 420,HIST,420,China Under the Qing Dynasty,"2 to 4 Hours
3 undergraduate hours. 2 or 4 graduate hours.",The period of Manchu domination in China (1644-1912); emphasis on Chinese reactions to Western influences during the nineteenth century. Same as EALC 420. 3 undergraduate hours. 2 or 4 graduate hours.,,,,,,,"[HIST 420 China Under the Qing Dynasty credit: 2 to 4 Hours.](<https://courses.illinois.edu/schedule/terms/HIST/420>)

The period of Manchu domination in China (1644-1912); emphasis on Chinese reactions to Western influences during the nineteenth century. Same as [EALC 420](<https://catalog.illinois.edu/search/?P=EALC%20420>). 3 undergraduate hours. 2 or 4 graduate hours.",https://catalog.illinois.edu/courses-of-instruction/hist/,2026–2027
HIST 422,HIST,422,Soc-Econ Hist Modern China,"2 to 4 Hours
3 undergraduate hours. 2 or 4 graduate hours.","Disintegration of traditional social and economic systems during the nineteenth and twentieth centuries, and the political effects of that disintegration; examines changes in the agricultural economy, changing rural elites, urbanization, and emergence of new social classes. It is recommended that students take HIST 420 before registration in HIST 422. Same as EALC 421. 3 undergraduate hours. 2 or 4 graduate hours.",,,,,,,"[HIST 422 Soc-Econ Hist Modern China credit: 2 to 4 Hours.](<https://courses.illinois.edu/schedule/terms/HIST/422>)

Disintegration of traditional social and economic systems during the nineteenth and twentieth centuries, and the political effects of that disintegration; examines changes in the agricultural economy, changing rural elites, urbanization, and emergence of new social classes. It is recommended that students take [HIST 420](<https://catalog.illinois.edu/search/?P=HIST%20420>) before registration in [HIST 422](<https://catalog.illinois.edu/search/?P=HIST%20422>). Same as [EALC 421](<https://catalog.illinois.edu/search/?P=EALC%20421>). 3 undergraduate hours. 2 or 4 graduate hours.",https://catalog.illinois.edu/courses-of-instruction/hist/,2026–2027
HIST 425,HIST,425,Classical Chinese Thought,3 or 4 Hours,Same as CWL 478 and EALC 476. See EALC 476.,,,,,,,"[HIST 425 Classical Chinese Thought credit: 3 or 4 Hours.](<https://courses.illinois.edu/schedule/terms/HIST/425>)

Same as [CWL 478](<https://catalog.illinois.edu/search/?P=CWL%20478>) and [EALC 476](<https://catalog.illinois.edu/search/?P=EALC%20476>). See [EALC 476](<https://catalog.illinois.edu/search/?P=EALC%20476>).",https://catalog.illinois.edu/courses-of-instruction/hist/,2026–2027
HIST 427,HIST,427,Twentieth-Century Japan,"3 or 4 Hours
3 undergraduate hours. 4 graduate hours.","Study of the people, culture, and society of Japan from 1868 to the present. Traces Japan's transformation from an insular bastion of ""centralized feudalism"" into a cross-cultural crucible of post-industrial democracy. Same as EALC 427. 3 undergraduate hours. 4 graduate hours.",,,,,,,"[HIST 427 Twentieth-Century Japan credit: 3 or 4 Hours.](<https://courses.illinois.edu/schedule/terms/HIST/427>)

Study of the people, culture, and society of Japan from 1868 to the present. Traces Japan's transformation from an insular bastion of ""centralized feudalism"" into a cross-cultural crucible of post-industrial democracy. Same as [EALC 427](<https://catalog.illinois.edu/search/?P=EALC%20427>). 3 undergraduate hours. 4 graduate hours.",https://catalog.illinois.edu/courses-of-instruction/hist/,2026–2027
HIST 430,HIST,430,India from Colony to Nation,"2 to 4 Hours
3 undergraduate hours. 2 or 4 graduate hours.","Mughal Empire and British Raj, Indian national awakening, and struggle for independence under Gandhi and Nehru. 3 undergraduate hours. 2 or 4 graduate hours.",,,,,,,"[HIST 430 India from Colony to Nation credit: 2 to 4 Hours.](<https://courses.illinois.edu/schedule/terms/HIST/430>)

Mughal Empire and British Raj, Indian national awakening, and struggle for independence under Gandhi and Nehru. 3 undergraduate hours. 2 or 4 graduate hours.",https://catalog.illinois.edu/courses-of-instruction/hist/,2026–2027
HIST 432,HIST,432,History of Early Judaism,3 or 4 Hours,Same as JS 442 and REL 442. See REL 442.,,,,,,,"[HIST 432 History of Early Judaism credit: 3 or 4 Hours.](<https://courses.illinois.edu/schedule/terms/HIST/432>)

Same as [JS 442](<https://catalog.illinois.edu/search/?P=JS%20442>) and [REL 442](<https://catalog.illinois.edu/search/?P=REL%20442>). See [REL 442](<https://catalog.illinois.edu/search/?P=REL%20442>).",https://catalog.illinois.edu/courses-of-instruction/hist/,2026–2027
HIST 433,HIST,433,History of Jews in Diaspora,"3 or 4 Hours
3 undergraduate hours. 4 graduate hours.",Deals with the history of the Jewish people from the destruction of the Jewish state by Rome to the reestablishment of a Jewish state in 1948. The emphasis is on the interaction between the Jewish and non-Jewish worlds as well as changes internal to the Jewish communities. Same as REL 434. 3 undergraduate hours. 4 graduate hours.,,,,,,,"[HIST 433 History of Jews in Diaspora credit: 3 or 4 Hours.](<https://courses.illinois.edu/schedule/terms/HIST/433>)

Deals with the history of the Jewish people from the destruction of the Jewish state by Rome to the reestablishment of a Jewish state in 1948. The emphasis is on the interaction between the Jewish and non-Jewish worlds as well as changes internal to the Jewish communities. Same as [REL 434](<https://catalog.illinois.edu/search/?P=REL%20434>). 3 undergraduate hours. 4 graduate hours.",https://catalog.illinois.edu/courses-of-instruction/hist/,2026–2027
HIST 434,HIST,434,Women in Muslim Societies,3 or 4 Hours,"Same as ANTH 403, GLBL 403, GWS 403, REL 403, and SAME 403. See REL 403.",,,,,,,"[HIST 434 Women in Muslim Societies credit: 3 or 4 Hours.](<https://courses.illinois.edu/schedule/terms/HIST/434>)

Same as [ANTH 403](<https://catalog.illinois.edu/search/?P=ANTH%20403>), [GLBL 403](<https://catalog.illinois.edu/search/?P=GLBL%20403>), [GWS 403](<https://catalog.illinois.edu/search/?P=GWS%20403>), [REL 403](<https://catalog.illinois.edu/search/?P=REL%20403>), and [SAME 403](<https://catalog.illinois.edu/search/?P=SAME%20403>). See [REL 403](<https://catalog.illinois.edu/search/?P=REL%20403>).",https://catalog.illinois.edu/courses-of-instruction/hist/,2026–2027
HIST 436,HIST,436,Jewish Life-Writing,3 or 4 Hours,"Same as CWL 421, REL 420, SLAV 420, and YDSH 420. See YDSH 420.",,,,,,,"[HIST 436 Jewish Life-Writing credit: 3 or 4 Hours.](<https://courses.illinois.edu/schedule/terms/HIST/436>)

Same as [CWL 421](<https://catalog.illinois.edu/search/?P=CWL%20421>), [REL 420](<https://catalog.illinois.edu/search/?P=REL%20420>), [SLAV 420](<https://catalog.illinois.edu/search/?P=SLAV%20420>), and [YDSH 420](<https://catalog.illinois.edu/search/?P=YDSH%20420>). See [YDSH 420](<https://catalog.illinois.edu/search/?P=YDSH%20420>).",https://catalog.illinois.edu/courses-of-instruction/hist/,2026–2027
HIST 439,HIST,439,The Ottoman Empire,"2 to 4 Hours
3 undergraduate hours. 2 or 4 graduate hours.","Economy, society, law, and government; the Ottomans and Mediterranean society; Ottoman culture and Islamic tradition; minorities; trade, diplomacy, and capitulations; ""decline"" and dismemberment; and traditional and westernizing attempts at revival. 3 undergraduate hours. 2 or 4 graduate hours.",,,,,,,"[HIST 439 The Ottoman Empire credit: 2 to 4 Hours.](<https://courses.illinois.edu/schedule/terms/HIST/439>)

Economy, society, law, and government; the Ottomans and Mediterranean society; Ottoman culture and Islamic tradition; minorities; trade, diplomacy, and capitulations; ""decline"" and dismemberment; and traditional and westernizing attempts at revival. 3 undergraduate hours. 2 or 4 graduate hours.",https://catalog.illinois.edu/courses-of-instruction/hist/,2026–2027
HIST 440,HIST,440,Roman Republic to 44 B C,"3 or 4 Hours
3 undergraduate hours. 4 graduate hours.","Examination of the political, social, economic, military, institutional, religious and cultural development of Rome from 753 BCE until 14 CE. Same as CLCV 440. 3 undergraduate hours. 4 graduate hours.",,,,,,,"[HIST 440 Roman Republic to 44 B C credit: 3 or 4 Hours.](<https://courses.illinois.edu/schedule/terms/HIST/440>)

Examination of the political, social, economic, military, institutional, religious and cultural development of Rome from 753 BCE until 14 CE. Same as [CLCV 440](<https://catalog.illinois.edu/search/?P=CLCV%20440>). 3 undergraduate hours. 4 graduate hours.",https://catalog.illinois.edu/courses-of-instruction/hist/,2026–2027
HIST 441,HIST,441,The Roman Empire,"3 or 4 Hours
3 undergraduate hours. 4 graduate hours.","Examination of the political, social, economic, military, institutional, religious and cultural development of the Roman Empire from the reign of Augustus (27 BCE - 14 CE) through the fall of the Western Roman Empire ca. 480 CE. 3 undergraduate hours. 4 graduate hours.",,,,,,,"[HIST 441 The Roman Empire credit: 3 or 4 Hours.](<https://courses.illinois.edu/schedule/terms/HIST/441>)

Examination of the political, social, economic, military, institutional, religious and cultural development of the Roman Empire from the reign of Augustus (27 BCE - 14 CE) through the fall of the Western Roman Empire ca. 480 CE. 3 undergraduate hours. 4 graduate hours.",https://catalog.illinois.edu/courses-of-instruction/hist/,2026–2027
HIST 442,HIST,442,Roman Law and Legal Trad,"3 or 4 Hours
3 undergraduate hours. 4 graduate hours.","Examines Roman law and legal tradition in the context of historical, political, and social developments; origins of law in primitive and ancient classical societies; surveys development of precedent, codification, and preservation of Roman law, and the impact of Roman law on western legal traditions. 3 undergraduate hours. 4 graduate hours.",,,,,,,"[HIST 442 Roman Law and Legal Trad credit: 3 or 4 Hours.](<https://courses.illinois.edu/schedule/terms/HIST/442>)

Examines Roman law and legal tradition in the context of historical, political, and social developments; origins of law in primitive and ancient classical societies; surveys development of precedent, codification, and preservation of Roman law, and the impact of Roman law on western legal traditions. 3 undergraduate hours. 4 graduate hours.",https://catalog.illinois.edu/courses-of-instruction/hist/,2026–2027
HIST 443,HIST,443,Byzantine Empire AD 284-717,"3 or 4 Hours
3 undergraduate hours. 4 graduate hours.","Examination of the political, social, economic, military, institutional, religious and cultural development of the early Byzantine Empire from the reign of Diocletian (AD 284-305) through the Heraclian Dynasty (AD 610-717). Same as MDVL 443. 3 undergraduate hours. 4 graduate hours.",,,,,,,"[HIST 443 Byzantine Empire AD 284-717 credit: 3 or 4 Hours.](<https://courses.illinois.edu/schedule/terms/HIST/443>)

Examination of the political, social, economic, military, institutional, religious and cultural development of the early Byzantine Empire from the reign of Diocletian (AD 284-305) through the Heraclian Dynasty (AD 610-717). Same as [MDVL 443](<https://catalog.illinois.edu/search/?P=MDVL%20443>). 3 undergraduate hours. 4 graduate hours.",https://catalog.illinois.edu/courses-of-instruction/hist/,2026–2027
HIST 445,HIST,445,Medieval England,"2 to 4 Hours
3 undergraduate hours. 2 or 4 graduate hours.","Key sources and topics of English history, from the end of Roman rule in Britain (c. 410) to the fifteenth century. Recurrent themes include the development of law, the role of women, the status of commoners, intellectual trends, and the importance of public media for the dissemination of ideas (writing, performance). Same as MDVL 444. 3 undergraduate hours. 2 or 4 graduate hours.",,,,,,,"[HIST 445 Medieval England credit: 2 to 4 Hours.](<https://courses.illinois.edu/schedule/terms/HIST/445>)

Key sources and topics of English history, from the end of Roman rule in Britain (c. 410) to the fifteenth century. Recurrent themes include the development of law, the role of women, the status of commoners, intellectual trends, and the importance of public media for the dissemination of ideas (writing, performance). Same as [MDVL 444](<https://catalog.illinois.edu/search/?P=MDVL%20444>). 3 undergraduate hours. 2 or 4 graduate hours.",https://catalog.illinois.edu/courses-of-instruction/hist/,2026–2027
HIST 448,HIST,448,Modern Britain,"2 to 4 Hours
3 undergraduate hours. 2 or 4 graduate hours.","History of modern Britain's social, economic, cultural and political life with a special emphasis on the role of empire in shaping its career as a global power and its ""domestic"" national culture at home. 3 undergraduate hours. 2 or 4 graduate hours.",,,,,,,"[HIST 448 Modern Britain credit: 2 to 4 Hours.](<https://courses.illinois.edu/schedule/terms/HIST/448>)

History of modern Britain's social, economic, cultural and political life with a special emphasis on the role of empire in shaping its career as a global power and its ""domestic"" national culture at home. 3 undergraduate hours. 2 or 4 graduate hours.",https://catalog.illinois.edu/courses-of-instruction/hist/,2026–2027
HIST 456,HIST,456,Twentieth-Century Germany,"3 or 4 Hours
3 undergraduate hours. 4 graduate hours.","Political upheavals of twentieth-century Germany; topics include the First World War's impact on German society, the war's revolutionary aftermath, the political struggles and cultural achievements of the Weimar Republic, the rise of Hitler, the Third Reich, the Holocaust, the Second World War, and the divided postwar Germanies; novels and films complement readings. 3 undergraduate hours. 4 graduate hours.",,,,,,,"[HIST 456 Twentieth-Century Germany credit: 3 or 4 Hours.](<https://courses.illinois.edu/schedule/terms/HIST/456>)

Political upheavals of twentieth-century Germany; topics include the First World War's impact on German society, the war's revolutionary aftermath, the political struggles and cultural achievements of the Weimar Republic, the rise of Hitler, the Third Reich, the Holocaust, the Second World War, and the divided postwar Germanies; novels and films complement readings. 3 undergraduate hours. 4 graduate hours.",https://catalog.illinois.edu/courses-of-instruction/hist/,2026–2027
HIST 459,HIST,459,Postcolonial/Queer,3 or 4 Hours,Same as GWS 459. See GWS 459.,,,,,,,"[HIST 459 Postcolonial/Queer credit: 3 or 4 Hours.](<https://courses.illinois.edu/schedule/terms/HIST/459>)

Same as [GWS 459](<https://catalog.illinois.edu/search/?P=GWS%20459>). See [GWS 459](<https://catalog.illinois.edu/search/?P=GWS%20459>).",https://catalog.illinois.edu/courses-of-instruction/hist/,2026–2027
HIST 461,HIST,461,Russia- Peter the Great to Rev,"2 to 4 Hours
3 undergraduate hours. 2 or 4 graduate hours.","Culture, society, and politics in Imperial Russia, focusing on power and resistance, the lives and culture of ordinary Russians, and competing ideas about the state, the individual, community, nation, religion, and morality. 3 undergraduate hours. 2 or 4 graduate hours. For higher credit, graduate students will be required to do more reading and to write an additional paper.",,,,,,,"[HIST 461 Russia- Peter the Great to Rev credit: 2 to 4 Hours.](<https://courses.illinois.edu/schedule/terms/HIST/461>)

Culture, society, and politics in Imperial Russia, focusing on power and resistance, the lives and culture of ordinary Russians, and competing ideas about the state, the individual, community, nation, religion, and morality. 3 undergraduate hours. 2 or 4 graduate hours. For higher credit, graduate students will be required to do more reading and to write an additional paper.",https://catalog.illinois.edu/courses-of-instruction/hist/,2026–2027
HIST 462,HIST,462,Soviet Union Since 1917,"2 to 4 Hours
3 undergraduate hours. 2 or 4 graduate hours.","Political, social, and economic development of the USSR since the 1917 revolutions that brought the Bolsheviks to power; social change and social engineering; political struggles among Stalin and his rivals; the ""Stalin revolution"" from above and economic modernization; the USSR's emergence through World War II and the Cold War as a world power; ""developed socialist"" society. 3 undergraduate hours. 2 or 4 graduate hours. Graduate students will write an additional substantial paper and engage in special discussion sections.",,,,,,,"[HIST 462 Soviet Union Since 1917 credit: 2 to 4 Hours.](<https://courses.illinois.edu/schedule/terms/HIST/462>)

Political, social, and economic development of the USSR since the 1917 revolutions that brought the Bolsheviks to power; social change and social engineering; political struggles among Stalin and his rivals; the ""Stalin revolution"" from above and economic modernization; the USSR's emergence through World War II and the Cold War as a world power; ""developed socialist"" society. 3 undergraduate hours. 2 or 4 graduate hours. Graduate students will write an additional substantial paper and engage in special discussion sections.",https://catalog.illinois.edu/courses-of-instruction/hist/,2026–2027
HIST 467,HIST,467,Eastern Europe,"3 or 4 Hours
3 undergraduate hours. 4 graduate hours.","The political, economic, and cultural history of Poland, Czechoslovakia, Hungary, Rumania, Yugoslavia, Bulgaria, Greece, and Albania; particular emphasis upon the post-World War II era. 3 undergraduate hours. 4 graduate hours.",,,,,,,"[HIST 467 Eastern Europe credit: 3 or 4 Hours.](<https://courses.illinois.edu/schedule/terms/HIST/467>)

The political, economic, and cultural history of Poland, Czechoslovakia, Hungary, Rumania, Yugoslavia, Bulgaria, Greece, and Albania; particular emphasis upon the post-World War II era. 3 undergraduate hours. 4 graduate hours.",https://catalog.illinois.edu/courses-of-instruction/hist/,2026–2027
HIST 468,HIST,468,Locating Queer Culture,3 Hours,Same as GWS 467. See GWS 467.,,,,,,,"[HIST 468 Locating Queer Culture credit: 3 Hours.](<https://courses.illinois.edu/schedule/terms/HIST/468>)

Same as [GWS 467](<https://catalog.illinois.edu/search/?P=GWS%20467>). See [GWS 467](<https://catalog.illinois.edu/search/?P=GWS%20467>).",https://catalog.illinois.edu/courses-of-instruction/hist/,2026–2027
HIST 476,HIST,476,History of the American West,"3 or 4 Hours
3 undergraduate hours. 4 graduate hours.",Examines the changing image of the American West by focusing on the process of conquest and resistance present within the region's history. Same as LLS 475. 3 undergraduate hours. 4 graduate hours.,,,,,,,"[HIST 476 History of the American West credit: 3 or 4 Hours.](<https://courses.illinois.edu/schedule/terms/HIST/476>)

Examines the changing image of the American West by focusing on the process of conquest and resistance present within the region's history. Same as [LLS 475](<https://catalog.illinois.edu/search/?P=LLS%20475>). 3 undergraduate hours. 4 graduate hours.",https://catalog.illinois.edu/courses-of-instruction/hist/,2026–2027
HIST 478,HIST,478,"The Black Liberation Movement, 1955-Present",3 or 4 Hours,Same as AFRO 474. See AFRO 474.,,,Advanced Composition,,,,"[HIST 478 The Black Liberation Movement, 1955-Present credit: 3 or 4 Hours.](<https://courses.illinois.edu/schedule/terms/HIST/478>)

Same as [AFRO 474](<https://catalog.illinois.edu/search/?P=AFRO%20474>). See [AFRO 474](<https://catalog.illinois.edu/search/?P=AFRO%20474>).
This course satisfies the General Education Criteria for:
Advanced Composition",https://catalog.illinois.edu/courses-of-instruction/hist/,2026–2027
HIST 480,HIST,480,US Work Class Hist Since 1780,"2 to 4 Hours
3 undergraduate hours. 2 or 4 graduate hours.","Focuses on working class formation, culture, ideas, and organization; examines daily experience of work and community life; special emphasis on race, ethnicity, and gender in the process of class formation; labor relations and the changing patterns of working class protest and accommodation. Same as LER 480. 3 undergraduate hours. 2 or 4 graduate hours.",,,,,,,"[HIST 480 US Work Class Hist Since 1780 credit: 2 to 4 Hours.](<https://courses.illinois.edu/schedule/terms/HIST/480>)

Focuses on working class formation, culture, ideas, and organization; examines daily experience of work and community life; special emphasis on race, ethnicity, and gender in the process of class formation; labor relations and the changing patterns of working class protest and accommodation. Same as [LER 480](<https://catalog.illinois.edu/search/?P=LER%20480>). 3 undergraduate hours. 2 or 4 graduate hours.",https://catalog.illinois.edu/courses-of-instruction/hist/,2026–2027
HIST 481,HIST,481,20th Century US Culture Wars,"2 to 4 Hours
3 undergraduate hours. 2 or 4 graduate hours.","What ideas does ""American Culture"" include? How does it incorporate diverse religious traditions as well as new scientific perspectives? How are ethnicity, gender and race important? Topics of current ""cultural wars"", these and other questions about cultural conflict in the US have been hotly debated for over a century. This course explores such culture wars in the 20th century US and helps students evaluate contested cultural concepts they have produced, including pragmatism, pluralism, religious diversity, scientific objectivity, economic equality, as well as ""popular,"" ""high"" and ""democratic"" culture. Same as REL 479. 3 undergraduate hours. 2 or 4 graduate hours.",,,,,,,"[HIST 481 20th Century US Culture Wars credit: 2 to 4 Hours.](<https://courses.illinois.edu/schedule/terms/HIST/481>)

What ideas does ""American Culture"" include? How does it incorporate diverse religious traditions as well as new scientific perspectives? How are ethnicity, gender and race important? Topics of current ""cultural wars"", these and other questions about cultural conflict in the US have been hotly debated for over a century. This course explores such culture wars in the 20th century US and helps students evaluate contested cultural concepts they have produced, including pragmatism, pluralism, religious diversity, scientific objectivity, economic equality, as well as ""popular,"" ""high"" and ""democratic"" culture. Same as [REL 479](<https://catalog.illinois.edu/search/?P=REL%20479>). 3 undergraduate hours. 2 or 4 graduate hours.",https://catalog.illinois.edu/courses-of-instruction/hist/,2026–2027
HIST 482,HIST,482,Slavery in the United States,3 or 4 Hours,Same as AFRO 460. See AFRO 460.,,,Advanced Composition,,,,"[HIST 482 Slavery in the United States credit: 3 or 4 Hours.](<https://courses.illinois.edu/schedule/terms/HIST/482>)

Same as [AFRO 460](<https://catalog.illinois.edu/search/?P=AFRO%20460>). See [AFRO 460](<https://catalog.illinois.edu/search/?P=AFRO%20460>).
This course satisfies the General Education Criteria for:
Advanced Composition",https://catalog.illinois.edu/courses-of-instruction/hist/,2026–2027
HIST 486,HIST,486,Revivalism and Evangelicalism,3 or 4 Hours,Same as REL 435. See REL 435.,,,,,,,"[HIST 486 Revivalism and Evangelicalism credit: 3 or 4 Hours.](<https://courses.illinois.edu/schedule/terms/HIST/486>)

Same as [REL 435](<https://catalog.illinois.edu/search/?P=REL%20435>). See [REL 435](<https://catalog.illinois.edu/search/?P=REL%20435>).",https://catalog.illinois.edu/courses-of-instruction/hist/,2026–2027
HIST 488,HIST,488,The American Political Divide,"3 or 4 Hours
3 undergraduate hours. 4 graduate hours.","Examines the diversity of political thought in the twentieth century by exploring the ways that Americans from diverse backgrounds have talked about, made sense of, and sought to influence change in modern American government. Throughout the course, students will examine the enduring debate about the proper role of the federal government, which has been central to some of the fiercest ideological divides in American history. 3 undergraduate hours. 4 graduate hours.",,,,,,,"[HIST 488 The American Political Divide credit: 3 or 4 Hours.](<https://courses.illinois.edu/schedule/terms/HIST/488>)

Examines the diversity of political thought in the twentieth century by exploring the ways that Americans from diverse backgrounds have talked about, made sense of, and sought to influence change in modern American government. Throughout the course, students will examine the enduring debate about the proper role of the federal government, which has been central to some of the fiercest ideological divides in American history. 3 undergraduate hours. 4 graduate hours.",https://catalog.illinois.edu/courses-of-instruction/hist/,2026–2027
HIST 490,HIST,490,Honors Independent Study,"3 Hours
No graduate credit.","Independent reading, research, and writing under the supervision of an individual instructor. Seniors in the History Honors Program taking this course in place of the Honors Senior Thesis must complete a substantive research paper (25-30 pages). No graduate credit. May be repeated to a maximum of 6 hours. Each 3-hour class must be taken with a different instructor. Prerequisite: Admission to the History Honors Program; or junior or senior of high standing with the consent of the Director of Undergraduate Studies.",Prerequisite: Admission to the History Honors Program; or junior or senior of high standing with the consent of the Director of Undergraduate Studies.,No graduate credit.,,,,,"[HIST 490 Honors Independent Study credit: 3 Hours.](<https://courses.illinois.edu/schedule/terms/HIST/490>)

Independent reading, research, and writing under the supervision of an individual instructor. Seniors in the History Honors Program taking this course in place of the Honors Senior Thesis must complete a substantive research paper (25-30 pages). No graduate credit. May be repeated to a maximum of 6 hours. Each 3-hour class must be taken with a different instructor. Prerequisite: Admission to the History Honors Program; or junior or senior of high standing with the consent of the Director of Undergraduate Studies.",https://catalog.illinois.edu/courses-of-instruction/hist/,2026–2027
HIST 491,HIST,491,Directed Research in Digital History,"1 to 4 Hours
1 to 3 undergraduate hours. 1 to 4 graduate hours.",Advanced projects in Digital History undertaken with a faculty supervisor. 1 to 3 undergraduate hours. 1 to 4 graduate hours. Approved for Letter and S/U grading. May be repeated in separate terms to a maximum of 6 undergraduate hours or 4 graduate hours. Prerequisite: Consent of sponsoring faculty supervisor and Director of Undergraduate Studies or Director of Graduate Studies required for all students.,Prerequisite: Consent of sponsoring faculty supervisor and Director of Undergraduate Studies or Director of Graduate Studies required for all students.,,,,,,"[HIST 491 Directed Research in Digital History credit: 1 to 4 Hours.](<https://courses.illinois.edu/schedule/terms/HIST/491>)

Advanced projects in Digital History undertaken with a faculty supervisor. 1 to 3 undergraduate hours. 1 to 4 graduate hours. Approved for Letter and S/U grading. May be repeated in separate terms to a maximum of 6 undergraduate hours or 4 graduate hours. Prerequisite: Consent of sponsoring faculty supervisor and Director of Undergraduate Studies or Director of Graduate Studies required for all students.",https://catalog.illinois.edu/courses-of-instruction/hist/,2026–2027
HIST 492,HIST,492,Historiography and Methodology,"3 Hours
3 undergraduate hours. No graduate credit.","This is a seminar for all students in the History Honors Program and other advanced students interested in honors level study of historiography and methodology. Students intending to write a senior honors thesis should take it no later than the spring of the Junior year. Students will study the development of the historian's craft and will be exposed to new research methods and techniques. The course will culminate in the preparation of a research proposal, developed in consultation with an individual faculty advisor. The instructor of HIST 492 and the Director of Undergraduate Studies will assist students intending to write a thesis in the selection of an appropriate mentor. 3 undergraduate hours. No graduate credit. Prerequisite: Admission to the History Honors Program or consent of the Director of Undergraduate Studies.",Prerequisite: Admission to the History Honors Program or consent of the Director of Undergraduate Studies.,No graduate credit.,,,,,"[HIST 492 Historiography and Methodology credit: 3 Hours.](<https://courses.illinois.edu/schedule/terms/HIST/492>)

This is a seminar for all students in the History Honors Program and other advanced students interested in honors level study of historiography and methodology. Students intending to write a senior honors thesis should take it no later than the spring of the Junior year. Students will study the development of the historian's craft and will be exposed to new research methods and techniques. The course will culminate in the preparation of a research proposal, developed in consultation with an individual faculty advisor. The instructor of [HIST 492](<https://catalog.illinois.edu/search/?P=HIST%20492>) and the Director of Undergraduate Studies will assist students intending to write a thesis in the selection of an appropriate mentor. 3 undergraduate hours. No graduate credit. Prerequisite: Admission to the History Honors Program or consent of the Director of Undergraduate Studies.",https://catalog.illinois.edu/courses-of-instruction/hist/,2026–2027
HIST 493,HIST,493,Honors Senior Thesis,"3 Hours
3 undergraduate hours. No graduate credit.","Two-term independent research and writing project under the supervision of a faculty advisor. Students enrolled in this course must submit a completed Honors Senior Thesis at the end of the second term, for evaluation by the faculty advisor and a second reader. 3 undergraduate hours. No graduate credit. Must be repeated for a total of 6 hours. Students will receive separate grades for each semester's work. Prerequisite: Admission to the History Honors Program and consent of supervising professor; HIST 492; concurrent enrollment in HIST 499 is required.",Prerequisite: Admission to the History Honors Program and consent of supervising professor; HIST 492; concurrent enrollment in HIST 499 is required.,No graduate credit.,,,,,"[HIST 493 Honors Senior Thesis credit: 3 Hours.](<https://courses.illinois.edu/schedule/terms/HIST/493>)

Two-term independent research and writing project under the supervision of a faculty advisor. Students enrolled in this course must submit a completed Honors Senior Thesis at the end of the second term, for evaluation by the faculty advisor and a second reader. 3 undergraduate hours. No graduate credit. Must be repeated for a total of 6 hours. Students will receive separate grades for each semester's work. Prerequisite: Admission to the History Honors Program and consent of supervising professor; [HIST 492](<https://catalog.illinois.edu/search/?P=HIST%20492>); concurrent enrollment in [HIST 499](<https://catalog.illinois.edu/search/?P=HIST%20499>) is required.",https://catalog.illinois.edu/courses-of-instruction/hist/,2026–2027
HIST 498,HIST,498,Research and Writing Seminar,"3 Hours
3 undergraduate hours. No graduate credit.","Capstone course required of all majors. Students will make history by researching and writing a work of original scholarship. Several of these seminars are offered each term and each focuses on a special topic, thus allowing students with similar interests to work through the process of gathering, interpreting, and organizing historical evidence under the direction of an expert in the field. The topics on offer each semester will be listed in the Class Schedule and described in the department's course guide at http://www.history.illinois.edu. 3 undergraduate hours. No graduate credit. May be repeated to a maximum of 6 hours.",,No graduate credit.,Advanced Composition,,,,"[HIST 498 Research and Writing Seminar credit: 3 Hours.](<https://courses.illinois.edu/schedule/terms/HIST/498>)

Capstone course required of all majors. Students will make history by researching and writing a work of original scholarship. Several of these seminars are offered each term and each focuses on a special topic, thus allowing students with similar interests to work through the process of gathering, interpreting, and organizing historical evidence under the direction of an expert in the field. The topics on offer each semester will be listed in the Class Schedule and described in the department's course guide at http://www.history.illinois.edu. 3 undergraduate hours. No graduate credit. May be repeated to a maximum of 6 hours.
This course satisfies the General Education Criteria for:
Advanced Composition",https://catalog.illinois.edu/courses-of-instruction/hist/,2026–2027
HIST 499,HIST,499,Thesis Seminar,"1 to 2 Hours
1 to 2 undergraduate hours. 1 to 2 graduate hours.","A required seminar for all seniors writing Honor Theses in history, this course will meet throughout the year and will supplement individual students' meetings with their primary advisors. Provides an intellectually supportive environment in which students work together on common methodological problems, share the results of their research, and critique developing projects. 1 to 2 undergraduate hours. 1 to 2 graduate hours. Approved for both Letter and S/U grading. May be repeated in separate terms to a maximum of 3 hours. Prerequisite: Admission to the History Honors Program; HIST 492. Concurrent enrollment in HIST 493 is required.",Prerequisite: Admission to the History Honors Program; HIST 492.,,,,,,"[HIST 499 Thesis Seminar credit: 1 to 2 Hours.](<https://courses.illinois.edu/schedule/terms/HIST/499>)

A required seminar for all seniors writing Honor Theses in history, this course will meet throughout the year and will supplement individual students' meetings with their primary advisors. Provides an intellectually supportive environment in which students work together on common methodological problems, share the results of their research, and critique developing projects. 1 to 2 undergraduate hours. 1 to 2 graduate hours. Approved for both Letter and S/U grading. May be repeated in separate terms to a maximum of 3 hours. Prerequisite: Admission to the History Honors Program; [HIST 492](<https://catalog.illinois.edu/search/?P=HIST%20492>). Concurrent enrollment in [HIST 493](<https://catalog.illinois.edu/search/?P=HIST%20493>) is required.",https://catalog.illinois.edu/courses-of-instruction/hist/,2026–2027
HIST 502,HIST,502,Prob in Comparative History,4 Hours,"Intensive comparative examinations of particular issues in the histories of multiple countries, cultures or periods; emphasizes methodology, the discipline of comparative history, and the nature of historiography in a cross-cultural and interdisciplinary context. May be repeated to a maximum of 12 hours.",,,,,,,"[HIST 502 Prob in Comparative History credit: 4 Hours.](<https://courses.illinois.edu/schedule/terms/HIST/502>)

Intensive comparative examinations of particular issues in the histories of multiple countries, cultures or periods; emphasizes methodology, the discipline of comparative history, and the nature of historiography in a cross-cultural and interdisciplinary context. May be repeated to a maximum of 12 hours.",https://catalog.illinois.edu/courses-of-instruction/hist/,2026–2027
HIST 503,HIST,503,Prob in Comp Women's Hist,4 Hours,Examines major works in global women's history from about 1700 to 1950. Introduces students to major themes in women's history as well as major historiographical debates. Topics will be listed in the department's course guide at http://www.history.illinois.edu. Same as GWS 501. May be repeated to a maximum of 12 hours if topics vary.,,,,,,,"[HIST 503 Prob in Comp Women's Hist credit: 4 Hours.](<https://courses.illinois.edu/schedule/terms/HIST/503>)

Examines major works in global women's history from about 1700 to 1950. Introduces students to major themes in women's history as well as major historiographical debates. Topics will be listed in the department's course guide at http://www.history.illinois.edu. Same as [GWS 501](<https://catalog.illinois.edu/search/?P=GWS%20501>). May be repeated to a maximum of 12 hours if topics vary.",https://catalog.illinois.edu/courses-of-instruction/hist/,2026–2027
HIST 504,HIST,504,Problems in the History of Science and Medicine,4 Hours,Topics will be listed in the department's course guide at https://www.history.illinois.edu. May be repeated to a maximum of 12 hours if topics vary. Prerequisite: Consent of instructor.,Prerequisite: Consent of instructor.,,,,,,"[HIST 504 Problems in the History of Science and Medicine credit: 4 Hours.](<https://courses.illinois.edu/schedule/terms/HIST/504>)

Topics will be listed in the department's course guide at https://www.history.illinois.edu. May be repeated to a maximum of 12 hours if topics vary. Prerequisite: Consent of instructor.",https://catalog.illinois.edu/courses-of-instruction/hist/,2026–2027
HIST 505,HIST,505,Research Seminar: Science and Medicine,4 Hours,Topics will be listed in the department's course guide at https://www.history.illinois.edu. May be repeated to a maximum of 12 hours if topics vary. Prerequisite: Consent of instructor.,Prerequisite: Consent of instructor.,,,,,,"[HIST 505 Research Seminar: Science and Medicine credit: 4 Hours.](<https://courses.illinois.edu/schedule/terms/HIST/505>)

Topics will be listed in the department's course guide at https://www.history.illinois.edu. May be repeated to a maximum of 12 hours if topics vary. Prerequisite: Consent of instructor.",https://catalog.illinois.edu/courses-of-instruction/hist/,2026–2027
HIST 507,HIST,507,Prob in Latin American Hist,4 Hours,Topics will be listed in the department's course guide at http://www.history.illinois.edu. May be repeated to a maximum of 12 hours if topics vary.,,,,,,,"[HIST 507 Prob in Latin American Hist credit: 4 Hours.](<https://courses.illinois.edu/schedule/terms/HIST/507>)

Topics will be listed in the department's course guide at http://www.history.illinois.edu. May be repeated to a maximum of 12 hours if topics vary.",https://catalog.illinois.edu/courses-of-instruction/hist/,2026–2027
HIST 508,HIST,508,Research Seminar: Latin America,4 Hours,Topics will be listed in the department's course guide at https://www.history.illinois.edu. May be repeated to a maximum of 12 hours if topics vary. Prerequisite: Consent of instructor.,Prerequisite: Consent of instructor.,,,,,,"[HIST 508 Research Seminar: Latin America credit: 4 Hours.](<https://courses.illinois.edu/schedule/terms/HIST/508>)

Topics will be listed in the department's course guide at https://www.history.illinois.edu. May be repeated to a maximum of 12 hours if topics vary. Prerequisite: Consent of instructor.",https://catalog.illinois.edu/courses-of-instruction/hist/,2026–2027
HIST 510,HIST,510,Problems in African History,4 Hours,Topics will be listed in the department's course guide at http://www.history.illinois.edu. Same as AFST 510. May be repeated to a maximum of 12 hours if topics vary.,,,,,,,"[HIST 510 Problems in African History credit: 4 Hours.](<https://courses.illinois.edu/schedule/terms/HIST/510>)

Topics will be listed in the department's course guide at http://www.history.illinois.edu. Same as [AFST 510](<https://catalog.illinois.edu/search/?P=AFST%20510>). May be repeated to a maximum of 12 hours if topics vary.",https://catalog.illinois.edu/courses-of-instruction/hist/,2026–2027
HIST 511,HIST,511,Research Seminar: Africa,4 Hours,Topics will be listed in the department's course guide at https://www.history.illinois.edu. Same as AFST 511. May be repeated to a maximum of 12 hours if topics vary. Prerequisite: One upper-level African history course or consent of instructor.,Prerequisite: One upper-level African history course or consent of instructor.,,,,,,"[HIST 511 Research Seminar: Africa credit: 4 Hours.](<https://courses.illinois.edu/schedule/terms/HIST/511>)

Topics will be listed in the department's course guide at https://www.history.illinois.edu. Same as [AFST 511](<https://catalog.illinois.edu/search/?P=AFST%20511>). May be repeated to a maximum of 12 hours if topics vary. Prerequisite: One upper-level African history course or consent of instructor.",https://catalog.illinois.edu/courses-of-instruction/hist/,2026–2027
HIST 519,HIST,519,Colonialism & Postcolonialism,4 Hours,Same as ANTH 504. See ANTH 504.,,,,,,,"[HIST 519 Colonialism & Postcolonialism credit: 4 Hours.](<https://courses.illinois.edu/schedule/terms/HIST/519>)

Same as [ANTH 504](<https://catalog.illinois.edu/search/?P=ANTH%20504>). See [ANTH 504](<https://catalog.illinois.edu/search/?P=ANTH%20504>).",https://catalog.illinois.edu/courses-of-instruction/hist/,2026–2027
HIST 520,HIST,520,Problems in Chinese History,4 Hours,Topics will be listed in the department's course guide at http://www.history.illinois.edu. Same as EALC 520. May be repeated to a maximum of 12 hours if topics vary.,,,,,,,"[HIST 520 Problems in Chinese History credit: 4 Hours.](<https://courses.illinois.edu/schedule/terms/HIST/520>)

Topics will be listed in the department's course guide at http://www.history.illinois.edu. Same as [EALC 520](<https://catalog.illinois.edu/search/?P=EALC%20520>). May be repeated to a maximum of 12 hours if topics vary.",https://catalog.illinois.edu/courses-of-instruction/hist/,2026–2027
HIST 521,HIST,521,Research Seminar: China,4 Hours,"Research Seminar in Chinese history designed to provide training to graduate students in research skills with an emphasis on the use of source materials in Chinese language. Same as EALC 522. May be repeated to a maximum of 8 graduate hours in separate terms. Prerequisite: Proficiency in written Classical or Modern Chinese, EALC 500 for EALC graduate students, and HIST 520 for History graduate students, or the consent of instructor.","Prerequisite: Proficiency in written Classical or Modern Chinese, EALC 500 for EALC graduate students, and HIST 520 for History graduate students, or the consent of instructor.",,,,,,"[HIST 521 Research Seminar: China credit: 4 Hours.](<https://courses.illinois.edu/schedule/terms/HIST/521>)

Research Seminar in Chinese history designed to provide training to graduate students in research skills with an emphasis on the use of source materials in Chinese language. Same as [EALC 522](<https://catalog.illinois.edu/search/?P=EALC%20522>). May be repeated to a maximum of 8 graduate hours in separate terms. Prerequisite: Proficiency in written Classical or Modern Chinese, [EALC 500](<https://catalog.illinois.edu/search/?P=EALC%20500>) for EALC graduate students, and [HIST 520](<https://catalog.illinois.edu/search/?P=HIST%20520>) for History graduate students, or the consent of instructor.",https://catalog.illinois.edu/courses-of-instruction/hist/,2026–2027
HIST 526,HIST,526,Problems in Japanese History,4 Hours,Period covered will alternate between the Early Modern (1550 - 1850) and Modern (1850 - present) eras. Same as EALC 526. May be repeated to a maximum of 8 hours.,,,,,,,"[HIST 526 Problems in Japanese History credit: 4 Hours.](<https://courses.illinois.edu/schedule/terms/HIST/526>)

Period covered will alternate between the Early Modern (1550 - 1850) and Modern (1850 - present) eras. Same as [EALC 526](<https://catalog.illinois.edu/search/?P=EALC%20526>). May be repeated to a maximum of 8 hours.",https://catalog.illinois.edu/courses-of-instruction/hist/,2026–2027
HIST 527,HIST,527,Research Seminar: Japan,4 Hours,"Period covered will alternate between the Early Modern (1550 - 1850) and Modern (1850 - present) eras. Same as EALC 527. May be repeated to a maximum of 8 hours if topics vary. Prerequisite: Graduate standing in HIST, EALC, or other related discipline and reading knowledge of Japanese, or consent of instructor. By permission of instructor. Same as EALC 527. May be repeated to a maximum of 8 hours if topics vary. Prerequisite: Graduate standing in HIST, EALC, or other related discipline and reading knowledge of Japanese, or consent of instructor.","Prerequisite: Graduate standing in HIST, EALC, or other related discipline and reading knowledge of Japanese, or consent of instructor.

Prerequisite: Graduate standing in HIST, EALC, or other related discipline and reading knowledge of Japanese, or consent of instructor.",,,,,,"[HIST 527 Research Seminar: Japan credit: 4 Hours.](<https://courses.illinois.edu/schedule/terms/HIST/527>)

Period covered will alternate between the Early Modern (1550 - 1850) and Modern (1850 - present) eras. Same as [EALC 527](<https://catalog.illinois.edu/search/?P=EALC%20527>). May be repeated to a maximum of 8 hours if topics vary. Prerequisite: Graduate standing in HIST, EALC, or other related discipline and reading knowledge of Japanese, or consent of instructor. By permission of instructor. Same as [EALC 527](<https://catalog.illinois.edu/search/?P=EALC%20527>). May be repeated to a maximum of 8 hours if topics vary. Prerequisite: Graduate standing in HIST, EALC, or other related discipline and reading knowledge of Japanese, or consent of instructor.",https://catalog.illinois.edu/courses-of-instruction/hist/,2026–2027
HIST 535,HIST,535,Prob Middle Eastern History,4 Hours,"Covers, in depth, major problems of specific periods and areas and the relevant literature of Near and Middle Eastern History, which will vary from term to term. May be repeated to a maximum of 8 hours if topics vary.",,,,,,,"[HIST 535 Prob Middle Eastern History credit: 4 Hours.](<https://courses.illinois.edu/schedule/terms/HIST/535>)

Covers, in depth, major problems of specific periods and areas and the relevant literature of Near and Middle Eastern History, which will vary from term to term. May be repeated to a maximum of 8 hours if topics vary.",https://catalog.illinois.edu/courses-of-instruction/hist/,2026–2027
HIST 536,HIST,536,Research Seminar: Middle East,4 Hours,Investigates research topics in Near and Middle Eastern history in accordance with students' needs. Topics may vary from term to term. Students will prepare oral and written reports. May be repeated to a maximum of 8 hours. Prerequisite: Consent of instructor.,Prerequisite: Consent of instructor.,,,,,,"[HIST 536 Research Seminar: Middle East credit: 4 Hours.](<https://courses.illinois.edu/schedule/terms/HIST/536>)

Investigates research topics in Near and Middle Eastern history in accordance with students' needs. Topics may vary from term to term. Students will prepare oral and written reports. May be repeated to a maximum of 8 hours. Prerequisite: Consent of instructor.",https://catalog.illinois.edu/courses-of-instruction/hist/,2026–2027
HIST 542,HIST,542,Problems in Medieval History,4 Hours,Topics will be listed in the department's course guide at http://www.history.illinois.edu. Same as MDVL 542. May be repeated to a maximum of 12 hours if topics vary.,,,,,,,"[HIST 542 Problems in Medieval History credit: 4 Hours.](<https://courses.illinois.edu/schedule/terms/HIST/542>)

Topics will be listed in the department's course guide at http://www.history.illinois.edu. Same as [MDVL 542](<https://catalog.illinois.edu/search/?P=MDVL%20542>). May be repeated to a maximum of 12 hours if topics vary.",https://catalog.illinois.edu/courses-of-instruction/hist/,2026–2027
HIST 543,HIST,543,Research Seminar: Medieval,4 Hours,Topics will be listed in the department's course guide at https://www.history.illinois.edu. Same as MDVL 543. May be repeated to a maximum of 12 hours if topics vary. Prerequisite: Consent of instructor.,Prerequisite: Consent of instructor.,,,,,,"[HIST 543 Research Seminar: Medieval credit: 4 Hours.](<https://courses.illinois.edu/schedule/terms/HIST/543>)

Topics will be listed in the department's course guide at https://www.history.illinois.edu. Same as [MDVL 543](<https://catalog.illinois.edu/search/?P=MDVL%20543>). May be repeated to a maximum of 12 hours if topics vary. Prerequisite: Consent of instructor.",https://catalog.illinois.edu/courses-of-instruction/hist/,2026–2027
HIST 545,HIST,545,Research Seminar: Early Modern Europe,4 Hours,Topics will be listed in the department's course guide at https://www.history.illinois.edu. May be repeated to a maximum of 12 hours if topics vary. Prerequisite: Consent of instructor.,Prerequisite: Consent of instructor.,,,,,,"[HIST 545 Research Seminar: Early Modern Europe credit: 4 Hours.](<https://courses.illinois.edu/schedule/terms/HIST/545>)

Topics will be listed in the department's course guide at https://www.history.illinois.edu. May be repeated to a maximum of 12 hours if topics vary. Prerequisite: Consent of instructor.",https://catalog.illinois.edu/courses-of-instruction/hist/,2026–2027
HIST 546,HIST,546,Prob English Hist Since 1688,4 Hours,Topics will be listed in the department's course guide at http://www.history.illinois.edu. May be repeated to a maximum of 12 hours if topics vary.,,,,,,,"[HIST 546 Prob English Hist Since 1688 credit: 4 Hours.](<https://courses.illinois.edu/schedule/terms/HIST/546>)

Topics will be listed in the department's course guide at http://www.history.illinois.edu. May be repeated to a maximum of 12 hours if topics vary.",https://catalog.illinois.edu/courses-of-instruction/hist/,2026–2027
HIST 549,HIST,549,Research Seminar: England & the British Empire,4 Hours,Topics will be listed in the department's course guide at https://www.history.illinois.edu. May be repeated to a maximum of 12 hours if topics vary. Prerequisite: Consent of instructor.,Prerequisite: Consent of instructor.,,,,,,"[HIST 549 Research Seminar: England & the British Empire credit: 4 Hours.](<https://courses.illinois.edu/schedule/terms/HIST/549>)

Topics will be listed in the department's course guide at https://www.history.illinois.edu. May be repeated to a maximum of 12 hours if topics vary. Prerequisite: Consent of instructor.",https://catalog.illinois.edu/courses-of-instruction/hist/,2026–2027
HIST 550,HIST,550,Prob Early Mod European Hist,4 Hours,Topics will be listed in the department's course guide at http://www.history.illinois.edu. May be repeated to a maximum of 12 hours if topics vary.,,,,,,,"[HIST 550 Prob Early Mod European Hist credit: 4 Hours.](<https://courses.illinois.edu/schedule/terms/HIST/550>)

Topics will be listed in the department's course guide at http://www.history.illinois.edu. May be repeated to a maximum of 12 hours if topics vary.",https://catalog.illinois.edu/courses-of-instruction/hist/,2026–2027
HIST 551,HIST,551,Prob European Hist Since 1789,4 Hours,Topics will be listed in the department's course guide at http://history.illinois.edu. May be repeated in the same or subsequent terms as topics vary.,,,,,,,"[HIST 551 Prob European Hist Since 1789 credit: 4 Hours.](<https://courses.illinois.edu/schedule/terms/HIST/551>)

Topics will be listed in the department's course guide at http://history.illinois.edu. May be repeated in the same or subsequent terms as topics vary.",https://catalog.illinois.edu/courses-of-instruction/hist/,2026–2027
HIST 552,HIST,552,Research Seminar: Europe Since 1789,4 Hours,Topics will be listed in the department's course guide at https://www.history.illinois.edu. May be repeated to a maximum of 12 hours if topics vary. Prerequisite: Consent of instructor.,Prerequisite: Consent of instructor.,,,,,,"[HIST 552 Research Seminar: Europe Since 1789 credit: 4 Hours.](<https://courses.illinois.edu/schedule/terms/HIST/552>)

Topics will be listed in the department's course guide at https://www.history.illinois.edu. May be repeated to a maximum of 12 hours if topics vary. Prerequisite: Consent of instructor.",https://catalog.illinois.edu/courses-of-instruction/hist/,2026–2027
HIST 560,HIST,560,Problems in Russian History,4 Hours,Topics will be listed in the department's course guide at http://www.history.illinois.edu. May be repeated to a maximum of 12 hours if topics vary.,,,,,,,"[HIST 560 Problems in Russian History credit: 4 Hours.](<https://courses.illinois.edu/schedule/terms/HIST/560>)

Topics will be listed in the department's course guide at http://www.history.illinois.edu. May be repeated to a maximum of 12 hours if topics vary.",https://catalog.illinois.edu/courses-of-instruction/hist/,2026–2027
HIST 561,HIST,561,Research Seminar: Russia,4 Hours,Topics will be listed in the department's course guide at https://www.history.illinois.edu. May be repeated to a maximum of 12 hours if topics vary. Prerequisite: Consent of instructor.,Prerequisite: Consent of instructor.,,,,,,"[HIST 561 Research Seminar: Russia credit: 4 Hours.](<https://courses.illinois.edu/schedule/terms/HIST/561>)

Topics will be listed in the department's course guide at https://www.history.illinois.edu. May be repeated to a maximum of 12 hours if topics vary. Prerequisite: Consent of instructor.",https://catalog.illinois.edu/courses-of-instruction/hist/,2026–2027
HIST 570,HIST,570,Prob in American Hist to 1830,4 Hours,Topics will be listed in the department's course guide at http://www.history.illinois.edu. May be repeated to a maximum of 12 hours if topics vary.,,,,,,,"[HIST 570 Prob in American Hist to 1830 credit: 4 Hours.](<https://courses.illinois.edu/schedule/terms/HIST/570>)

Topics will be listed in the department's course guide at http://www.history.illinois.edu. May be repeated to a maximum of 12 hours if topics vary.",https://catalog.illinois.edu/courses-of-instruction/hist/,2026–2027
HIST 571,HIST,571,Research Seminar: America to 1789,4 Hours,Topics will be listed in the department's course guide at https://www.history.illinois.edu. May be repeated to a maximum of 12 hours if topics vary. Prerequisite: Consent of instructor.,Prerequisite: Consent of instructor.,,,,,,"[HIST 571 Research Seminar: America to 1789 credit: 4 Hours.](<https://courses.illinois.edu/schedule/terms/HIST/571>)

Topics will be listed in the department's course guide at https://www.history.illinois.edu. May be repeated to a maximum of 12 hours if topics vary. Prerequisite: Consent of instructor.",https://catalog.illinois.edu/courses-of-instruction/hist/,2026–2027
HIST 572,HIST,572,Prob in US Hist Since 1815,4 Hours,Topics will be listed in the department's course guide at http://www.history.illinois.edu. May be repeated in the same or subsequent terms as topics vary.,,,,,,,"[HIST 572 Prob in US Hist Since 1815 credit: 4 Hours.](<https://courses.illinois.edu/schedule/terms/HIST/572>)

Topics will be listed in the department's course guide at http://www.history.illinois.edu. May be repeated in the same or subsequent terms as topics vary.",https://catalog.illinois.edu/courses-of-instruction/hist/,2026–2027
HIST 573,HIST,573,Research Seminar: America Since 1789,4 Hours,Topics will be listed in the department's course guide at https://www.history.illinois.edu. May be repeated to a maximum of 12 hours if topics vary. Prerequisite: Consent of instructor.,Prerequisite: Consent of instructor.,,,,,,"[HIST 573 Research Seminar: America Since 1789 credit: 4 Hours.](<https://courses.illinois.edu/schedule/terms/HIST/573>)

Topics will be listed in the department's course guide at https://www.history.illinois.edu. May be repeated to a maximum of 12 hours if topics vary. Prerequisite: Consent of instructor.",https://catalog.illinois.edu/courses-of-instruction/hist/,2026–2027
HIST 574,HIST,574,Historiography of Religion in America,4 Hours,Same as REL 535. See REL 535.,,,,,,,"[HIST 574 Historiography of Religion in America credit: 4 Hours.](<https://courses.illinois.edu/schedule/terms/HIST/574>)

Same as [REL 535](<https://catalog.illinois.edu/search/?P=REL%20535>). See [REL 535](<https://catalog.illinois.edu/search/?P=REL%20535>).",https://catalog.illinois.edu/courses-of-instruction/hist/,2026–2027
HIST 575,HIST,575,Problems African American Hist,4 Hours,"Covers in depth, major problems in the African American experience and in the historiography of that experience, including historical periods, themes and paradigms. Same as AFRO 501. Approved for letter and S/U grading. May be repeated to a maximum of 8 hours.",,,,,,,"[HIST 575 Problems African American Hist credit: 4 Hours.](<https://courses.illinois.edu/schedule/terms/HIST/575>)

Covers in depth, major problems in the African American experience and in the historiography of that experience, including historical periods, themes and paradigms. Same as [AFRO 501](<https://catalog.illinois.edu/search/?P=AFRO%20501>). Approved for letter and S/U grading. May be repeated to a maximum of 8 hours.",https://catalog.illinois.edu/courses-of-instruction/hist/,2026–2027
HIST 591,HIST,591,History and Social Theory,4 Hours,"Introduces recent historical work drawing upon theories and concepts from the social sciences; considers fields of inquiry which include family history, demographic history, labor history, prosopographical and entrepreneurial studies, local and regional studies, and others.",,,,,,,"[HIST 591 History and Social Theory credit: 4 Hours.](<https://courses.illinois.edu/schedule/terms/HIST/591>)

Introduces recent historical work drawing upon theories and concepts from the social sciences; considers fields of inquiry which include family history, demographic history, labor history, prosopographical and entrepreneurial studies, local and regional studies, and others.",https://catalog.illinois.edu/courses-of-instruction/hist/,2026–2027
HIST 593,HIST,593,Approaches to History,4 Hours,"Required course for entering history graduate students offering in initial foray into historiography, methods, and conceptual approaches for students in all fields. Provides experience dealing with three challenges that face all practitioners of the discipline: identifying the historical problem to be tackled, deciding what methodologies are best suited to that problem, and locating and then making use of the primary sources necessary for analyzing the subject at hand. Assigned materials, class discussions, and assignments will prepare students for the second semester required research seminar. Restricted to first-year graduate students in history.",,,,,,,"[HIST 593 Approaches to History credit: 4 Hours.](<https://courses.illinois.edu/schedule/terms/HIST/593>)

Required course for entering history graduate students offering in initial foray into historiography, methods, and conceptual approaches for students in all fields. Provides experience dealing with three challenges that face all practitioners of the discipline: identifying the historical problem to be tackled, deciding what methodologies are best suited to that problem, and locating and then making use of the primary sources necessary for analyzing the subject at hand. Assigned materials, class discussions, and assignments will prepare students for the second semester required research seminar. Restricted to first-year graduate students in history.",https://catalog.illinois.edu/courses-of-instruction/hist/,2026–2027
HIST 594,HIST,594,Intro Historical Writing,4 Hours,"Seminar for first-year graduate students and is the second half of the introductory graduate sequence. Focuses on the process of writing an original piece of historical scholarship. Topics to be discussed include: developing an argument, exploring sources, arriving at a research strategy, planning and structuring an article, presenting complex data, and producing scholarship that is a coherent representation of an author's perspective on the past. Over the course of the semester, each seminar participant will develop and write an original, article length research paper. Students will work with the assistance of the instructors and an advisor from her or his own research field. Prerequisite: HIST 593.",Prerequisite: HIST 593.,,,,,,"[HIST 594 Intro Historical Writing credit: 4 Hours.](<https://courses.illinois.edu/schedule/terms/HIST/594>)

Seminar for first-year graduate students and is the second half of the introductory graduate sequence. Focuses on the process of writing an original piece of historical scholarship. Topics to be discussed include: developing an argument, exploring sources, arriving at a research strategy, planning and structuring an article, presenting complex data, and producing scholarship that is a coherent representation of an author's perspective on the past. Over the course of the semester, each seminar participant will develop and write an original, article length research paper. Students will work with the assistance of the instructors and an advisor from her or his own research field. Prerequisite: [HIST 593](<https://catalog.illinois.edu/search/?P=HIST%20593>).",https://catalog.illinois.edu/courses-of-instruction/hist/,2026–2027
HIST 596,HIST,596,Individual Research Project,4 Hours,Directed research in special fields; may be taken in lieu of seminars in fields in which seminars are seldom offered. Topics will be listed in the department's course guide at http://www.history.illinois.edu. May be repeated to a maximum of 12 hours if topics vary.,,,,,,,"[HIST 596 Individual Research Project credit: 4 Hours.](<https://courses.illinois.edu/schedule/terms/HIST/596>)

Directed research in special fields; may be taken in lieu of seminars in fields in which seminars are seldom offered. Topics will be listed in the department's course guide at http://www.history.illinois.edu. May be repeated to a maximum of 12 hours if topics vary.",https://catalog.illinois.edu/courses-of-instruction/hist/,2026–2027
HIST 597,HIST,597,Reading Course,0 to 4 Hours,"Directed readings in special fields. Primarily, but not exclusively, for students with a master's degree or equivalent, who are preparing for the preliminary examination in history and who need instruction in areas not provided by current course offerings. Approved for letter and S/U grading. May be repeated in the same or subsequent terms as topics vary. Prerequisite: Consent of instructor.",Prerequisite: Consent of instructor.,,,,,,"[HIST 597 Reading Course credit: 0 to 4 Hours.](<https://courses.illinois.edu/schedule/terms/HIST/597>)

Directed readings in special fields. Primarily, but not exclusively, for students with a master's degree or equivalent, who are preparing for the preliminary examination in history and who need instruction in areas not provided by current course offerings. Approved for letter and S/U grading. May be repeated in the same or subsequent terms as topics vary. Prerequisite: Consent of instructor.",https://catalog.illinois.edu/courses-of-instruction/hist/,2026–2027
HIST 598,HIST,598,Teaching of College History,2 Hours,Approved for S/U grading only. May be repeated. Prerequisite: Candidate for Ph.D. degree in history.,Prerequisite: Candidate for Ph.D. degree in history.,,,,,,"[HIST 598 Teaching of College History credit: 2 Hours.](<https://courses.illinois.edu/schedule/terms/HIST/598>)

Approved for S/U grading only. May be repeated. Prerequisite: Candidate for Ph.D. degree in history.",https://catalog.illinois.edu/courses-of-instruction/hist/,2026–2027
HIST 599,HIST,599,Thesis Research,0 to 16 Hours,Individual direction in research and guidance in writing theses for advanced degrees. Approved for S/U grading only. May be repeated in the same term or in separate terms.,,,,,,,"[HIST 599 Thesis Research credit: 0 to 16 Hours.](<https://courses.illinois.edu/schedule/terms/HIST/599>)

Individual direction in research and guidance in writing theses for advanced degrees. Approved for S/U grading only. May be repeated in the same term or in separate terms.",https://catalog.illinois.edu/courses-of-instruction/hist/,2026–2027
