course_code,subject,course_number,course_name,credits,description,prerequisites,credit_restrictions,gen_ed,total_students,total_sections,overall_gpa,catalog_text,source_url,catalog_year
MATH 101,MATH,101,Thinking Mathematically,3 Hours,"Designed for students in majors that do not specifically require a mathematics course beyond the level of precalculus. Focus is on critical thinking and applications. All topics are covered from a contextual standpoint. Topics include proportional reasoning and modeling, functions, sets, consumer math, probability, and statistics. Other topics may be covered as time permits. Prerequisite: Three years of high school mathematics. Undergraduates only.",Prerequisite: Three years of high school mathematics.,,,,,,"[MATH 101 Thinking Mathematically credit: 3 Hours.](<https://courses.illinois.edu/schedule/terms/MATH/101>)

Designed for students in majors that do not specifically require a mathematics course beyond the level of precalculus. Focus is on critical thinking and applications. All topics are covered from a contextual standpoint. Topics include proportional reasoning and modeling, functions, sets, consumer math, probability, and statistics. Other topics may be covered as time permits. Prerequisite: Three years of high school mathematics. Undergraduates only.",https://catalog.illinois.edu/courses-of-instruction/math/,2026–2027
MATH 103,MATH,103,Theory of Arithmetic,4 Hours,"Analyses of the mathematical issues and methodology underlying elementary mathematics in grades K-5. Topics include sets, arithmetic algorithms, elementary number theory, rational and irrational numbers, measurement, and probability. There is an emphasis on problem solving. Priority registration will be given to students enrolled in teacher education programs leading to certification in elementary or childhood education. Prerequisite: MATH 112 (formerly MATH 012) or equivalent.",Prerequisite: MATH 112 (formerly MATH 012) or equivalent.,,Quantitative Reasoning I,,,,"[MATH 103 Theory of Arithmetic credit: 4 Hours.](<https://courses.illinois.edu/schedule/terms/MATH/103>)

Analyses of the mathematical issues and methodology underlying elementary mathematics in grades K-5. Topics include sets, arithmetic algorithms, elementary number theory, rational and irrational numbers, measurement, and probability. There is an emphasis on problem solving. Priority registration will be given to students enrolled in teacher education programs leading to certification in elementary or childhood education. Prerequisite: [MATH 112](<https://catalog.illinois.edu/search/?P=MATH%20112>) (formerly MATH 012) or equivalent.
This course satisfies the General Education Criteria for:
Quantitative Reasoning I",https://catalog.illinois.edu/courses-of-instruction/math/,2026–2027
MATH 112,MATH,112,Algebra,3 Hours,"Rapid review of basic techniques of factoring, rational expressions, equations and inequalities; functions and graphs; exponential and logarithm functions; systems of equations; matrices and determinants; polynomials; and the binomial theorem. Prerequisite: 1.5 units of high school algebra and 1 unit of high school geometry.",Prerequisite: 1.5 units of high school algebra and 1 unit of high school geometry.,,,,,,"[MATH 112 Algebra credit: 3 Hours.](<https://courses.illinois.edu/schedule/terms/MATH/112>)

Rapid review of basic techniques of factoring, rational expressions, equations and inequalities; functions and graphs; exponential and logarithm functions; systems of equations; matrices and determinants; polynomials; and the binomial theorem. Prerequisite: 1.5 units of high school algebra and 1 unit of high school geometry.",https://catalog.illinois.edu/courses-of-instruction/math/,2026–2027
MATH 115,MATH,115,Preparation for Calculus,3 Hours,"Reviews trigonometric, rational, exponential, and logarithmic functions; provides a full treatment of limits, definition of derivative, and an introduction to finding area under a curve. Intended for students who need preparation for MATH 220, either because they lack the content background or because they are not prepared for the rigor of a university calculus course. Credit is not given toward graduation for: Credit is not given for both MATH 115 and MATH 114. Credit is not given for MATH 115 if credit for either MATH 220 or MATH 221 has been earned. Prerequisite: MATH 112.",Prerequisite: MATH 112.,"Credit is not given toward graduation for: Credit is not given for both MATH 115 and MATH 114.

Credit is not given for MATH 115 if credit for either MATH 220 or MATH 221 has been earned.",Quantitative Reasoning I,,,,"[MATH 115 Preparation for Calculus credit: 3 Hours.](<https://courses.illinois.edu/schedule/terms/MATH/115>)

Reviews trigonometric, rational, exponential, and logarithmic functions; provides a full treatment of limits, definition of derivative, and an introduction to finding area under a curve. Intended for students who need preparation for [MATH 220](<https://catalog.illinois.edu/search/?P=MATH%20220>), either because they lack the content background or because they are not prepared for the rigor of a university calculus course. Credit is not given toward graduation for: Credit is not given for both [MATH 115](<https://catalog.illinois.edu/search/?P=MATH%20115>) and MATH 114. Credit is not given for [MATH 115](<https://catalog.illinois.edu/search/?P=MATH%20115>) if credit for either [MATH 220](<https://catalog.illinois.edu/search/?P=MATH%20220>) or [MATH 221](<https://catalog.illinois.edu/search/?P=MATH%20221>) has been earned. Prerequisite: [MATH 112](<https://catalog.illinois.edu/search/?P=MATH%20112>).
This course satisfies the General Education Criteria for:
Quantitative Reasoning I",https://catalog.illinois.edu/courses-of-instruction/math/,2026–2027
MATH 117,MATH,117,Elementary Mathematics,4 Hours,"Analyses of the mathematical issues and methodology underlying elementary mathematics in grades 6-8. Topics include the Real number system and field axioms, sequences and series, functions and math modeling with technology, Euclidean and non-Euclidean geometry, probability and statistics. Priority registration will be given to students enrolled in teacher education programs leading to certification in elementary education. Prerequisite: MATH 112 or equivalent.",Prerequisite: MATH 112 or equivalent.,,Quantitative Reasoning I,,,,"[MATH 117 Elementary Mathematics credit: 4 Hours.](<https://courses.illinois.edu/schedule/terms/MATH/117>)

Analyses of the mathematical issues and methodology underlying elementary mathematics in grades 6-8. Topics include the Real number system and field axioms, sequences and series, functions and math modeling with technology, Euclidean and non-Euclidean geometry, probability and statistics. Priority registration will be given to students enrolled in teacher education programs leading to certification in elementary education. Prerequisite: [MATH 112](<https://catalog.illinois.edu/search/?P=MATH%20112>) or equivalent.
This course satisfies the General Education Criteria for:
Quantitative Reasoning I",https://catalog.illinois.edu/courses-of-instruction/math/,2026–2027
MATH 119,MATH,119,Ideas in Geometry,3 Hours,"General education course in mathematics, for students who do not have mathematics as a central part of their studies. The goal is to convey the spirit of mathematical thinking through topics chosen mainly from plane geometry. Prerequisite: Two units of high school algebra; one unit of high school geometry; or equivalent.",Prerequisite: Two units of high school algebra; one unit of high school geometry; or equivalent.,,Quantitative Reasoning I,,,,"[MATH 119 Ideas in Geometry credit: 3 Hours.](<https://courses.illinois.edu/schedule/terms/MATH/119>)

General education course in mathematics, for students who do not have mathematics as a central part of their studies. The goal is to convey the spirit of mathematical thinking through topics chosen mainly from plane geometry. Prerequisite: Two units of high school algebra; one unit of high school geometry; or equivalent.
This course satisfies the General Education Criteria for:
Quantitative Reasoning I",https://catalog.illinois.edu/courses-of-instruction/math/,2026–2027
MATH 124,MATH,124,Finite Mathematics,3 Hours,"[IAI Code: M1906] Introduction to finite mathematics for students in the social sciences; introduces the student to the basic ideas of logic, set theory, probability, vectors and matrices, and Markov chains. Problems are selected from social sciences and business. Prerequisite: MATH 112 (formerly MATH 012) or an adequate ALEKS score.",Prerequisite: MATH 112 (formerly MATH 012) or an adequate ALEKS score.,,Quantitative Reasoning I,,,,"[MATH 124 Finite Mathematics credit: 3 Hours.](<https://courses.illinois.edu/schedule/terms/MATH/124>)

[IAI Code: M1906] Introduction to finite mathematics for students in the social sciences; introduces the student to the basic ideas of logic, set theory, probability, vectors and matrices, and Markov chains. Problems are selected from social sciences and business. Prerequisite: [MATH 112](<https://catalog.illinois.edu/search/?P=MATH%20112>) (formerly MATH 012) or an adequate ALEKS score.
This course satisfies the General Education Criteria for:
Quantitative Reasoning I",https://catalog.illinois.edu/courses-of-instruction/math/,2026–2027
MATH 181,MATH,181,A Mathematical World,3 Hours,"Introduction to selected areas of mathematical sciences through application to modeling and solution of problems involving networks, circuits, trees, linear programming, random samples, regression, probability, inference, voting systems, game theory, symmetry and tilings, geometric growth, comparison of algorithms, codes and data management. Prerequisite: Three years of high school mathematics, including two years of algebra and one year of geometry.","Prerequisite: Three years of high school mathematics, including two years of algebra and one year of geometry.",,Quantitative Reasoning I,,,,"[MATH 181 A Mathematical World credit: 3 Hours.](<https://courses.illinois.edu/schedule/terms/MATH/181>)

Introduction to selected areas of mathematical sciences through application to modeling and solution of problems involving networks, circuits, trees, linear programming, random samples, regression, probability, inference, voting systems, game theory, symmetry and tilings, geometric growth, comparison of algorithms, codes and data management. Prerequisite: Three years of high school mathematics, including two years of algebra and one year of geometry.
This course satisfies the General Education Criteria for:
Quantitative Reasoning I",https://catalog.illinois.edu/courses-of-instruction/math/,2026–2027
MATH 199,MATH,199,Undergraduate Open Seminar,1 to 5 Hours,Approved for both letter and S/U grading. May be repeated.,,,,,,,"[MATH 199 Undergraduate Open Seminar credit: 1 to 5 Hours.](<https://courses.illinois.edu/schedule/terms/MATH/199>)

Approved for both letter and S/U grading. May be repeated.",https://catalog.illinois.edu/courses-of-instruction/math/,2026–2027
MATH 213,MATH,213,Basic Discrete Mathematics,3 Hours,"[IAI Code: M1905] Beginning course on discrete mathematics, including sets and relations, functions, basic counting techniques, recurrence relations, graphs and trees, and matrix algebra; emphasis throughout is on algorithms and their efficacy. Credit is not given toward graduation for: Credit is not given for both MATH 213 and CS 173. Prerequisite: MATH 220 or MATH 221, or equivalent.","Prerequisite: MATH 220 or MATH 221, or equivalent.",Credit is not given toward graduation for: Credit is not given for both MATH 213 and CS 173.,Quantitative Reasoning II,,,,"[MATH 213 Basic Discrete Mathematics credit: 3 Hours.](<https://courses.illinois.edu/schedule/terms/MATH/213>)

[IAI Code: M1905] Beginning course on discrete mathematics, including sets and relations, functions, basic counting techniques, recurrence relations, graphs and trees, and matrix algebra; emphasis throughout is on algorithms and their efficacy. Credit is not given toward graduation for: Credit is not given for both [MATH 213](<https://catalog.illinois.edu/search/?P=MATH%20213>) and [CS 173](<https://catalog.illinois.edu/search/?P=CS%20173>). Prerequisite: [MATH 220](<https://catalog.illinois.edu/search/?P=MATH%20220>) or [MATH 221](<https://catalog.illinois.edu/search/?P=MATH%20221>), or equivalent.
This course satisfies the General Education Criteria for:
Quantitative Reasoning II",https://catalog.illinois.edu/courses-of-instruction/math/,2026–2027
MATH 220,MATH,220,Calculus,5 Hours,"[IAI Code: M1900-1 and MTH901] First course in calculus and analytic geometry; basic techniques of differentiation and integration with applications including curve sketching; antidifferentation, the Riemann integral, fundamental theorem, exponential and trigonometric functions. Credit is not given toward graduation for: Credit is not given for both MATH 220 and either MATH 221 or MATH 234. Prerequisite: An adequate ALEKS placement score as described at http://math.illinois.edu/ALEKS/, demonstrating knowledge of topics of MATH 115. Students with previous calculus experience should consider MATH 221.","Prerequisite: An adequate ALEKS placement score as described at http://math.illinois.edu/ALEKS/, demonstrating knowledge of topics of MATH 115.",Credit is not given toward graduation for: Credit is not given for both MATH 220 and either MATH 221 or MATH 234.,Quantitative Reasoning I,,,,"[MATH 220 Calculus credit: 5 Hours.](<https://courses.illinois.edu/schedule/terms/MATH/220>)

[IAI Code: M1900-1 and MTH901] First course in calculus and analytic geometry; basic techniques of differentiation and integration with applications including curve sketching; antidifferentation, the Riemann integral, fundamental theorem, exponential and trigonometric functions. Credit is not given toward graduation for: Credit is not given for both [MATH 220](<https://catalog.illinois.edu/search/?P=MATH%20220>) and either [MATH 221](<https://catalog.illinois.edu/search/?P=MATH%20221>) or [MATH 234](<https://catalog.illinois.edu/search/?P=MATH%20234>). Prerequisite: An adequate ALEKS placement score as described at http://math.illinois.edu/ALEKS/, demonstrating knowledge of topics of [MATH 115](<https://catalog.illinois.edu/search/?P=MATH%20115>). Students with previous calculus experience should consider [MATH 221](<https://catalog.illinois.edu/search/?P=MATH%20221>).
This course satisfies the General Education Criteria for:
Quantitative Reasoning I",https://catalog.illinois.edu/courses-of-instruction/math/,2026–2027
MATH 221,MATH,221,Calculus I,4 Hours,"First course in calculus and analytic geometry for students with some calculus background; basic techniques of differentiation and integration with applications including curve sketching; antidifferentation, the Riemann integral, fundamental theorem, exponential and trigonometric functions. Credit is not given for both MATH 221 and either MATH 220 or MATH 234. Prerequisite: An adequate ALEKS placement score as described at http://math.illinois.edu/ALEKS/ and either one year of high school calculus or a minimum score of 2 on the AB Calculus AP exam.",Prerequisite: An adequate ALEKS placement score as described at http://math.illinois.edu/ALEKS/ and either one year of high school calculus or a minimum score of 2 on the AB Calculus AP exam.,Credit is not given for both MATH 221 and either MATH 220 or MATH 234.,Quantitative Reasoning I,,,,"[MATH 221 Calculus I credit: 4 Hours.](<https://courses.illinois.edu/schedule/terms/MATH/221>)

First course in calculus and analytic geometry for students with some calculus background; basic techniques of differentiation and integration with applications including curve sketching; antidifferentation, the Riemann integral, fundamental theorem, exponential and trigonometric functions. Credit is not given for both [MATH 221](<https://catalog.illinois.edu/search/?P=MATH%20221>) and either [MATH 220](<https://catalog.illinois.edu/search/?P=MATH%20220>) or [MATH 234](<https://catalog.illinois.edu/search/?P=MATH%20234>). Prerequisite: An adequate ALEKS placement score as described at http://math.illinois.edu/ALEKS/ and either one year of high school calculus or a minimum score of 2 on the AB Calculus AP exam.
This course satisfies the General Education Criteria for:
Quantitative Reasoning I",https://catalog.illinois.edu/courses-of-instruction/math/,2026–2027
MATH 225,MATH,225,Introductory Matrix Theory,2 Hours,"Systems of linear equations, matrices and inverses, determinants, and a glimpse at vector spaces, eigenvalues and eigenvectors. Credit is not given for both MATH 225 and any of MATH 125, ASRM 406, or MATH 415. Prerequisite: MATH 220 or MATH 221; or equivalent.",Prerequisite: MATH 220 or MATH 221; or equivalent.,"Credit is not given for both MATH 225 and any of MATH 125, ASRM 406, or MATH 415.",,,,,"[MATH 225 Introductory Matrix Theory credit: 2 Hours.](<https://courses.illinois.edu/schedule/terms/MATH/225>)

Systems of linear equations, matrices and inverses, determinants, and a glimpse at vector spaces, eigenvalues and eigenvectors. Credit is not given for both [MATH 225](<https://catalog.illinois.edu/search/?P=MATH%20225>) and any of MATH 125, [ASRM 406](<https://catalog.illinois.edu/search/?P=ASRM%20406>), or [MATH 415](<https://catalog.illinois.edu/search/?P=MATH%20415>). Prerequisite: [MATH 220](<https://catalog.illinois.edu/search/?P=MATH%20220>) or [MATH 221](<https://catalog.illinois.edu/search/?P=MATH%20221>); or equivalent.",https://catalog.illinois.edu/courses-of-instruction/math/,2026–2027
MATH 227,MATH,227,Linear Algebra for Data Science,3 Hours,"Linear algebra is the main mathematical subject underlying the basic techniques of data science. Provides a practical computer-based introduction to linear algebra, emphasizing its uses in analyzing data, such as linear regression, principal component analysis, and network analysis. Students will also explore some of the strengths and limitations of linear methods. Students will learn how to implement linear algebra methods on a computer, making it possible to apply these techniques to large data sets. Credit is not given for both MATH 227 and any of Math 125, MATH 225, MATH 257, MATH 415, or ASRM 406. Prerequisite: Assumes an introductory knowledge of Python, such as students acquire in STAT 107.","Prerequisite: Assumes an introductory knowledge of Python, such as students acquire in STAT 107.","Credit is not given for both MATH 227 and any of Math 125, MATH 225, MATH 257, MATH 415, or ASRM 406.",,,,,"[MATH 227 Linear Algebra for Data Science credit: 3 Hours.](<https://courses.illinois.edu/schedule/terms/MATH/227>)

Linear algebra is the main mathematical subject underlying the basic techniques of data science. Provides a practical computer-based introduction to linear algebra, emphasizing its uses in analyzing data, such as linear regression, principal component analysis, and network analysis. Students will also explore some of the strengths and limitations of linear methods. Students will learn how to implement linear algebra methods on a computer, making it possible to apply these techniques to large data sets. Credit is not given for both [MATH 227](<https://catalog.illinois.edu/search/?P=MATH%20227>) and any of Math 125, [MATH 225](<https://catalog.illinois.edu/search/?P=MATH%20225>), [MATH 257](<https://catalog.illinois.edu/search/?P=MATH%20257>), [MATH 415](<https://catalog.illinois.edu/search/?P=MATH%20415>), or [ASRM 406](<https://catalog.illinois.edu/search/?P=ASRM%20406>). Prerequisite: Assumes an introductory knowledge of Python, such as students acquire in [STAT 107](<https://catalog.illinois.edu/search/?P=STAT%20107>).",https://catalog.illinois.edu/courses-of-instruction/math/,2026–2027
MATH 231,MATH,231,Calculus II,3 Hours,"[IAI Code: M1900-2 and MTH902] Second course in calculus and analytic geometry: techniques of integration, conic sections, polar coordinates, and infinite series. Prerequisite: MATH 220 or MATH 221.",Prerequisite: MATH 220 or MATH 221.,,Quantitative Reasoning I,,,,"[MATH 231 Calculus II credit: 3 Hours.](<https://courses.illinois.edu/schedule/terms/MATH/231>)

[IAI Code: M1900-2 and MTH902] Second course in calculus and analytic geometry: techniques of integration, conic sections, polar coordinates, and infinite series. Prerequisite: [MATH 220](<https://catalog.illinois.edu/search/?P=MATH%20220>) or [MATH 221](<https://catalog.illinois.edu/search/?P=MATH%20221>).
This course satisfies the General Education Criteria for:
Quantitative Reasoning I",https://catalog.illinois.edu/courses-of-instruction/math/,2026–2027
MATH 234,MATH,234,Calculus for Business I,4 Hours,"[IAI Code: M1900-B] Introduction to the concept of functions and the basic ideas of the calculus. Credit is not given toward graduation for: Credit is not given for both MATH 234 and either MATH 220 or MATH 221. Prerequisite: An adequate ALEKS placement score as described at http://math.illinois.edu/ALEKS/, demonstrating knowledge of the topics of MATH 112.","Prerequisite: An adequate ALEKS placement score as described at http://math.illinois.edu/ALEKS/, demonstrating knowledge of the topics of MATH 112.",Credit is not given toward graduation for: Credit is not given for both MATH 234 and either MATH 220 or MATH 221.,Quantitative Reasoning I,,,,"[MATH 234 Calculus for Business I credit: 4 Hours.](<https://courses.illinois.edu/schedule/terms/MATH/234>)

[IAI Code: M1900-B] Introduction to the concept of functions and the basic ideas of the calculus. Credit is not given toward graduation for: Credit is not given for both [MATH 234](<https://catalog.illinois.edu/search/?P=MATH%20234>) and either [MATH 220](<https://catalog.illinois.edu/search/?P=MATH%20220>) or [MATH 221](<https://catalog.illinois.edu/search/?P=MATH%20221>). Prerequisite: An adequate ALEKS placement score as described at http://math.illinois.edu/ALEKS/, demonstrating knowledge of the topics of [MATH 112](<https://catalog.illinois.edu/search/?P=MATH%20112>).
This course satisfies the General Education Criteria for:
Quantitative Reasoning I",https://catalog.illinois.edu/courses-of-instruction/math/,2026–2027
MATH 241,MATH,241,Calculus III,4 Hours,"[IAI Code: M1900-3 and MTH903] Third course in calculus and analytic geometry including vector analysis: Euclidean space, partial differentiation, multiple integrals, line integrals and surface integrals, the integral theorems of vector calculus. Credit is not given toward graduation for: Credit is not given for both MATH 241 and MATH 292. Prerequisite: MATH 231.",Prerequisite: MATH 231.,Credit is not given toward graduation for: Credit is not given for both MATH 241 and MATH 292.,Quantitative Reasoning II,,,,"[MATH 241 Calculus III credit: 4 Hours.](<https://courses.illinois.edu/schedule/terms/MATH/241>)

[IAI Code: M1900-3 and MTH903] Third course in calculus and analytic geometry including vector analysis: Euclidean space, partial differentiation, multiple integrals, line integrals and surface integrals, the integral theorems of vector calculus. Credit is not given toward graduation for: Credit is not given for both [MATH 241](<https://catalog.illinois.edu/search/?P=MATH%20241>) and MATH 292. Prerequisite: [MATH 231](<https://catalog.illinois.edu/search/?P=MATH%20231>).
This course satisfies the General Education Criteria for:
Quantitative Reasoning II",https://catalog.illinois.edu/courses-of-instruction/math/,2026–2027
MATH 257,MATH,257,Linear Algebra with Computational Applications,3 Hours,"Introductory course incorporating linear algebra concepts with computational tools, with real world applications to science, engineering and data science. Topics include linear equations, matrix operations, vector spaces, linear transformations, eigenvalues, eigenvectors, inner products and norms, orthogonality, linear regression, equilibrium, linear dynamical systems and the singular value decomposition. Credit is not given for both MATH 257 and any of MATH 125, MATH 225, MATH 227, MATH 415 or ASRM 406. Prerequisite: MATH 220 or MATH 221; CS 101 or equivalent programming experience.",Prerequisite: MATH 220 or MATH 221; CS 101 or equivalent programming experience.,"Credit is not given for both MATH 257 and any of MATH 125, MATH 225, MATH 227, MATH 415 or ASRM 406.",,,,,"[MATH 257 Linear Algebra with Computational Applications credit: 3 Hours.](<https://courses.illinois.edu/schedule/terms/MATH/257>)

Introductory course incorporating linear algebra concepts with computational tools, with real world applications to science, engineering and data science. Topics include linear equations, matrix operations, vector spaces, linear transformations, eigenvalues, eigenvectors, inner products and norms, orthogonality, linear regression, equilibrium, linear dynamical systems and the singular value decomposition. Credit is not given for both [MATH 257](<https://catalog.illinois.edu/search/?P=MATH%20257>) and any of MATH 125, [MATH 225](<https://catalog.illinois.edu/search/?P=MATH%20225>), [MATH 227](<https://catalog.illinois.edu/search/?P=MATH%20227>), [MATH 415](<https://catalog.illinois.edu/search/?P=MATH%20415>) or [ASRM 406](<https://catalog.illinois.edu/search/?P=ASRM%20406>). Prerequisite: [MATH 220](<https://catalog.illinois.edu/search/?P=MATH%20220>) or [MATH 221](<https://catalog.illinois.edu/search/?P=MATH%20221>); [CS 101](<https://catalog.illinois.edu/search/?P=CS%20101>) or equivalent programming experience.",https://catalog.illinois.edu/courses-of-instruction/math/,2026–2027
MATH 285,MATH,285,Intro Differential Equations,3 Hours,"Techniques and applications of ordinary differential equations, including Fourier series and boundary value problems, and an introduction to partial differential equations. Intended for engineering majors and others who require a working knowledge of differential equations. Credit is not given for both MATH 285 and any of MATH 284, MATH 286, MATH 441. Prerequisite: MATH 241.",Prerequisite: MATH 241.,"Credit is not given for both MATH 285 and any of MATH 284, MATH 286, MATH 441.",,,,,"[MATH 285 Intro Differential Equations credit: 3 Hours.](<https://courses.illinois.edu/schedule/terms/MATH/285>)

Techniques and applications of ordinary differential equations, including Fourier series and boundary value problems, and an introduction to partial differential equations. Intended for engineering majors and others who require a working knowledge of differential equations. Credit is not given for both [MATH 285](<https://catalog.illinois.edu/search/?P=MATH%20285>) and any of MATH 284, MATH 286, [MATH 441](<https://catalog.illinois.edu/search/?P=MATH%20441>). Prerequisite: [MATH 241](<https://catalog.illinois.edu/search/?P=MATH%20241>).",https://catalog.illinois.edu/courses-of-instruction/math/,2026–2027
MATH 299,MATH,299,Topics in Mathematics,1 to 4 Hours,Topics course; see Class Schedule or department office for current topics. May be repeated in the same or subsequent semesters to a maximum of 8 hours. Prerequisite: MATH 220 or MATH 221; consent of instructor.,Prerequisite: MATH 220 or MATH 221; consent of instructor.,,,,,,"[MATH 299 Topics in Mathematics credit: 1 to 4 Hours.](<https://courses.illinois.edu/schedule/terms/MATH/299>)

Topics course; see Class Schedule or department office for current topics. May be repeated in the same or subsequent semesters to a maximum of 8 hours. Prerequisite: [MATH 220](<https://catalog.illinois.edu/search/?P=MATH%20220>) or [MATH 221](<https://catalog.illinois.edu/search/?P=MATH%20221>); consent of instructor.",https://catalog.illinois.edu/courses-of-instruction/math/,2026–2027
MATH 314,MATH,314,Introduction to Higher Mathematics,4 Hours,"Skills and techniques necessary to identify valid mathematical proofs and to produce valid mathematical proofs. Students will also be exposed to beginning ideas in several advanced mathematical topics, including modular arithmetic, group theory, combinatorial reasoning, solving equations, epsilon-delta arguments, and limits. Prerequisite: MATH 241.",Prerequisite: MATH 241.,,,,,,"[MATH 314 Introduction to Higher Mathematics credit: 4 Hours.](<https://courses.illinois.edu/schedule/terms/MATH/314>)

Skills and techniques necessary to identify valid mathematical proofs and to produce valid mathematical proofs. Students will also be exposed to beginning ideas in several advanced mathematical topics, including modular arithmetic, group theory, combinatorial reasoning, solving equations, epsilon-delta arguments, and limits. Prerequisite: [MATH 241](<https://catalog.illinois.edu/search/?P=MATH%20241>).",https://catalog.illinois.edu/courses-of-instruction/math/,2026–2027
MATH 357,MATH,357,Numerical Methods I,3 Hours,Same as CS 357. See CS 357.,,,,,,,"[MATH 357 Numerical Methods I credit: 3 Hours.](<https://courses.illinois.edu/schedule/terms/MATH/357>)

Same as [CS 357](<https://catalog.illinois.edu/search/?P=CS%20357>). See [CS 357](<https://catalog.illinois.edu/search/?P=CS%20357>).",https://catalog.illinois.edu/courses-of-instruction/math/,2026–2027
MATH 362,MATH,362,Probability with Engrg Applic,3 Hours,Same as ECE 313. See ECE 313.,,,,,,,"[MATH 362 Probability with Engrg Applic credit: 3 Hours.](<https://courses.illinois.edu/schedule/terms/MATH/362>)

Same as [ECE 313](<https://catalog.illinois.edu/search/?P=ECE%20313>). See [ECE 313](<https://catalog.illinois.edu/search/?P=ECE%20313>).",https://catalog.illinois.edu/courses-of-instruction/math/,2026–2027
MATH 390,MATH,390,Individual Study,0 to 3 Hours,Guided individual study of advanced topics not covered in other courses. May be repeated to a maximum of 8 hours. Approved for both letter and S/U grading. Prerequisite: Consent of instructor.,Prerequisite: Consent of instructor.,,,,,,"[MATH 390 Individual Study credit: 0 to 3 Hours.](<https://courses.illinois.edu/schedule/terms/MATH/390>)

Guided individual study of advanced topics not covered in other courses. May be repeated to a maximum of 8 hours. Approved for both letter and S/U grading. Prerequisite: Consent of instructor.",https://catalog.illinois.edu/courses-of-instruction/math/,2026–2027
MATH 399,MATH,399,Math/Actuarial Internship,0 Hours,"Full-time or part-time practice of math or actuarial science in an off-campus government, industrial, or research laboratory environment. Summary report required. Approved for S/U grading only. May be repeated in separate terms. Prerequisite: After obtaining an internship, Mathematics majors must request entry from the Mathematics Director of Undergraduate Studies; Actuarial Science majors must request entry from the Director of the Actuarial Science Program.","Prerequisite: After obtaining an internship, Mathematics majors must request entry from the Mathematics Director of Undergraduate Studies; Actuarial Science majors must request entry from the Director of the Actuarial Science Program.",,UIUC: Ugrad Zero Credit Intern,,,,"[MATH 399 Math/Actuarial Internship credit: 0 Hours.](<https://courses.illinois.edu/schedule/terms/MATH/399>)

Full-time or part-time practice of math or actuarial science in an off-campus government, industrial, or research laboratory environment. Summary report required. Approved for S/U grading only. May be repeated in separate terms. Prerequisite: After obtaining an internship, Mathematics majors must request entry from the Mathematics Director of Undergraduate Studies; Actuarial Science majors must request entry from the Director of the Actuarial Science Program.
This course satisfies the General Education Criteria for:
UIUC: Ugrad Zero Credit Intern",https://catalog.illinois.edu/courses-of-instruction/math/,2026–2027
MATH 402,MATH,402,Non Euclidean Geometry,"3 or 4 Hours
3 or 4 undergraduate hours. 3 or 4 graduate hours.","Historical development of geometry; includes tacit assumptions made by Euclid; the discovery of non-Euclidean geometries; geometry as a mathematical structure; and an axiomatic development of plane geometry. 3 or 4 undergraduate hours. 3 or 4 graduate hours. 4 hours of credit requires approval of the instructor and department with completion of additional work of substance. Prerequisite: MATH 241; MATH 314 or MATH 347 or MATH 348, or equivalent; or consent of instructor.","Prerequisite: MATH 241; MATH 314 or MATH 347 or MATH 348, or equivalent; or consent of instructor.",,,,,,"[MATH 402 Non Euclidean Geometry credit: 3 or 4 Hours.](<https://courses.illinois.edu/schedule/terms/MATH/402>)

Historical development of geometry; includes tacit assumptions made by Euclid; the discovery of non-Euclidean geometries; geometry as a mathematical structure; and an axiomatic development of plane geometry. 3 or 4 undergraduate hours. 3 or 4 graduate hours. 4 hours of credit requires approval of the instructor and department with completion of additional work of substance. Prerequisite: [MATH 241](<https://catalog.illinois.edu/search/?P=MATH%20241>); [MATH 314](<https://catalog.illinois.edu/search/?P=MATH%20314>) or MATH 347 or MATH 348, or equivalent; or consent of instructor.",https://catalog.illinois.edu/courses-of-instruction/math/,2026–2027
MATH 403,MATH,403,Euclidean Geometry,"3 or 4 Hours
3 or 4 undergraduate hours. 3 or 4 graduate hours.","Selected topics from geometry, including the nine-point circle, theorems of Cera and Menelaus, regular figures, isometries in the plane, ordered and affine geometries, and the inversive plane. 3 or 4 undergraduate hours. 3 or 4 graduate hours. 4 hours of credit requires approval of the instructor and department with completion of additional work of substance. Prerequisite: MATH 241; MATH 314 or MATH 347, or equivalent; or consent of instructor.","Prerequisite: MATH 241; MATH 314 or MATH 347, or equivalent; or consent of instructor.",,,,,,"[MATH 403 Euclidean Geometry credit: 3 or 4 Hours.](<https://courses.illinois.edu/schedule/terms/MATH/403>)

Selected topics from geometry, including the nine-point circle, theorems of Cera and Menelaus, regular figures, isometries in the plane, ordered and affine geometries, and the inversive plane. 3 or 4 undergraduate hours. 3 or 4 graduate hours. 4 hours of credit requires approval of the instructor and department with completion of additional work of substance. Prerequisite: [MATH 241](<https://catalog.illinois.edu/search/?P=MATH%20241>); [MATH 314](<https://catalog.illinois.edu/search/?P=MATH%20314>) or MATH 347, or equivalent; or consent of instructor.",https://catalog.illinois.edu/courses-of-instruction/math/,2026–2027
MATH 405,MATH,405,Teacher's Course,"3 or 4 Hours
3 or 4 undergraduate hours. 3 or 4 graduate hours.","In-depth, advanced perspective look at selected topics covered in the secondary curriculum. Connects mathematics learned at the university level to content introduced at the secondary level. Intended for students who plan to seek a secondary certificate in mathematics teaching. 3 or 4 undergraduate hours. 3 or 4 graduate hours. 4 hours of credit requires approval of the instructor and department with completion of additional work of substance. Prerequisite: MATH 241; MATH 314 or MATH 347, or equivalent; or consent of instructor.","Prerequisite: MATH 241; MATH 314 or MATH 347, or equivalent; or consent of instructor.",,,,,,"[MATH 405 Teacher's Course credit: 3 or 4 Hours.](<https://courses.illinois.edu/schedule/terms/MATH/405>)

In-depth, advanced perspective look at selected topics covered in the secondary curriculum. Connects mathematics learned at the university level to content introduced at the secondary level. Intended for students who plan to seek a secondary certificate in mathematics teaching. 3 or 4 undergraduate hours. 3 or 4 graduate hours. 4 hours of credit requires approval of the instructor and department with completion of additional work of substance. Prerequisite: [MATH 241](<https://catalog.illinois.edu/search/?P=MATH%20241>); [MATH 314](<https://catalog.illinois.edu/search/?P=MATH%20314>) or MATH 347, or equivalent; or consent of instructor.",https://catalog.illinois.edu/courses-of-instruction/math/,2026–2027
MATH 412,MATH,412,Graph Theory,"3 or 4 Hours
3 or 4 undergraduate hours. 3 or 4 graduate hours.","Examines basic concepts and applications of graph theory, where graph refers to a set of vertices and edges that join some pairs of vertices; topics include subgraphs, connectivity, trees, cycles, vertex and edge coloring, planar graphs and their colorings. Draws applications from computer science, operations research, chemistry, the social sciences, and other branches of mathematics, but emphasis is placed on theoretical aspects of graphs. 3 or 4 undergraduate hours. 3 or 4 graduate hours. 4 hours of credit requires approval of the instructor and department with completion of additional work of substance. Prerequisite: MATH 314 or MATH 347 or equivalent experience or CS 374.",Prerequisite: MATH 314 or MATH 347 or equivalent experience or CS 374.,,,,,,"[MATH 412 Graph Theory credit: 3 or 4 Hours.](<https://courses.illinois.edu/schedule/terms/MATH/412>)

Examines basic concepts and applications of graph theory, where graph refers to a set of vertices and edges that join some pairs of vertices; topics include subgraphs, connectivity, trees, cycles, vertex and edge coloring, planar graphs and their colorings. Draws applications from computer science, operations research, chemistry, the social sciences, and other branches of mathematics, but emphasis is placed on theoretical aspects of graphs. 3 or 4 undergraduate hours. 3 or 4 graduate hours. 4 hours of credit requires approval of the instructor and department with completion of additional work of substance. Prerequisite: [MATH 314](<https://catalog.illinois.edu/search/?P=MATH%20314>) or MATH 347 or equivalent experience or [CS 374](<https://catalog.illinois.edu/search/?P=CS%20374>).",https://catalog.illinois.edu/courses-of-instruction/math/,2026–2027
MATH 413,MATH,413,Intro to Combinatorics,"3 or 4 Hours
3 undergraduate hours. 3 or 4 graduate hours.","Permutations and combinations, generating functions, recurrence relations, inclusion and exclusion, Polya's theory of counting, and block designs. Same as CS 413. 3 undergraduate hours. 3 or 4 graduate hours. 4 hours of credit requires approval of the instructor and completion of additional work of substance. Prerequisite: MATH 314 or MATH 347 or equivalent experience.",Prerequisite: MATH 314 or MATH 347 or equivalent experience.,,,,,,"[MATH 413 Intro to Combinatorics credit: 3 or 4 Hours.](<https://courses.illinois.edu/schedule/terms/MATH/413>)

Permutations and combinations, generating functions, recurrence relations, inclusion and exclusion, Polya's theory of counting, and block designs. Same as [CS 413](<https://catalog.illinois.edu/search/?P=CS%20413>). 3 undergraduate hours. 3 or 4 graduate hours. 4 hours of credit requires approval of the instructor and completion of additional work of substance. Prerequisite: [MATH 314](<https://catalog.illinois.edu/search/?P=MATH%20314>) or MATH 347 or equivalent experience.",https://catalog.illinois.edu/courses-of-instruction/math/,2026–2027
MATH 414,MATH,414,Mathematical Logic,"3 or 4 Hours
3 or 4 undergraduate hours. 3 or 4 graduate hours.","Introduction to the formalization of mathematics and the study of axiomatic systems; expressive power of logical formulas; detailed treatment of propositional logical and predicate logic; compactness theorem and Godel completeness theorem, with applications to specific mathematical theories; algorithmic aspects of logical formulas. Proofs are emphasized in this course, which can serve as an introduction to abstract mathematics and rigorous proof; some ability to do mathematical reasoning required. 3 or 4 undergraduate hours. 3 or 4 graduate hours. 4 hours of credit requires approval of the instructor and department with completion of additional work of substance. Prerequisite: MATH 314 or MATH 347 or equivalent experience.",Prerequisite: MATH 314 or MATH 347 or equivalent experience.,,,,,,"[MATH 414 Mathematical Logic credit: 3 or 4 Hours.](<https://courses.illinois.edu/schedule/terms/MATH/414>)

Introduction to the formalization of mathematics and the study of axiomatic systems; expressive power of logical formulas; detailed treatment of propositional logical and predicate logic; compactness theorem and Godel completeness theorem, with applications to specific mathematical theories; algorithmic aspects of logical formulas. Proofs are emphasized in this course, which can serve as an introduction to abstract mathematics and rigorous proof; some ability to do mathematical reasoning required. 3 or 4 undergraduate hours. 3 or 4 graduate hours. 4 hours of credit requires approval of the instructor and department with completion of additional work of substance. Prerequisite: [MATH 314](<https://catalog.illinois.edu/search/?P=MATH%20314>) or MATH 347 or equivalent experience.",https://catalog.illinois.edu/courses-of-instruction/math/,2026–2027
MATH 415,MATH,415,Applied Linear Algebra,"3 or 4 Hours
3 or 4 undergraduate hours. 3 or 4 graduate hours.","Introductory course emphasizing techniques of linear algebra with applications to engineering; topics include matrix operations, determinants, linear equations, vector spaces, linear transformations, eigenvalues, and eigenvectors, inner products and norms, orthogonality, equilibrium, and linear dynamical systems. 3 or 4 undergraduate hours. 3 or 4 graduate hours. Credit is not given for both MATH 415 and any of MATH 125, MATH 225, ASRM 406, or MATH 416. 4 hours of credit requires approval of the instructor and department with completion of additional work of substance. Prerequisite: MATH 241 or consent of instructor.",Prerequisite: MATH 241 or consent of instructor.,"Credit is not given for both MATH 415 and any of MATH 125, MATH 225, ASRM 406, or MATH 416.",,,,,"[MATH 415 Applied Linear Algebra credit: 3 or 4 Hours.](<https://courses.illinois.edu/schedule/terms/MATH/415>)

Introductory course emphasizing techniques of linear algebra with applications to engineering; topics include matrix operations, determinants, linear equations, vector spaces, linear transformations, eigenvalues, and eigenvectors, inner products and norms, orthogonality, equilibrium, and linear dynamical systems. 3 or 4 undergraduate hours. 3 or 4 graduate hours. Credit is not given for both [MATH 415](<https://catalog.illinois.edu/search/?P=MATH%20415>) and any of MATH 125, [MATH 225](<https://catalog.illinois.edu/search/?P=MATH%20225>), [ASRM 406](<https://catalog.illinois.edu/search/?P=ASRM%20406>), or [MATH 416](<https://catalog.illinois.edu/search/?P=MATH%20416>). 4 hours of credit requires approval of the instructor and department with completion of additional work of substance. Prerequisite: [MATH 241](<https://catalog.illinois.edu/search/?P=MATH%20241>) or consent of instructor.",https://catalog.illinois.edu/courses-of-instruction/math/,2026–2027
MATH 416,MATH,416,Abstract Linear Algebra,"3 or 4 Hours
3 or 4 undergraduate hours. 3 or 4 graduate hours.","Rigorous proof-oriented course in linear algebra. Topics include determinants, vector spaces over fields, linear transformations, inner product spaces, eigenvectors and eigenvalues, Hermitian matrices, Jordan Normal Form. 3 or 4 undergraduate hours. 3 or 4 graduate hours. Credit is not given for both MATH 416 and either ASRM 406 or MATH 415. 4 hours of credit requires approval of the instructor and department with completion of additional work of substance. Prerequisite: MATH 241; MATH 314 or MATH 347; or consent of instructor.",Prerequisite: MATH 241; MATH 314 or MATH 347; or consent of instructor.,Credit is not given for both MATH 416 and either ASRM 406 or MATH 415.,,,,,"[MATH 416 Abstract Linear Algebra credit: 3 or 4 Hours.](<https://courses.illinois.edu/schedule/terms/MATH/416>)

Rigorous proof-oriented course in linear algebra. Topics include determinants, vector spaces over fields, linear transformations, inner product spaces, eigenvectors and eigenvalues, Hermitian matrices, Jordan Normal Form. 3 or 4 undergraduate hours. 3 or 4 graduate hours. Credit is not given for both [MATH 416](<https://catalog.illinois.edu/search/?P=MATH%20416>) and either [ASRM 406](<https://catalog.illinois.edu/search/?P=ASRM%20406>) or [MATH 415](<https://catalog.illinois.edu/search/?P=MATH%20415>). 4 hours of credit requires approval of the instructor and department with completion of additional work of substance. Prerequisite: [MATH 241](<https://catalog.illinois.edu/search/?P=MATH%20241>); [MATH 314](<https://catalog.illinois.edu/search/?P=MATH%20314>) or MATH 347; or consent of instructor.",https://catalog.illinois.edu/courses-of-instruction/math/,2026–2027
MATH 417,MATH,417,Intro to Abstract Algebra,"3 or 4 Hours
3 or 4 undergraduate hours. 3 or 4 graduate hours.","Fundamental theorem of arithmetic, congruences. Permutations. Groups and subgroups, homomorphisms. Group actions with applications. Polynomials. Rings, subrings, and ideals. Integral domains and fields. Roots of polynomials. Maximal ideals, construction of fields. 4 hours of credit requires approval of the instructor and department with completion of additional work of substance. 3 or 4 undergraduate hours. 3 or 4 graduate hours. Prerequisite: MATH 314 or MATH 347 or CS 374.",Prerequisite: MATH 314 or MATH 347 or CS 374.,,,,,,"[MATH 417 Intro to Abstract Algebra credit: 3 or 4 Hours.](<https://courses.illinois.edu/schedule/terms/MATH/417>)

Fundamental theorem of arithmetic, congruences. Permutations. Groups and subgroups, homomorphisms. Group actions with applications. Polynomials. Rings, subrings, and ideals. Integral domains and fields. Roots of polynomials. Maximal ideals, construction of fields. 4 hours of credit requires approval of the instructor and department with completion of additional work of substance. 3 or 4 undergraduate hours. 3 or 4 graduate hours. Prerequisite: [MATH 314](<https://catalog.illinois.edu/search/?P=MATH%20314>) or MATH 347 or [CS 374](<https://catalog.illinois.edu/search/?P=CS%20374>).",https://catalog.illinois.edu/courses-of-instruction/math/,2026–2027
MATH 418,MATH,418,Intro to Abstract Algebra II,"3 or 4 Hours
3 or 4 undergraduate hours. 3 or 4 graduate hours.","Rings of quotients of an integral domain. Euclidean domains, principal ideal domains. Unique factorization in polynomial rings. Fields extensions, ruler and compass constructions. Finite fields with applications. Modules. Structure theorem for finitely generated modules over principal ideal domains. Application to finitely generated abelian groups and canonical forms of matrices. Introduction to error-correcting codes. 3 or 4 undergraduate hours. 3 or 4 graduate hours. 4 hours of credit requires approval of the instructor and department with completion of additional work of substance. Prerequisite: MATH 417 or consent of instructor.",Prerequisite: MATH 417 or consent of instructor.,,,,,,"[MATH 418 Intro to Abstract Algebra II credit: 3 or 4 Hours.](<https://courses.illinois.edu/schedule/terms/MATH/418>)

Rings of quotients of an integral domain. Euclidean domains, principal ideal domains. Unique factorization in polynomial rings. Fields extensions, ruler and compass constructions. Finite fields with applications. Modules. Structure theorem for finitely generated modules over principal ideal domains. Application to finitely generated abelian groups and canonical forms of matrices. Introduction to error-correcting codes. 3 or 4 undergraduate hours. 3 or 4 graduate hours. 4 hours of credit requires approval of the instructor and department with completion of additional work of substance. Prerequisite: [MATH 417](<https://catalog.illinois.edu/search/?P=MATH%20417>) or consent of instructor.",https://catalog.illinois.edu/courses-of-instruction/math/,2026–2027
MATH 423,MATH,423,Differential Geometry,"3 or 4 Hours
3 or 4 undergraduate hours. 3 or 4 graduate hours.","Applications of the calculus to the study of the shape and curvature of curves and surfaces; introduction to vector fields, differential forms on Euclidean spaces, and the method of moving frames for low- dimensional differential geometry. 3 or 4 undergraduate hours. 3 or 4 graduate hours. 4 hours of credit requires approval of the instructor and department with completion of additional work of substance. Prerequisite: MATH 241 or equivalent.",Prerequisite: MATH 241 or equivalent.,,,,,,"[MATH 423 Differential Geometry credit: 3 or 4 Hours.](<https://courses.illinois.edu/schedule/terms/MATH/423>)

Applications of the calculus to the study of the shape and curvature of curves and surfaces; introduction to vector fields, differential forms on Euclidean spaces, and the method of moving frames for low- dimensional differential geometry. 3 or 4 undergraduate hours. 3 or 4 graduate hours. 4 hours of credit requires approval of the instructor and department with completion of additional work of substance. Prerequisite: [MATH 241](<https://catalog.illinois.edu/search/?P=MATH%20241>) or equivalent.",https://catalog.illinois.edu/courses-of-instruction/math/,2026–2027
MATH 424,MATH,424,Honors Real Analysis,"3 Hours
3 undergraduate hours. No graduate credit.","A rigorous treatment of basic real analysis via metric spaces recommended for those who intend to pursue programs heavily dependent upon graduate level Mathematics. Metric space topics include continuity, compactness, completeness, connectedness and uniform convergence. Analysis topics include the theory of differentiation, Riemann-Darboux integration, sequences and series of functions, and interchange of limiting operations. As part of the honors sequence, this course will be rigorous and abstract. 3 undergraduate hours. No graduate credit. Credit is not given for both MATH 424 and either MATH 444 or MATH 447. Approved for honors grading. Prerequisite: An honors section of MATH 347 or an honors section of MATH 416, and consent of the department.","Prerequisite: An honors section of MATH 347 or an honors section of MATH 416, and consent of the department.","No graduate credit.

Credit is not given for both MATH 424 and either MATH 444 or MATH 447.",,,,,"[MATH 424 Honors Real Analysis credit: 3 Hours.](<https://courses.illinois.edu/schedule/terms/MATH/424>)

A rigorous treatment of basic real analysis via metric spaces recommended for those who intend to pursue programs heavily dependent upon graduate level Mathematics. Metric space topics include continuity, compactness, completeness, connectedness and uniform convergence. Analysis topics include the theory of differentiation, Riemann-Darboux integration, sequences and series of functions, and interchange of limiting operations. As part of the honors sequence, this course will be rigorous and abstract. 3 undergraduate hours. No graduate credit. Credit is not given for both [MATH 424](<https://catalog.illinois.edu/search/?P=MATH%20424>) and either [MATH 444](<https://catalog.illinois.edu/search/?P=MATH%20444>) or [MATH 447](<https://catalog.illinois.edu/search/?P=MATH%20447>). Approved for honors grading. Prerequisite: An honors section of MATH 347 or an honors section of [MATH 416](<https://catalog.illinois.edu/search/?P=MATH%20416>), and consent of the department.",https://catalog.illinois.edu/courses-of-instruction/math/,2026–2027
MATH 425,MATH,425,Honors Advanced Analysis,"3 Hours
3 undergraduate hours. No graduate credit.","A theoretical treatment of differential and integral calculus in higher dimensions. Topics include inverse and implicit function theorems, submanifolds, the theorems of Green, Gauss and Stokes, differential forms, and applications. As part of the honors sequence, this course will be rigorous and abstract. 3 undergraduate hours. No graduate credit. Approved for honors grading. Prerequisite: MATH 424 and either MATH 415 or MATH 416, and consent of the department.","Prerequisite: MATH 424 and either MATH 415 or MATH 416, and consent of the department.",No graduate credit.,,,,,"[MATH 425 Honors Advanced Analysis credit: 3 Hours.](<https://courses.illinois.edu/schedule/terms/MATH/425>)

A theoretical treatment of differential and integral calculus in higher dimensions. Topics include inverse and implicit function theorems, submanifolds, the theorems of Green, Gauss and Stokes, differential forms, and applications. As part of the honors sequence, this course will be rigorous and abstract. 3 undergraduate hours. No graduate credit. Approved for honors grading. Prerequisite: [MATH 424](<https://catalog.illinois.edu/search/?P=MATH%20424>) and either [MATH 415](<https://catalog.illinois.edu/search/?P=MATH%20415>) or [MATH 416](<https://catalog.illinois.edu/search/?P=MATH%20416>), and consent of the department.",https://catalog.illinois.edu/courses-of-instruction/math/,2026–2027
MATH 427,MATH,427,Honors Abstract Algebra,"3 Hours
3 undergraduate hours. No graduate credit.","Group theory, counting formulae, factorization, modules with applications to Abelian groups and linear operators. As part of the honors sequence, this course will be rigorous and abstract. 3 undergraduate hours. No graduate credit. Approved for honors grading. Credit is not given for both MATH 427 and MATH 417. Prerequisite: Consent of the department is required. Prerequisite courses are either an honors section of MATH 416, or MATH 415 together with an honors section of MATH 347.",Prerequisite: Consent of the department is required.,"No graduate credit.

Credit is not given for both MATH 427 and MATH 417.",,,,,"[MATH 427 Honors Abstract Algebra credit: 3 Hours.](<https://courses.illinois.edu/schedule/terms/MATH/427>)

Group theory, counting formulae, factorization, modules with applications to Abelian groups and linear operators. As part of the honors sequence, this course will be rigorous and abstract. 3 undergraduate hours. No graduate credit. Approved for honors grading. Credit is not given for both [MATH 427](<https://catalog.illinois.edu/search/?P=MATH%20427>) and [MATH 417](<https://catalog.illinois.edu/search/?P=MATH%20417>). Prerequisite: Consent of the department is required. Prerequisite courses are either an honors section of [MATH 416](<https://catalog.illinois.edu/search/?P=MATH%20416>), or [MATH 415](<https://catalog.illinois.edu/search/?P=MATH%20415>) together with an honors section of MATH 347.",https://catalog.illinois.edu/courses-of-instruction/math/,2026–2027
MATH 428,MATH,428,Honors Topics in Mathematics,"3 Hours
3 undergraduate hours. No graduate credit.","A capstone course in the Mathematics Honors Sequences. Topics will vary. As part of the honors sequence, this course will be rigorous and abstract. 3 undergraduate hours. No graduate credit. May be repeated in the same or separate terms to a maximum of 12 hours. Prerequisite: Consent of the department.",Prerequisite: Consent of the department.,No graduate credit.,,,,,"[MATH 428 Honors Topics in Mathematics credit: 3 Hours.](<https://courses.illinois.edu/schedule/terms/MATH/428>)

A capstone course in the Mathematics Honors Sequences. Topics will vary. As part of the honors sequence, this course will be rigorous and abstract. 3 undergraduate hours. No graduate credit. May be repeated in the same or separate terms to a maximum of 12 hours. Prerequisite: Consent of the department.",https://catalog.illinois.edu/courses-of-instruction/math/,2026–2027
MATH 432,MATH,432,Set Theory and Topology,"3 or 4 Hours
3 or 4 undergraduate hours. 3 or 4 graduate hours.","Informal set theory, cardinal and ordinal numbers, and the axiom of choice; topology of metric spaces and introduction to general topological spaces. 3 or 4 undergraduate hours. 3 or 4 graduate hours. 4 hours of credit requires approval of the instructor and department with completion of additional work of substance. Prerequisite: MATH 314 or MATH 347 or consent of instructor.",Prerequisite: MATH 314 or MATH 347 or consent of instructor.,,,,,,"[MATH 432 Set Theory and Topology credit: 3 or 4 Hours.](<https://courses.illinois.edu/schedule/terms/MATH/432>)

Informal set theory, cardinal and ordinal numbers, and the axiom of choice; topology of metric spaces and introduction to general topological spaces. 3 or 4 undergraduate hours. 3 or 4 graduate hours. 4 hours of credit requires approval of the instructor and department with completion of additional work of substance. Prerequisite: [MATH 314](<https://catalog.illinois.edu/search/?P=MATH%20314>) or MATH 347 or consent of instructor.",https://catalog.illinois.edu/courses-of-instruction/math/,2026–2027
MATH 439,MATH,439,Philosophy of Mathematics,3 or 4 Hours,Same as PHIL 439. See PHIL 439.,,,,,,,"[MATH 439 Philosophy of Mathematics credit: 3 or 4 Hours.](<https://courses.illinois.edu/schedule/terms/MATH/439>)

Same as [PHIL 439](<https://catalog.illinois.edu/search/?P=PHIL%20439>). See [PHIL 439](<https://catalog.illinois.edu/search/?P=PHIL%20439>).",https://catalog.illinois.edu/courses-of-instruction/math/,2026–2027
MATH 441,MATH,441,Differential Equations,"3 or 4 Hours
3 or 4 undergraduate hours. 3 or 4 graduate hours.","Basic course in ordinary differential equations; topics include existence and uniqueness of solutions and the general theory of linear differential equations; treatment is more rigorous than that given in MATH 285. 3 or 4 undergraduate hours. 3 or 4 graduate hours. Credit is not given for both MATH 441 and any of MATH 284, MATH 285, MATH 286. 4 hours of credit requires approval of the instructor and completion of additional work of substance. Prerequisite: MATH 241; MATH 314 or MATH 347 is recommended.",Prerequisite: MATH 241; MATH 314 or MATH 347 is recommended.,"Credit is not given for both MATH 441 and any of MATH 284, MATH 285, MATH 286.",,,,,"[MATH 441 Differential Equations credit: 3 or 4 Hours.](<https://courses.illinois.edu/schedule/terms/MATH/441>)

Basic course in ordinary differential equations; topics include existence and uniqueness of solutions and the general theory of linear differential equations; treatment is more rigorous than that given in [MATH 285](<https://catalog.illinois.edu/search/?P=MATH%20285>). 3 or 4 undergraduate hours. 3 or 4 graduate hours. Credit is not given for both [MATH 441](<https://catalog.illinois.edu/search/?P=MATH%20441>) and any of MATH 284, [MATH 285](<https://catalog.illinois.edu/search/?P=MATH%20285>), MATH 286. 4 hours of credit requires approval of the instructor and completion of additional work of substance. Prerequisite: [MATH 241](<https://catalog.illinois.edu/search/?P=MATH%20241>); [MATH 314](<https://catalog.illinois.edu/search/?P=MATH%20314>) or MATH 347 is recommended.",https://catalog.illinois.edu/courses-of-instruction/math/,2026–2027
MATH 442,MATH,442,Intro Partial Diff Equations,"3 or 4 Hours
3 or 4 undergraduate hours. 3 or 4 graduate hours.","Introduces partial differential equations, emphasizing the wave, diffusion and potential (Laplace) equations. Focuses on understanding the physical meaning and mathematical properties of solutions of partial differential equations. Includes fundamental solutions and transform methods for problems on the line, as well as separation of variables using orthogonal series for problems in regions with boundary. Covers convergence of Fourier series in detail. 3 or 4 undergraduate hours. 3 or 4 graduate hours. 4 hours of credit requires approval of the instructor and completion of additional work of substance. Prerequisite: One of MATH 284, MATH 285, MATH 286, MATH 441.","Prerequisite: One of MATH 284, MATH 285, MATH 286, MATH 441.",,,,,,"[MATH 442 Intro Partial Diff Equations credit: 3 or 4 Hours.](<https://courses.illinois.edu/schedule/terms/MATH/442>)

Introduces partial differential equations, emphasizing the wave, diffusion and potential (Laplace) equations. Focuses on understanding the physical meaning and mathematical properties of solutions of partial differential equations. Includes fundamental solutions and transform methods for problems on the line, as well as separation of variables using orthogonal series for problems in regions with boundary. Covers convergence of Fourier series in detail. 3 or 4 undergraduate hours. 3 or 4 graduate hours. 4 hours of credit requires approval of the instructor and completion of additional work of substance. Prerequisite: One of MATH 284, [MATH 285](<https://catalog.illinois.edu/search/?P=MATH%20285>), MATH 286, [MATH 441](<https://catalog.illinois.edu/search/?P=MATH%20441>).",https://catalog.illinois.edu/courses-of-instruction/math/,2026–2027
MATH 444,MATH,444,Elementary Real Analysis,"3 or 4 Hours
3 or 4 undergraduate hours. 3 or 4 graduate hours.","Careful treatment of the theoretical aspects of the calculus of functions of a real variable intended for those who do not plan to take graduate courses in Mathematics. Topics include the real number system, limits, continuity, derivatives, and the Riemann integral. 3 or 4 undergraduate hours. 3 or 4 graduate hours. Credit is not given for both MATH 444 and either MATH 424 or MATH 447. 4 hours of credit requires approval of the instructor and department with completion of additional work of substance. Prerequisite: MATH 241; MATH 314 or MATH 347, or equivalent.","Prerequisite: MATH 241; MATH 314 or MATH 347, or equivalent.",Credit is not given for both MATH 444 and either MATH 424 or MATH 447.,,,,,"[MATH 444 Elementary Real Analysis credit: 3 or 4 Hours.](<https://courses.illinois.edu/schedule/terms/MATH/444>)

Careful treatment of the theoretical aspects of the calculus of functions of a real variable intended for those who do not plan to take graduate courses in Mathematics. Topics include the real number system, limits, continuity, derivatives, and the Riemann integral. 3 or 4 undergraduate hours. 3 or 4 graduate hours. Credit is not given for both [MATH 444](<https://catalog.illinois.edu/search/?P=MATH%20444>) and either [MATH 424](<https://catalog.illinois.edu/search/?P=MATH%20424>) or [MATH 447](<https://catalog.illinois.edu/search/?P=MATH%20447>). 4 hours of credit requires approval of the instructor and department with completion of additional work of substance. Prerequisite: [MATH 241](<https://catalog.illinois.edu/search/?P=MATH%20241>); [MATH 314](<https://catalog.illinois.edu/search/?P=MATH%20314>) or MATH 347, or equivalent.",https://catalog.illinois.edu/courses-of-instruction/math/,2026–2027
MATH 446,MATH,446,Applied Complex Variables,"3 or 4 Hours
3 or 4 undergraduate hours. 3 or 4 graduate hours.","For students who desire a working knowledge of complex variables; covers the standard topics and gives an introduction to integration by residues, the argument principle, conformal maps, and potential fields. Students desiring a systematic development of the foundations of the subject should take MATH 448. 3 or 4 undergraduate hours. 3 or 4 graduate hours. Credit is not given for both MATH 446 and MATH 448. 4 hours of credit requires approval of the instructor and department with completion of additional work of substance. Prerequisite: MATH 241.",Prerequisite: MATH 241.,Credit is not given for both MATH 446 and MATH 448.,,,,,"[MATH 446 Applied Complex Variables credit: 3 or 4 Hours.](<https://courses.illinois.edu/schedule/terms/MATH/446>)

For students who desire a working knowledge of complex variables; covers the standard topics and gives an introduction to integration by residues, the argument principle, conformal maps, and potential fields. Students desiring a systematic development of the foundations of the subject should take [MATH 448](<https://catalog.illinois.edu/search/?P=MATH%20448>). 3 or 4 undergraduate hours. 3 or 4 graduate hours. Credit is not given for both [MATH 446](<https://catalog.illinois.edu/search/?P=MATH%20446>) and [MATH 448](<https://catalog.illinois.edu/search/?P=MATH%20448>). 4 hours of credit requires approval of the instructor and department with completion of additional work of substance. Prerequisite: [MATH 241](<https://catalog.illinois.edu/search/?P=MATH%20241>).",https://catalog.illinois.edu/courses-of-instruction/math/,2026–2027
MATH 447,MATH,447,Real Variables,"3 or 4 Hours
3 undergraduate hours. 3 or 4 graduate hours.","Careful development of elementary real analysis for those who intend to take graduate courses in Mathematics. Topics include completeness property of the real number system; basic topological properties of n-dimensional space; convergence of numerical sequences and series of functions; properties of continuous functions; and basic theorems concerning differentiation and Riemann integration. 3 undergraduate hours. 3 or 4 graduate hours. Credit is not given for both MATH 447 and either MATH 424 or MATH 444. 4 hours of credit requires approval of the instructor and completion of additional work of substance. Prerequisite: MATH 241 or equivalent; junior standing; MATH 314 or MATH 347, or equivalent experience; or consent of instructor.","Prerequisite: MATH 241 or equivalent; junior standing; MATH 314 or MATH 347, or equivalent experience; or consent of instructor.",Credit is not given for both MATH 447 and either MATH 424 or MATH 444.,,,,,"[MATH 447 Real Variables credit: 3 or 4 Hours.](<https://courses.illinois.edu/schedule/terms/MATH/447>)

Careful development of elementary real analysis for those who intend to take graduate courses in Mathematics. Topics include completeness property of the real number system; basic topological properties of n-dimensional space; convergence of numerical sequences and series of functions; properties of continuous functions; and basic theorems concerning differentiation and Riemann integration. 3 undergraduate hours. 3 or 4 graduate hours. Credit is not given for both [MATH 447](<https://catalog.illinois.edu/search/?P=MATH%20447>) and either [MATH 424](<https://catalog.illinois.edu/search/?P=MATH%20424>) or [MATH 444](<https://catalog.illinois.edu/search/?P=MATH%20444>). 4 hours of credit requires approval of the instructor and completion of additional work of substance. Prerequisite: [MATH 241](<https://catalog.illinois.edu/search/?P=MATH%20241>) or equivalent; junior standing; [MATH 314](<https://catalog.illinois.edu/search/?P=MATH%20314>) or MATH 347, or equivalent experience; or consent of instructor.",https://catalog.illinois.edu/courses-of-instruction/math/,2026–2027
MATH 448,MATH,448,Complex Variables,"3 or 4 Hours
3 or 4 undergraduate hours. 3 or 4 graduate hours.","For students who desire a rigorous introduction to the theory of functions of a complex variable; topics include Cauchy's theorem, the residue theorem, the maximum modulus theorem, Laurent series, the fundamental theorem of algebra, and the argument principle. 3 or 4 undergraduate hours. 3 or 4 graduate hours. Credit is not given for both MATH 448 and MATH 446. 4 hours of credit requires approval of the instructor and department with completion of additional work of substance. Prerequisite: MATH 447.",Prerequisite: MATH 447.,Credit is not given for both MATH 448 and MATH 446.,,,,,"[MATH 448 Complex Variables credit: 3 or 4 Hours.](<https://courses.illinois.edu/schedule/terms/MATH/448>)

For students who desire a rigorous introduction to the theory of functions of a complex variable; topics include Cauchy's theorem, the residue theorem, the maximum modulus theorem, Laurent series, the fundamental theorem of algebra, and the argument principle. 3 or 4 undergraduate hours. 3 or 4 graduate hours. Credit is not given for both [MATH 448](<https://catalog.illinois.edu/search/?P=MATH%20448>) and [MATH 446](<https://catalog.illinois.edu/search/?P=MATH%20446>). 4 hours of credit requires approval of the instructor and department with completion of additional work of substance. Prerequisite: [MATH 447](<https://catalog.illinois.edu/search/?P=MATH%20447>).",https://catalog.illinois.edu/courses-of-instruction/math/,2026–2027
MATH 450,MATH,450,Numerical Analysis,3 or 4 Hours,"Same as CS 450, CSE 401 and ECE 491. See CS 450.",,,,,,,"[MATH 450 Numerical Analysis credit: 3 or 4 Hours.](<https://courses.illinois.edu/schedule/terms/MATH/450>)

Same as [CS 450](<https://catalog.illinois.edu/search/?P=CS%20450>), [CSE 401](<https://catalog.illinois.edu/search/?P=CSE%20401>) and [ECE 491](<https://catalog.illinois.edu/search/?P=ECE%20491>). See [CS 450](<https://catalog.illinois.edu/search/?P=CS%20450>).",https://catalog.illinois.edu/courses-of-instruction/math/,2026–2027
MATH 453,MATH,453,Number Theory,"3 or 4 Hours
3 undergraduate hours. 3 or 4 graduate hours.","Basic introduction to the theory of numbers. Core topics include divisibility, primes and factorization, congruences, arithmetic functions, quadratic residues and quadratic reciprocity, primitive roots and orders. Additional topics covered at the discretion of the instructor include sums of squares, Diophantine equations, continued fractions, Farey fractions, recurrences, and applications to primality testing and cryptopgraphy. 4 hours of credit requires approval of the instructor and department with completion of additional work of substance. 3 undergraduate hours. 3 or 4 graduate hours. Prerequisite: MATH 314 or MATH 347.",Prerequisite: MATH 314 or MATH 347.,,,,,,"[MATH 453 Number Theory credit: 3 or 4 Hours.](<https://courses.illinois.edu/schedule/terms/MATH/453>)

Basic introduction to the theory of numbers. Core topics include divisibility, primes and factorization, congruences, arithmetic functions, quadratic residues and quadratic reciprocity, primitive roots and orders. Additional topics covered at the discretion of the instructor include sums of squares, Diophantine equations, continued fractions, Farey fractions, recurrences, and applications to primality testing and cryptopgraphy. 4 hours of credit requires approval of the instructor and department with completion of additional work of substance. 3 undergraduate hours. 3 or 4 graduate hours. Prerequisite: [MATH 314](<https://catalog.illinois.edu/search/?P=MATH%20314>) or MATH 347.",https://catalog.illinois.edu/courses-of-instruction/math/,2026–2027
MATH 461,MATH,461,Probability Theory,"3 or 4 Hours
3 or 4 undergraduate hours. 3 or 4 graduate hours.","Introduction to mathematical probability; includes the calculus of probability, combinatorial analysis, random variables, expectation, distribution functions, moment-generating functions, and central limit theorem. 3 or 4 undergraduate hours. 3 or 4 graduate hours. Credit is not given for both MATH 461 and either STAT 408 or ECE 313. 4 hours of credit requires approval of the instructor and department with completion of additional work of substance. Prerequisite: MATH 241 or equivalent.",Prerequisite: MATH 241 or equivalent.,Credit is not given for both MATH 461 and either STAT 408 or ECE 313.,,,,,"[MATH 461 Probability Theory credit: 3 or 4 Hours.](<https://courses.illinois.edu/schedule/terms/MATH/461>)

Introduction to mathematical probability; includes the calculus of probability, combinatorial analysis, random variables, expectation, distribution functions, moment-generating functions, and central limit theorem. 3 or 4 undergraduate hours. 3 or 4 graduate hours. Credit is not given for both [MATH 461](<https://catalog.illinois.edu/search/?P=MATH%20461>) and either [STAT 408](<https://catalog.illinois.edu/search/?P=STAT%20408>) or [ECE 313](<https://catalog.illinois.edu/search/?P=ECE%20313>). 4 hours of credit requires approval of the instructor and department with completion of additional work of substance. Prerequisite: [MATH 241](<https://catalog.illinois.edu/search/?P=MATH%20241>) or equivalent.",https://catalog.illinois.edu/courses-of-instruction/math/,2026–2027
MATH 463,MATH,463,Statistics and Probability I,4 Hours,Same as STAT 400. See STAT 400.,,,,,,,"[MATH 463 Statistics and Probability I credit: 4 Hours.](<https://courses.illinois.edu/schedule/terms/MATH/463>)

Same as [STAT 400](<https://catalog.illinois.edu/search/?P=STAT%20400>). See [STAT 400](<https://catalog.illinois.edu/search/?P=STAT%20400>).",https://catalog.illinois.edu/courses-of-instruction/math/,2026–2027
MATH 464,MATH,464,Statistics and Probability II,3 or 4 Hours,Same as STAT 410. See STAT 410.,,,,,,,"[MATH 464 Statistics and Probability II credit: 3 or 4 Hours.](<https://courses.illinois.edu/schedule/terms/MATH/464>)

Same as [STAT 410](<https://catalog.illinois.edu/search/?P=STAT%20410>). See [STAT 410](<https://catalog.illinois.edu/search/?P=STAT%20410>).",https://catalog.illinois.edu/courses-of-instruction/math/,2026–2027
MATH 466,MATH,466,Applied Random Processes,"3 or 4 Hours
3 undergraduate hours. 3 or 4 graduate hours.","Systematic discussion of discrete-time Markov chains, continuous-time Markov chains and discrete-time martingales. Topics include strong Markov properties, recurrence and transience, invariant distributions, convergence and ergodicity, time reversal, Q-matrices, holding time, forward and backward equations, martingales and potential theory, queuing networks, Markov decision processes, Markov Chain and Monte Carlo techniques. Unlike other campus stochastic processes courses, this course will emphasize the fundamental mathematical constructions underlying the theory of Markov chains, such as Laplace operators, martingales, and harmonic functions. 3 undergraduate hours. 3 or 4 graduate hours. Prerequisite: MATH 241, MATH 416, and MATH 461. Priority registration will be given to students in the Mathematics + Data Science major.","Prerequisite: MATH 241, MATH 416, and MATH 461.",,,,,,"[MATH 466 Applied Random Processes credit: 3 or 4 Hours.](<https://courses.illinois.edu/schedule/terms/MATH/466>)

Systematic discussion of discrete-time Markov chains, continuous-time Markov chains and discrete-time martingales. Topics include strong Markov properties, recurrence and transience, invariant distributions, convergence and ergodicity, time reversal, Q-matrices, holding time, forward and backward equations, martingales and potential theory, queuing networks, Markov decision processes, Markov Chain and Monte Carlo techniques. Unlike other campus stochastic processes courses, this course will emphasize the fundamental mathematical constructions underlying the theory of Markov chains, such as Laplace operators, martingales, and harmonic functions. 3 undergraduate hours. 3 or 4 graduate hours. Prerequisite: [MATH 241](<https://catalog.illinois.edu/search/?P=MATH%20241>), [MATH 416](<https://catalog.illinois.edu/search/?P=MATH%20416>), and [MATH 461](<https://catalog.illinois.edu/search/?P=MATH%20461>). Priority registration will be given to students in the Mathematics + Data Science major.",https://catalog.illinois.edu/courses-of-instruction/math/,2026–2027
MATH 467,MATH,467,Mathematics for Machine Learning,"4 Hours
4 undergraduate hours. No graduate credit.","Overview of the major components of modern machine learning, including linear and logistic regression, Principal Component Analysis, Support Vector Machines, feature importance, casual inference, training, validation and testing. Students will learn how to connect their mathematical background with various tools in data science, emphasizing the connection between modeling and analysis as well as modern data science tools. 4 undergraduate hours. No graduate credit. Prerequisite: MATH 416; MATH 461 or STAT 400; STAT 207; CS 277; and CS 307.",Prerequisite: MATH 416; MATH 461 or STAT 400; STAT 207; CS 277; and CS 307.,No graduate credit.,,,,,"[MATH 467 Mathematics for Machine Learning credit: 4 Hours.](<https://courses.illinois.edu/schedule/terms/MATH/467>)

Overview of the major components of modern machine learning, including linear and logistic regression, Principal Component Analysis, Support Vector Machines, feature importance, casual inference, training, validation and testing. Students will learn how to connect their mathematical background with various tools in data science, emphasizing the connection between modeling and analysis as well as modern data science tools. 4 undergraduate hours. No graduate credit. Prerequisite: [MATH 416](<https://catalog.illinois.edu/search/?P=MATH%20416>); [MATH 461](<https://catalog.illinois.edu/search/?P=MATH%20461>) or [STAT 400](<https://catalog.illinois.edu/search/?P=STAT%20400>); [STAT 207](<https://catalog.illinois.edu/search/?P=STAT%20207>); [CS 277](<https://catalog.illinois.edu/search/?P=CS%20277>); and [CS 307](<https://catalog.illinois.edu/search/?P=CS%20307>).",https://catalog.illinois.edu/courses-of-instruction/math/,2026–2027
MATH 473,MATH,473,Algorithms,4 Hours,Same as CS 473 and CSE 414. See CS 473.,,,,,,,"[MATH 473 Algorithms credit: 4 Hours.](<https://courses.illinois.edu/schedule/terms/MATH/473>)

Same as [CS 473](<https://catalog.illinois.edu/search/?P=CS%20473>) and [CSE 414](<https://catalog.illinois.edu/search/?P=CSE%20414>). See [CS 473](<https://catalog.illinois.edu/search/?P=CS%20473>).",https://catalog.illinois.edu/courses-of-instruction/math/,2026–2027
MATH 475,MATH,475,Formal Models of Computation,3 or 4 Hours,Same as CS 475. See CS 475.,,,,,,,"[MATH 475 Formal Models of Computation credit: 3 or 4 Hours.](<https://courses.illinois.edu/schedule/terms/MATH/475>)

Same as [CS 475](<https://catalog.illinois.edu/search/?P=CS%20475>). See [CS 475](<https://catalog.illinois.edu/search/?P=CS%20475>).",https://catalog.illinois.edu/courses-of-instruction/math/,2026–2027
MATH 481,MATH,481,Vector and Tensor Analysis,"3 or 4 Hours
3 or 4 undergraduate hours. 3 or 4 graduate hours.","Introductory course in modern differential geometry focusing on examples, broadly aimed at students in mathematics, the sciences, and engineering. Emphasis on rigorously presented concepts, tools and ideas rather than on proofs. The topics covered include differentiable manifolds, tangent spaces and orientability; vector and tensor fields; differential forms; integration on manifolds and Generalized Stokes Theorem; Riemannian metrics, Riemannian connections and geodesics. Applications to configuration and phase spaces, Maxwell equations and relativity theory will be discussed. 4 hours of credit requires approval of the instructor and department with completion of additional work of substance. 3 or 4 undergraduate hours. 3 or 4 graduate hours. Prerequisite: MATH 241 and one of MATH 257, MATH 415, or MATH 416.","Prerequisite: MATH 241 and one of MATH 257, MATH 415, or MATH 416.",,,,,,"[MATH 481 Vector and Tensor Analysis credit: 3 or 4 Hours.](<https://courses.illinois.edu/schedule/terms/MATH/481>)

Introductory course in modern differential geometry focusing on examples, broadly aimed at students in mathematics, the sciences, and engineering. Emphasis on rigorously presented concepts, tools and ideas rather than on proofs. The topics covered include differentiable manifolds, tangent spaces and orientability; vector and tensor fields; differential forms; integration on manifolds and Generalized Stokes Theorem; Riemannian metrics, Riemannian connections and geodesics. Applications to configuration and phase spaces, Maxwell equations and relativity theory will be discussed. 4 hours of credit requires approval of the instructor and department with completion of additional work of substance. 3 or 4 undergraduate hours. 3 or 4 graduate hours. Prerequisite: [MATH 241](<https://catalog.illinois.edu/search/?P=MATH%20241>) and one of [MATH 257](<https://catalog.illinois.edu/search/?P=MATH%20257>), [MATH 415](<https://catalog.illinois.edu/search/?P=MATH%20415>), or [MATH 416](<https://catalog.illinois.edu/search/?P=MATH%20416>).",https://catalog.illinois.edu/courses-of-instruction/math/,2026–2027
MATH 482,MATH,482,Linear Programming,"3 or 4 Hours
3 or 4 undergraduate hours. 3 or 4 graduate hours.","Rigorous introduction to a wide range of topics in optimization, including a thorough treatment of basic ideas of linear programming, with additional topics drawn from numerical considerations, linear complementarity, integer programming and networks, polyhedral methods. 4 hours of credit requires approval of the instructor and department with completion of additional work of substance. 3 or 4 undergraduate hours. 3 or 4 graduate hours. Prerequisite: ASRM 406, MATH 257, MATH 415, or MATH 416.","Prerequisite: ASRM 406, MATH 257, MATH 415, or MATH 416.",,,,,,"[MATH 482 Linear Programming credit: 3 or 4 Hours.](<https://courses.illinois.edu/schedule/terms/MATH/482>)

Rigorous introduction to a wide range of topics in optimization, including a thorough treatment of basic ideas of linear programming, with additional topics drawn from numerical considerations, linear complementarity, integer programming and networks, polyhedral methods. 4 hours of credit requires approval of the instructor and department with completion of additional work of substance. 3 or 4 undergraduate hours. 3 or 4 graduate hours. Prerequisite: [ASRM 406](<https://catalog.illinois.edu/search/?P=ASRM%20406>), [MATH 257](<https://catalog.illinois.edu/search/?P=MATH%20257>), [MATH 415](<https://catalog.illinois.edu/search/?P=MATH%20415>), or [MATH 416](<https://catalog.illinois.edu/search/?P=MATH%20416>).",https://catalog.illinois.edu/courses-of-instruction/math/,2026–2027
MATH 484,MATH,484,Nonlinear Programming,"3 or 4 Hours
3 or 4 undergraduate hours. 3 or 4 graduate hours.","Iterative and analytical solutions of constrained and unconstrained problems of optimization; gradient and conjugate gradient solution methods; Newton's method, Lagrange multipliers, duality and the Kuhn-Tucker theorem; and quadratic, convex, and geometric programming. 4 hours of credit requires approval of the instructor and department with completion of additional work of substance. 3 or 4 undergraduate hours. 3 or 4 graduate hours. Prerequisite: MATH 241 and one of MATH 257, MATH 415, or MATH 416.","Prerequisite: MATH 241 and one of MATH 257, MATH 415, or MATH 416.",,,,,,"[MATH 484 Nonlinear Programming credit: 3 or 4 Hours.](<https://courses.illinois.edu/schedule/terms/MATH/484>)

Iterative and analytical solutions of constrained and unconstrained problems of optimization; gradient and conjugate gradient solution methods; Newton's method, Lagrange multipliers, duality and the Kuhn-Tucker theorem; and quadratic, convex, and geometric programming. 4 hours of credit requires approval of the instructor and department with completion of additional work of substance. 3 or 4 undergraduate hours. 3 or 4 graduate hours. Prerequisite: [MATH 241](<https://catalog.illinois.edu/search/?P=MATH%20241>) and one of [MATH 257](<https://catalog.illinois.edu/search/?P=MATH%20257>), [MATH 415](<https://catalog.illinois.edu/search/?P=MATH%20415>), or [MATH 416](<https://catalog.illinois.edu/search/?P=MATH%20416>).",https://catalog.illinois.edu/courses-of-instruction/math/,2026–2027
MATH 487,MATH,487,Advanced Engineering Math,"3 or 4 Hours
3 undergraduate hours. 3 or 4 graduate hours.","Complex linear algebra, inner product spaces, Fourier transforms and analysis of boundary value problems, Sturm-Liouville theory. Same as ECE 493. 3 undergraduate hours. 3 or 4 graduate hours. Prerequisite: One of MATH 284, MATH 285, MATH 286, MATH 441.","Prerequisite: One of MATH 284, MATH 285, MATH 286, MATH 441.",,,,,,"[MATH 487 Advanced Engineering Math credit: 3 or 4 Hours.](<https://courses.illinois.edu/schedule/terms/MATH/487>)

Complex linear algebra, inner product spaces, Fourier transforms and analysis of boundary value problems, Sturm-Liouville theory. Same as [ECE 493](<https://catalog.illinois.edu/search/?P=ECE%20493>). 3 undergraduate hours. 3 or 4 graduate hours. Prerequisite: One of MATH 284, [MATH 285](<https://catalog.illinois.edu/search/?P=MATH%20285>), MATH 286, [MATH 441](<https://catalog.illinois.edu/search/?P=MATH%20441>).",https://catalog.illinois.edu/courses-of-instruction/math/,2026–2027
MATH 489,MATH,489,Dynamics & Differential Eqns,"3 or 4 Hours
3 or 4 undergraduate hours. 3 or 4 graduate hours.","Studies mathematical theory of dynamical systems, emphasizing both discrete-time dynamics and nonlinear systems of differential equations. Topics include: chaos, fractals, attractors, bifurcations, with application to areas such as population biology, fluid dynamics and classical physics. Basic knowledge of matrix theory will be assumed. 3 or 4 undergraduate hours. 3 or 4 graduate hours. 4 hours of credit requires approval of the instructor and completion of additional work of substance. Prerequisite: One of MATH 284, MATH 285, MATH 286, MATH 441.","Prerequisite: One of MATH 284, MATH 285, MATH 286, MATH 441.",,,,,,"[MATH 489 Dynamics & Differential Eqns credit: 3 or 4 Hours.](<https://courses.illinois.edu/schedule/terms/MATH/489>)

Studies mathematical theory of dynamical systems, emphasizing both discrete-time dynamics and nonlinear systems of differential equations. Topics include: chaos, fractals, attractors, bifurcations, with application to areas such as population biology, fluid dynamics and classical physics. Basic knowledge of matrix theory will be assumed. 3 or 4 undergraduate hours. 3 or 4 graduate hours. 4 hours of credit requires approval of the instructor and completion of additional work of substance. Prerequisite: One of MATH 284, [MATH 285](<https://catalog.illinois.edu/search/?P=MATH%20285>), MATH 286, [MATH 441](<https://catalog.illinois.edu/search/?P=MATH%20441>).",https://catalog.illinois.edu/courses-of-instruction/math/,2026–2027
MATH 490,MATH,490,Advanced Topics in Mathematics,"1 to 4 Hours
1 to 4 undergraduate hours. 1 to 4 graduate hours.",Deals with selected topics and applications of mathematics; see Class Schedule or department office for current topics. 1 to 4 undergraduate hours. 1 to 4 graduate hours. May be repeated with approval. Prerequisite: Consent of instructor.,Prerequisite: Consent of instructor.,,,,,,"[MATH 490 Advanced Topics in Mathematics credit: 1 to 4 Hours.](<https://courses.illinois.edu/schedule/terms/MATH/490>)

Deals with selected topics and applications of mathematics; see Class Schedule or department office for current topics. 1 to 4 undergraduate hours. 1 to 4 graduate hours. May be repeated with approval. Prerequisite: Consent of instructor.",https://catalog.illinois.edu/courses-of-instruction/math/,2026–2027
MATH 492,MATH,492,Undergraduate Research in Math,"1 to 3 Hours
1 to 3 undergraduate hours. No graduate credit.",Work closely with department faculty on a well-defined research project. Topics and nature of assistance vary. Capstone paper or computational project required. 1 to 3 undergraduate hours. No graduate credit. Approved for Letter and S/U grading. May be repeated in separate terms up to 8 hours. Prerequisite: Evidence of adequate preparation for such study; consent of faculty member supervising the work; and approval of the department head.,Prerequisite: Evidence of adequate preparation for such study; consent of faculty member supervising the work; and approval of the department head.,No graduate credit.,,,,,"[MATH 492 Undergraduate Research in Math credit: 1 to 3 Hours.](<https://courses.illinois.edu/schedule/terms/MATH/492>)

Work closely with department faculty on a well-defined research project. Topics and nature of assistance vary. Capstone paper or computational project required. 1 to 3 undergraduate hours. No graduate credit. Approved for Letter and S/U grading. May be repeated in separate terms up to 8 hours. Prerequisite: Evidence of adequate preparation for such study; consent of faculty member supervising the work; and approval of the department head.",https://catalog.illinois.edu/courses-of-instruction/math/,2026–2027
MATH 495,MATH,495,Models in Mathematical Biology,"3 or 4 Hours
3 undergraduate hours. 4 graduate hours.",Research-motivated subject material from Mathematical Biology with emphasis on modeling. 3 undergraduate hours. 4 graduate hours. Prerequisite: MATH 220 or equivalent.,Prerequisite: MATH 220 or equivalent.,,,,,,"[MATH 495 Models in Mathematical Biology credit: 3 or 4 Hours.](<https://courses.illinois.edu/schedule/terms/MATH/495>)

Research-motivated subject material from Mathematical Biology with emphasis on modeling. 3 undergraduate hours. 4 graduate hours. Prerequisite: [MATH 220](<https://catalog.illinois.edu/search/?P=MATH%20220>) or equivalent.",https://catalog.illinois.edu/courses-of-instruction/math/,2026–2027
MATH 499,MATH,499,Introduction Graduate Research,"1 Hour
1 undergraduate hour. 1 graduate hour.",Seminar is required of all first-year graduate students in Mathematics. It provides a general introduction to the courses and research work in all of the areas of mathematics that are represented at the University of Illinois at Urbana-Champaign. 1 undergraduate hour. 1 graduate hour. Approved for S/U grading only. May be repeated to a maximum of 2 hours. Prerequisite: Graduate standing or consent of instructor.,Prerequisite: Graduate standing or consent of instructor.,,,,,,"[MATH 499 Introduction Graduate Research credit: 1 Hour.](<https://courses.illinois.edu/schedule/terms/MATH/499>)

Seminar is required of all first-year graduate students in Mathematics. It provides a general introduction to the courses and research work in all of the areas of mathematics that are represented at the University of Illinois at Urbana-Champaign. 1 undergraduate hour. 1 graduate hour. Approved for S/U grading only. May be repeated to a maximum of 2 hours. Prerequisite: Graduate standing or consent of instructor.",https://catalog.illinois.edu/courses-of-instruction/math/,2026–2027
MATH 500,MATH,500,Abstract Algebra I,4 Hours,"Isomorphism theorems for groups. Group actions. Composition series. Jordan-Holder theorem. Solvable and nilpotent groups. Field extensions. Algebraic and transcendental extensions. Algebraic closures. Fundamental theorem of Galois theory, and applications. Modules over commutative rings. Structure of finitely generated modules over a principal ideal domain. Applications to finite Abelian groups and matrix canonical forms. Prerequisite: MATH 417 and MATH 418.",Prerequisite: MATH 417 and MATH 418.,,,,,,"[MATH 500 Abstract Algebra I credit: 4 Hours.](<https://courses.illinois.edu/schedule/terms/MATH/500>)

Isomorphism theorems for groups. Group actions. Composition series. Jordan-Holder theorem. Solvable and nilpotent groups. Field extensions. Algebraic and transcendental extensions. Algebraic closures. Fundamental theorem of Galois theory, and applications. Modules over commutative rings. Structure of finitely generated modules over a principal ideal domain. Applications to finite Abelian groups and matrix canonical forms. Prerequisite: [MATH 417](<https://catalog.illinois.edu/search/?P=MATH%20417>) and [MATH 418](<https://catalog.illinois.edu/search/?P=MATH%20418>).",https://catalog.illinois.edu/courses-of-instruction/math/,2026–2027
MATH 501,MATH,501,Abstract Algebra II,4 Hours,"Modules over non commutative rings. Direct sums and products. Direct and inverse limits. Categories and functors. Projective and injective modules. Noetherian and Artinian rings and modules. Semisimple modules. Wedderburn's theorem on semisimple Artinian rings. Application to representation theory of groups. Multilinear algebra, tensor products and flat modules. Tensor, symmetric and exterior algebras. Additional advanced topics. Prerequisite: MATH 500.",Prerequisite: MATH 500.,,,,,,"[MATH 501 Abstract Algebra II credit: 4 Hours.](<https://courses.illinois.edu/schedule/terms/MATH/501>)

Modules over non commutative rings. Direct sums and products. Direct and inverse limits. Categories and functors. Projective and injective modules. Noetherian and Artinian rings and modules. Semisimple modules. Wedderburn's theorem on semisimple Artinian rings. Application to representation theory of groups. Multilinear algebra, tensor products and flat modules. Tensor, symmetric and exterior algebras. Additional advanced topics. Prerequisite: [MATH 500](<https://catalog.illinois.edu/search/?P=MATH%20500>).",https://catalog.illinois.edu/courses-of-instruction/math/,2026–2027
MATH 502,MATH,502,Commutative Algebra,4 Hours,"Commutative rings and modules, prime ideals, localization, noetherian rings, primary decomposition, integral extensions and Noether normalization, the Nullstellensatz, dimension, flatness, Hensel's lemma, graded rings, Hilbert polynomial, valuations, regular rings, singularities, unique factorization, homological dimension, depth, completion. Possible further topics: smooth and etale extensions, ramification, Cohen-Macaulay modules, complete intersections. Prerequisite: MATH 501 or consent of instructor.",Prerequisite: MATH 501 or consent of instructor.,,,,,,"[MATH 502 Commutative Algebra credit: 4 Hours.](<https://courses.illinois.edu/schedule/terms/MATH/502>)

Commutative rings and modules, prime ideals, localization, noetherian rings, primary decomposition, integral extensions and Noether normalization, the Nullstellensatz, dimension, flatness, Hensel's lemma, graded rings, Hilbert polynomial, valuations, regular rings, singularities, unique factorization, homological dimension, depth, completion. Possible further topics: smooth and etale extensions, ramification, Cohen-Macaulay modules, complete intersections. Prerequisite: [MATH 501](<https://catalog.illinois.edu/search/?P=MATH%20501>) or consent of instructor.",https://catalog.illinois.edu/courses-of-instruction/math/,2026–2027
MATH 503,MATH,503,Intro Geometric Group Theory,4 Hours,"Free groups, groups given by generators and relations, van Kampen diagrams. Free product with amalgamations and HNN-extensions, Bass-Serre theory. Solvable and nilpotent groups. Quasi-isometries and geometric properties of groups. Prerequisite: MATH 500 or equivalent.",Prerequisite: MATH 500 or equivalent.,,,,,,"[MATH 503 Intro Geometric Group Theory credit: 4 Hours.](<https://courses.illinois.edu/schedule/terms/MATH/503>)

Free groups, groups given by generators and relations, van Kampen diagrams. Free product with amalgamations and HNN-extensions, Bass-Serre theory. Solvable and nilpotent groups. Quasi-isometries and geometric properties of groups. Prerequisite: [MATH 500](<https://catalog.illinois.edu/search/?P=MATH%20500>) or equivalent.",https://catalog.illinois.edu/courses-of-instruction/math/,2026–2027
MATH 506,MATH,506,Group Representation Theory,4 Hours,"Representation of groups by linear transformations, group algebras, character theory, and modular representations. Prerequisite: MATH 501 or equivalent.",Prerequisite: MATH 501 or equivalent.,,,,,,"[MATH 506 Group Representation Theory credit: 4 Hours.](<https://courses.illinois.edu/schedule/terms/MATH/506>)

Representation of groups by linear transformations, group algebras, character theory, and modular representations. Prerequisite: [MATH 501](<https://catalog.illinois.edu/search/?P=MATH%20501>) or equivalent.",https://catalog.illinois.edu/courses-of-instruction/math/,2026–2027
MATH 510,MATH,510,Riemann Surf & Algebraic Curv,4 Hours,"An introduction to Riemann Surfaces from both the algebraic and function-theoretic points of view. Topics include holomorphic and meromorphic differential forms, integration of differential forms, divisors and linear equivalence, the genus of a compact Riemann surface, projective algebraic curves, the Riemann-Roch theorem, and applications. Prerequisite: MATH 542.",Prerequisite: MATH 542.,,,,,,"[MATH 510 Riemann Surf & Algebraic Curv credit: 4 Hours.](<https://courses.illinois.edu/schedule/terms/MATH/510>)

An introduction to Riemann Surfaces from both the algebraic and function-theoretic points of view. Topics include holomorphic and meromorphic differential forms, integration of differential forms, divisors and linear equivalence, the genus of a compact Riemann surface, projective algebraic curves, the Riemann-Roch theorem, and applications. Prerequisite: [MATH 542](<https://catalog.illinois.edu/search/?P=MATH%20542>).",https://catalog.illinois.edu/courses-of-instruction/math/,2026–2027
MATH 511,MATH,511,Intro to Algebraic Geometry,4 Hours,"An introduction to the study of algebraic sets defined by polynomial equations; affine and projective space and their subvarieties; rational and regular functions and mappings; divisors, linear systems, and projective embeddings; birational geometry, blowing up; Grassmannians and other special varieties. Prerequisite: MATH 500.",Prerequisite: MATH 500.,,,,,,"[MATH 511 Intro to Algebraic Geometry credit: 4 Hours.](<https://courses.illinois.edu/schedule/terms/MATH/511>)

An introduction to the study of algebraic sets defined by polynomial equations; affine and projective space and their subvarieties; rational and regular functions and mappings; divisors, linear systems, and projective embeddings; birational geometry, blowing up; Grassmannians and other special varieties. Prerequisite: [MATH 500](<https://catalog.illinois.edu/search/?P=MATH%20500>).",https://catalog.illinois.edu/courses-of-instruction/math/,2026–2027
MATH 512,MATH,512,Modern Algebraic Geometry,4 Hours,"An introduction to the tools and ideas of contemporary algebraic geometry, with particular focus on the language of schemes. Prerequisite: MATH 500, and one of MATH 510, MATH 511, or consent of instructor.","Prerequisite: MATH 500, and one of MATH 510, MATH 511, or consent of instructor.",,,,,,"[MATH 512 Modern Algebraic Geometry credit: 4 Hours.](<https://courses.illinois.edu/schedule/terms/MATH/512>)

An introduction to the tools and ideas of contemporary algebraic geometry, with particular focus on the language of schemes. Prerequisite: [MATH 500](<https://catalog.illinois.edu/search/?P=MATH%20500>), and one of [MATH 510](<https://catalog.illinois.edu/search/?P=MATH%20510>), [MATH 511](<https://catalog.illinois.edu/search/?P=MATH%20511>), or consent of instructor.",https://catalog.illinois.edu/courses-of-instruction/math/,2026–2027
MATH 514,MATH,514,Complex Algebraic Geometry,4 Hours,"Hodge theory of complex manifolds; examples, applications, and topological invariants. Prerequisite: MATH 448 or consent of instructor.",Prerequisite: MATH 448 or consent of instructor.,,,,,,"[MATH 514 Complex Algebraic Geometry credit: 4 Hours.](<https://courses.illinois.edu/schedule/terms/MATH/514>)

Hodge theory of complex manifolds; examples, applications, and topological invariants. Prerequisite: [MATH 448](<https://catalog.illinois.edu/search/?P=MATH%20448>) or consent of instructor.",https://catalog.illinois.edu/courses-of-instruction/math/,2026–2027
MATH 518,MATH,518,Differentiable Manifolds I,4 Hours,"Definitions and properties of differentiable manifolds and maps, (co)tangent bundles, vector fields and flows, Frobenius theorem, differential forms, exterior derivatives, integration and Stokes' theorem, DeRham cohomology, inverse function theorem, Sard's theorem, transversality and intersection theory. Prerequisite: MATH 423 or MATH 481, or consent of instructor.","Prerequisite: MATH 423 or MATH 481, or consent of instructor.",,,,,,"[MATH 518 Differentiable Manifolds I credit: 4 Hours.](<https://courses.illinois.edu/schedule/terms/MATH/518>)

Definitions and properties of differentiable manifolds and maps, (co)tangent bundles, vector fields and flows, Frobenius theorem, differential forms, exterior derivatives, integration and Stokes' theorem, DeRham cohomology, inverse function theorem, Sard's theorem, transversality and intersection theory. Prerequisite: [MATH 423](<https://catalog.illinois.edu/search/?P=MATH%20423>) or [MATH 481](<https://catalog.illinois.edu/search/?P=MATH%20481>), or consent of instructor.",https://catalog.illinois.edu/courses-of-instruction/math/,2026–2027
MATH 519,MATH,519,Differentiable Manifolds II,4 Hours,"Vector bundles, principal bundles, connections, parallel transport, curvature, Chern-Weyl theory, Hodge-DeRham theory. Other topics may include Riemannian geometry, symplectic geometry, spin geometry, and harmonic maps. Prerequisite: MATH 518 or consent of instructor.",Prerequisite: MATH 518 or consent of instructor.,,,,,,"[MATH 519 Differentiable Manifolds II credit: 4 Hours.](<https://courses.illinois.edu/schedule/terms/MATH/519>)

Vector bundles, principal bundles, connections, parallel transport, curvature, Chern-Weyl theory, Hodge-DeRham theory. Other topics may include Riemannian geometry, symplectic geometry, spin geometry, and harmonic maps. Prerequisite: [MATH 518](<https://catalog.illinois.edu/search/?P=MATH%20518>) or consent of instructor.",https://catalog.illinois.edu/courses-of-instruction/math/,2026–2027
MATH 520,MATH,520,Symplectic Geometry,4 Hours,"Introduction to the foundational tools, ideas, examples and theorems of symplectic geometry. It is intended for PhD students studying symplectic geometry, Poisson geometry, and symplectic topology, as well as students in related areas such as dynamical systems, algebraic geometry, complex geometry and low dimensional topology. Covers the local and global structure of symplectic manifolds, their submanifolds, the special automorphisms they support (Hamiltonian flows), their natural boundaries (contact manifolds), their special geometric features (almost complex structures), and their symmetries. The last three weeks of the course will be devoted to a more advanced topic to be determined by the interests of both the instructor and the students. Approved for Letter and S/U grading. Prerequisite: MATH 518.",Prerequisite: MATH 518.,,,,,,"[MATH 520 Symplectic Geometry credit: 4 Hours.](<https://courses.illinois.edu/schedule/terms/MATH/520>)

Introduction to the foundational tools, ideas, examples and theorems of symplectic geometry. It is intended for PhD students studying symplectic geometry, Poisson geometry, and symplectic topology, as well as students in related areas such as dynamical systems, algebraic geometry, complex geometry and low dimensional topology. Covers the local and global structure of symplectic manifolds, their submanifolds, the special automorphisms they support (Hamiltonian flows), their natural boundaries (contact manifolds), their special geometric features (almost complex structures), and their symmetries. The last three weeks of the course will be devoted to a more advanced topic to be determined by the interests of both the instructor and the students. Approved for Letter and S/U grading. Prerequisite: [MATH 518](<https://catalog.illinois.edu/search/?P=MATH%20518>).",https://catalog.illinois.edu/courses-of-instruction/math/,2026–2027
MATH 522,MATH,522,Lie Groups and Lie Algebras I,4 Hours,"A general introduction to Lie groups and algebras and their representation theory. Theory of finite group representations, Lie groups as matrix groups, and as differentiable manifolds, Lie algebras as tangent spaces and as abstract objects, and their representations. Examples of the classical groups. May be repeated up to 8 hours. Prerequisite: Undergraduate linear algebra, abstract algebra, point set topology, differentiation on manifolds.","Prerequisite: Undergraduate linear algebra, abstract algebra, point set topology, differentiation on manifolds.",,,,,,"[MATH 522 Lie Groups and Lie Algebras I credit: 4 Hours.](<https://courses.illinois.edu/schedule/terms/MATH/522>)

A general introduction to Lie groups and algebras and their representation theory. Theory of finite group representations, Lie groups as matrix groups, and as differentiable manifolds, Lie algebras as tangent spaces and as abstract objects, and their representations. Examples of the classical groups. May be repeated up to 8 hours. Prerequisite: Undergraduate linear algebra, abstract algebra, point set topology, differentiation on manifolds.",https://catalog.illinois.edu/courses-of-instruction/math/,2026–2027
MATH 525,MATH,525,Algebraic Topology I,4 Hours,"Introduction to the study of topological spaces by means of algebraic invariants. Topics include the fundamental group, covering spaces and their classification, simplicial and singular homology, applications such as the Brouwer fixed point theorem and the Jordan curve theorem. Prerequisite: MATH 417 and MATH 448 or consent of instructor.",Prerequisite: MATH 417 and MATH 448 or consent of instructor.,,,,,,"[MATH 525 Algebraic Topology I credit: 4 Hours.](<https://courses.illinois.edu/schedule/terms/MATH/525>)

Introduction to the study of topological spaces by means of algebraic invariants. Topics include the fundamental group, covering spaces and their classification, simplicial and singular homology, applications such as the Brouwer fixed point theorem and the Jordan curve theorem. Prerequisite: [MATH 417](<https://catalog.illinois.edu/search/?P=MATH%20417>) and [MATH 448](<https://catalog.illinois.edu/search/?P=MATH%20448>) or consent of instructor.",https://catalog.illinois.edu/courses-of-instruction/math/,2026–2027
MATH 526,MATH,526,Algebraic Topology II,4 Hours,"CW-complexes, relative homeomorphism theorem, cellular homology, cohomology, Kunneth theorem, Eilenberg-Zilber theorem, cup products, Poincare duality, examples. Prerequisite: MATH 525, MATH 500; or consent of instructor. MATH 501 is recommended but not required.","Prerequisite: MATH 525, MATH 500; or consent of instructor.",,,,,,"[MATH 526 Algebraic Topology II credit: 4 Hours.](<https://courses.illinois.edu/schedule/terms/MATH/526>)

CW-complexes, relative homeomorphism theorem, cellular homology, cohomology, Kunneth theorem, Eilenberg-Zilber theorem, cup products, Poincare duality, examples. Prerequisite: [MATH 525](<https://catalog.illinois.edu/search/?P=MATH%20525>), [MATH 500](<https://catalog.illinois.edu/search/?P=MATH%20500>); or consent of instructor. [MATH 501](<https://catalog.illinois.edu/search/?P=MATH%20501>) is recommended but not required.",https://catalog.illinois.edu/courses-of-instruction/math/,2026–2027
MATH 527,MATH,527,Homotopy Theory,4 Hours,"Homotopy groups, fibrations and cofibrations, Hurewicz theorem, obstruction theory, Whitehead theorem and additional topics perhaps drawn from Postnikov towers, Freudenthal suspension theorem, Blakers-Massey theorem, spectra. Prerequisite: MATH 526. MATH 501 is recommended but not required.",Prerequisite: MATH 526.,,,,,,"[MATH 527 Homotopy Theory credit: 4 Hours.](<https://courses.illinois.edu/schedule/terms/MATH/527>)

Homotopy groups, fibrations and cofibrations, Hurewicz theorem, obstruction theory, Whitehead theorem and additional topics perhaps drawn from Postnikov towers, Freudenthal suspension theorem, Blakers-Massey theorem, spectra. Prerequisite: [MATH 526](<https://catalog.illinois.edu/search/?P=MATH%20526>). [MATH 501](<https://catalog.illinois.edu/search/?P=MATH%20501>) is recommended but not required.",https://catalog.illinois.edu/courses-of-instruction/math/,2026–2027
MATH 530,MATH,530,Algebraic Number Theory,4 Hours,"Further development of the theory of fields covering topics from valuation theory, ideal theory, units in algebraic number fields, ramification, function fields, and local class field theory. Prerequisite: MATH 500 or equivalent.",Prerequisite: MATH 500 or equivalent.,,,,,,"[MATH 530 Algebraic Number Theory credit: 4 Hours.](<https://courses.illinois.edu/schedule/terms/MATH/530>)

Further development of the theory of fields covering topics from valuation theory, ideal theory, units in algebraic number fields, ramification, function fields, and local class field theory. Prerequisite: [MATH 500](<https://catalog.illinois.edu/search/?P=MATH%20500>) or equivalent.",https://catalog.illinois.edu/courses-of-instruction/math/,2026–2027
MATH 531,MATH,531,Analytic Theory of Numbers I,4 Hours,"Problems in number theory treated by methods of analysis; arithmetic functions, Dirichlet series, Riemann zeta function, L-functions, Dirichlet's theorem on primes in progressions, the prime number theorem. Prerequisite: MATH 448 and either MATH 417 or MATH 453.",Prerequisite: MATH 448 and either MATH 417 or MATH 453.,,,,,,"[MATH 531 Analytic Theory of Numbers I credit: 4 Hours.](<https://courses.illinois.edu/schedule/terms/MATH/531>)

Problems in number theory treated by methods of analysis; arithmetic functions, Dirichlet series, Riemann zeta function, L-functions, Dirichlet's theorem on primes in progressions, the prime number theorem. Prerequisite: [MATH 448](<https://catalog.illinois.edu/search/?P=MATH%20448>) and either [MATH 417](<https://catalog.illinois.edu/search/?P=MATH%20417>) or [MATH 453](<https://catalog.illinois.edu/search/?P=MATH%20453>).",https://catalog.illinois.edu/courses-of-instruction/math/,2026–2027
MATH 532,MATH,532,Analytic Theory of Numbers II,4 Hours,"Development of themes from MATH 531 and further topics chosen from additive number theory, asymptotic properties of multiplicative functions, circle method, diophantine approximation, lattice point problems, metric theory, modular forms, sieve theory. May be repeated. Prerequisite: MATH 531.",Prerequisite: MATH 531.,,,,,,"[MATH 532 Analytic Theory of Numbers II credit: 4 Hours.](<https://courses.illinois.edu/schedule/terms/MATH/532>)

Development of themes from [MATH 531](<https://catalog.illinois.edu/search/?P=MATH%20531>) and further topics chosen from additive number theory, asymptotic properties of multiplicative functions, circle method, diophantine approximation, lattice point problems, metric theory, modular forms, sieve theory. May be repeated. Prerequisite: [MATH 531](<https://catalog.illinois.edu/search/?P=MATH%20531>).",https://catalog.illinois.edu/courses-of-instruction/math/,2026–2027
MATH 535,MATH,535,General Topology,4 Hours,"Study of topological spaces and maps, including Cartesian products, identifications, connectedness, compactness, uniform spaces, and function spaces. Prerequisite: Consent of instructor.",Prerequisite: Consent of instructor.,,,,,,"[MATH 535 General Topology credit: 4 Hours.](<https://courses.illinois.edu/schedule/terms/MATH/535>)

Study of topological spaces and maps, including Cartesian products, identifications, connectedness, compactness, uniform spaces, and function spaces. Prerequisite: Consent of instructor.",https://catalog.illinois.edu/courses-of-instruction/math/,2026–2027
MATH 540,MATH,540,Real Analysis,4 Hours,Lebesgue measure on the real line; integration and differentiation of real valued functions of a real variable; and additional topics at discretion of instructor. Prerequisite: MATH 447 or equivalent.,Prerequisite: MATH 447 or equivalent.,,,,,,"[MATH 540 Real Analysis credit: 4 Hours.](<https://courses.illinois.edu/schedule/terms/MATH/540>)

Lebesgue measure on the real line; integration and differentiation of real valued functions of a real variable; and additional topics at discretion of instructor. Prerequisite: [MATH 447](<https://catalog.illinois.edu/search/?P=MATH%20447>) or equivalent.",https://catalog.illinois.edu/courses-of-instruction/math/,2026–2027
MATH 541,MATH,541,Functional Analysis,4 Hours,Fundamental results in functional analysis; spectral theory of compact operators; further topics chosen by the instructor. Prerequisite: MATH 540.,Prerequisite: MATH 540.,,,,,,"[MATH 541 Functional Analysis credit: 4 Hours.](<https://courses.illinois.edu/schedule/terms/MATH/541>)

Fundamental results in functional analysis; spectral theory of compact operators; further topics chosen by the instructor. Prerequisite: [MATH 540](<https://catalog.illinois.edu/search/?P=MATH%20540>).",https://catalog.illinois.edu/courses-of-instruction/math/,2026–2027
MATH 542,MATH,542,Complex Variables I,4 Hours,"Topics include the Cauchy theory, harmonic functions, entire and meromorphic functions, and the Riemann mapping theorem. Prerequisite: MATH 446 and MATH 447, or MATH 448.","Prerequisite: MATH 446 and MATH 447, or MATH 448.",,,,,,"[MATH 542 Complex Variables I credit: 4 Hours.](<https://courses.illinois.edu/schedule/terms/MATH/542>)

Topics include the Cauchy theory, harmonic functions, entire and meromorphic functions, and the Riemann mapping theorem. Prerequisite: [MATH 446](<https://catalog.illinois.edu/search/?P=MATH%20446>) and [MATH 447](<https://catalog.illinois.edu/search/?P=MATH%20447>), or [MATH 448](<https://catalog.illinois.edu/search/?P=MATH%20448>).",https://catalog.illinois.edu/courses-of-instruction/math/,2026–2027
MATH 545,MATH,545,Harmonic Analysis,4 Hours,"Harmonic analysis on the circle, the line, and the integers, i.e., Fourier series and transforms; locally compact Abelian groups; convergence and summability; conjugate functions; Hardy spaces; uniqueness; Tauberian theorems; almost-periodic functions; commutative Banach algebras. Prerequisite: MATH 448 and MATH 541; knowledge of Banach spaces.",Prerequisite: MATH 448 and MATH 541; knowledge of Banach spaces.,,,,,,"[MATH 545 Harmonic Analysis credit: 4 Hours.](<https://courses.illinois.edu/schedule/terms/MATH/545>)

Harmonic analysis on the circle, the line, and the integers, i.e., Fourier series and transforms; locally compact Abelian groups; convergence and summability; conjugate functions; Hardy spaces; uniqueness; Tauberian theorems; almost-periodic functions; commutative Banach algebras. Prerequisite: [MATH 448](<https://catalog.illinois.edu/search/?P=MATH%20448>) and [MATH 541](<https://catalog.illinois.edu/search/?P=MATH%20541>); knowledge of Banach spaces.",https://catalog.illinois.edu/courses-of-instruction/math/,2026–2027
MATH 546,MATH,546,Hilbert Spaces,4 Hours,"Geometrical properties of Hilbert spaces, spectral theorems for compact, bounded and unbounded operators, basic theory of operator algebras, and additional material depending on the instructor. Prerequisite: MATH 541.",Prerequisite: MATH 541.,,,,,,"[MATH 546 Hilbert Spaces credit: 4 Hours.](<https://courses.illinois.edu/schedule/terms/MATH/546>)

Geometrical properties of Hilbert spaces, spectral theorems for compact, bounded and unbounded operators, basic theory of operator algebras, and additional material depending on the instructor. Prerequisite: [MATH 541](<https://catalog.illinois.edu/search/?P=MATH%20541>).",https://catalog.illinois.edu/courses-of-instruction/math/,2026–2027
MATH 547,MATH,547,Banach Spaces,4 Hours,"Basic properties and fundamental theorems of Banach spaces and bounded linear maps, trace duality, absolutely summing maps, local theory, type and cotype, probabilistic techniques in Banach spaces, and further topics depending on the instructor. Prerequisite: MATH 541.",Prerequisite: MATH 541.,,,,,,"[MATH 547 Banach Spaces credit: 4 Hours.](<https://courses.illinois.edu/schedule/terms/MATH/547>)

Basic properties and fundamental theorems of Banach spaces and bounded linear maps, trace duality, absolutely summing maps, local theory, type and cotype, probabilistic techniques in Banach spaces, and further topics depending on the instructor. Prerequisite: [MATH 541](<https://catalog.illinois.edu/search/?P=MATH%20541>).",https://catalog.illinois.edu/courses-of-instruction/math/,2026–2027
MATH 550,MATH,550,Dynamical Systems I,4 Hours,"An introduction to the study of dynamical systems. Considers continuous and discrete dynamical systems at a sophisticated level: differential equations, flows and maps on Euclidean space and other manifolds. Emphasis will be placed on the fundamental theoretical concepts and the interaction between the geometry and topology of manifolds and global flows. Discrete dynamics includes Bernoulli shifts, elementary Anosov diffeomorphisms and surfaces of sections of flows. Bifurcation phenomena in both continuous and discrete dynamics will be studied. Prerequisite: MATH 489 or consent of instructor.",Prerequisite: MATH 489 or consent of instructor.,,,,,,"[MATH 550 Dynamical Systems I credit: 4 Hours.](<https://courses.illinois.edu/schedule/terms/MATH/550>)

An introduction to the study of dynamical systems. Considers continuous and discrete dynamical systems at a sophisticated level: differential equations, flows and maps on Euclidean space and other manifolds. Emphasis will be placed on the fundamental theoretical concepts and the interaction between the geometry and topology of manifolds and global flows. Discrete dynamics includes Bernoulli shifts, elementary Anosov diffeomorphisms and surfaces of sections of flows. Bifurcation phenomena in both continuous and discrete dynamics will be studied. Prerequisite: [MATH 489](<https://catalog.illinois.edu/search/?P=MATH%20489>) or consent of instructor.",https://catalog.illinois.edu/courses-of-instruction/math/,2026–2027
MATH 552,MATH,552,Numerical Methods for PDEs,4 Hours,Same as CS 555 and CSE 510. See CS 555.,,,,,,,"[MATH 552 Numerical Methods for PDEs credit: 4 Hours.](<https://courses.illinois.edu/schedule/terms/MATH/552>)

Same as [CS 555](<https://catalog.illinois.edu/search/?P=CS%20555>) and [CSE 510](<https://catalog.illinois.edu/search/?P=CSE%20510>). See [CS 555](<https://catalog.illinois.edu/search/?P=CS%20555>).",https://catalog.illinois.edu/courses-of-instruction/math/,2026–2027
MATH 553,MATH,553,Partial Differential Equations,4 Hours,"Basic introduction to the study of partial differential equations; topics include: the Cauchy problem, power-series methods, characteristics, classification, canonical forms, well-posed problems, Riemann's method for hyperbolic equations, the Goursat problem, the wave equation, Sturm-Liouville problems and separation of variables, Fourier series, the heat equation, integral transforms, Laplace's equation, harmonic functions, potential theory, the Dirichlet and Neumann problems, and Green's functions. Prerequisite: Consent of instructor.",Prerequisite: Consent of instructor.,,,,,,"[MATH 553 Partial Differential Equations credit: 4 Hours.](<https://courses.illinois.edu/schedule/terms/MATH/553>)

Basic introduction to the study of partial differential equations; topics include: the Cauchy problem, power-series methods, characteristics, classification, canonical forms, well-posed problems, Riemann's method for hyperbolic equations, the Goursat problem, the wave equation, Sturm-Liouville problems and separation of variables, Fourier series, the heat equation, integral transforms, Laplace's equation, harmonic functions, potential theory, the Dirichlet and Neumann problems, and Green's functions. Prerequisite: Consent of instructor.",https://catalog.illinois.edu/courses-of-instruction/math/,2026–2027
MATH 554,MATH,554,Linear Analysis and Partial Differential Equations,4 Hours,"Course will provide students with the basic background in linear analysis associated with partial differential equations. The specific topics chosen will be largely up to the instructor, but will cover such areas as linear partial differential operators, distribution theory and test functions, Fourier transforms, Sobolev spaces, pseudodifferential operators, microlocal analysis, and applications of the above topics. Prerequisite: MATH 553 or consent of instructor.",Prerequisite: MATH 553 or consent of instructor.,,,,,,"[MATH 554 Linear Analysis and Partial Differential Equations credit: 4 Hours.](<https://courses.illinois.edu/schedule/terms/MATH/554>)

Course will provide students with the basic background in linear analysis associated with partial differential equations. The specific topics chosen will be largely up to the instructor, but will cover such areas as linear partial differential operators, distribution theory and test functions, Fourier transforms, Sobolev spaces, pseudodifferential operators, microlocal analysis, and applications of the above topics. Prerequisite: [MATH 553](<https://catalog.illinois.edu/search/?P=MATH%20553>) or consent of instructor.",https://catalog.illinois.edu/courses-of-instruction/math/,2026–2027
MATH 558,MATH,558,Methods of Applied Mathematics,4 Hours,"Introduction to modern methods of applied mathematics, including nondimensionalization and scaling analysis, regular and singular asymptotics, analysis of multiscale systems, and analysis of complex systems. Each technique is illustrated with applications from science and engineering. The mathematical frameworks will include ordinary, partial and stochastic differential equations, point processes, and Markov chains. Prerequisite: Undergraduate background in ODEs, PDEs, and probability theory (MATH 441, MATH 442, and MATH 461, or equivalents), or consent of instructor.","Prerequisite: Undergraduate background in ODEs, PDEs, and probability theory (MATH 441, MATH 442, and MATH 461, or equivalents), or consent of instructor.",,,,,,"[MATH 558 Methods of Applied Mathematics credit: 4 Hours.](<https://courses.illinois.edu/schedule/terms/MATH/558>)

Introduction to modern methods of applied mathematics, including nondimensionalization and scaling analysis, regular and singular asymptotics, analysis of multiscale systems, and analysis of complex systems. Each technique is illustrated with applications from science and engineering. The mathematical frameworks will include ordinary, partial and stochastic differential equations, point processes, and Markov chains. Prerequisite: Undergraduate background in ODEs, PDEs, and probability theory ([MATH 441](<https://catalog.illinois.edu/search/?P=MATH%20441>), [MATH 442](<https://catalog.illinois.edu/search/?P=MATH%20442>), and [MATH 461](<https://catalog.illinois.edu/search/?P=MATH%20461>), or equivalents), or consent of instructor.",https://catalog.illinois.edu/courses-of-instruction/math/,2026–2027
MATH 561,MATH,561,Theory of Probability I,4 Hours,"Mathematical foundations of probability and stochastic processes; probability measures, random variables, distribution functions, convergence theory, the Central Limit Theorem, conditional expectation, and martingale theory. Same as STAT 551. Prerequisite: MATH 540 or consent of instructor.",Prerequisite: MATH 540 or consent of instructor.,,,,,,"[MATH 561 Theory of Probability I credit: 4 Hours.](<https://courses.illinois.edu/schedule/terms/MATH/561>)

Mathematical foundations of probability and stochastic processes; probability measures, random variables, distribution functions, convergence theory, the Central Limit Theorem, conditional expectation, and martingale theory. Same as [STAT 551](<https://catalog.illinois.edu/search/?P=STAT%20551>). Prerequisite: [MATH 540](<https://catalog.illinois.edu/search/?P=MATH%20540>) or consent of instructor.",https://catalog.illinois.edu/courses-of-instruction/math/,2026–2027
MATH 562,MATH,562,Theory of Probability II,4 Hours,Continuation of MATH 561. Same as STAT 552. Prerequisite: MATH 561.,Prerequisite: MATH 561.,,,,,,"[MATH 562 Theory of Probability II credit: 4 Hours.](<https://courses.illinois.edu/schedule/terms/MATH/562>)

Continuation of [MATH 561](<https://catalog.illinois.edu/search/?P=MATH%20561>). Same as [STAT 552](<https://catalog.illinois.edu/search/?P=STAT%20552>). Prerequisite: [MATH 561](<https://catalog.illinois.edu/search/?P=MATH%20561>).",https://catalog.illinois.edu/courses-of-instruction/math/,2026–2027
MATH 564,MATH,564,Applied Stochastic Processes,4 Hours,"Introduction to topics such as spectral analysis, filtering theory, and prediction theory of stationary processes; Markov chains and Markov processes. Same as STAT 555. Prerequisite: MATH 446 and MATH 447.",Prerequisite: MATH 446 and MATH 447.,,,,,,"[MATH 564 Applied Stochastic Processes credit: 4 Hours.](<https://courses.illinois.edu/schedule/terms/MATH/564>)

Introduction to topics such as spectral analysis, filtering theory, and prediction theory of stationary processes; Markov chains and Markov processes. Same as [STAT 555](<https://catalog.illinois.edu/search/?P=STAT%20555>). Prerequisite: [MATH 446](<https://catalog.illinois.edu/search/?P=MATH%20446>) and [MATH 447](<https://catalog.illinois.edu/search/?P=MATH%20447>).",https://catalog.illinois.edu/courses-of-instruction/math/,2026–2027
MATH 570,MATH,570,Mathematical Logic,4 Hours,Development of first order predicate logic; completeness theorem; formalized number theory and the Godel incompleteness theorem. Prerequisite: MATH 417 or consent of instructor.,Prerequisite: MATH 417 or consent of instructor.,,,,,,"[MATH 570 Mathematical Logic credit: 4 Hours.](<https://courses.illinois.edu/schedule/terms/MATH/570>)

Development of first order predicate logic; completeness theorem; formalized number theory and the Godel incompleteness theorem. Prerequisite: [MATH 417](<https://catalog.illinois.edu/search/?P=MATH%20417>) or consent of instructor.",https://catalog.illinois.edu/courses-of-instruction/math/,2026–2027
MATH 571,MATH,571,Model Theory,4 Hours,"Techniques for constructing models, including compactness and Lowenheim-Skolem theorems, unions of elementary chains, and omitting types construction; categorical theories; ultraproducts; saturated models; quantifier elimination; applications to algebraically closed fields, real closed fields, and other fundamental structures of mathematics. Prerequisite: MATH 570 or consent of instructor.",Prerequisite: MATH 570 or consent of instructor.,,,,,,"[MATH 571 Model Theory credit: 4 Hours.](<https://courses.illinois.edu/schedule/terms/MATH/571>)

Techniques for constructing models, including compactness and Lowenheim-Skolem theorems, unions of elementary chains, and omitting types construction; categorical theories; ultraproducts; saturated models; quantifier elimination; applications to algebraically closed fields, real closed fields, and other fundamental structures of mathematics. Prerequisite: [MATH 570](<https://catalog.illinois.edu/search/?P=MATH%20570>) or consent of instructor.",https://catalog.illinois.edu/courses-of-instruction/math/,2026–2027
MATH 580,MATH,580,Combinatorial Mathematics,4 Hours,"Fundamental results on core topics of combinatorial mathematics: classical enumeration, basic graph theory, extremal problems on finite sets, probabilistic methods, design theory, discrete optimization. Same as CS 571. Prerequisite: Consent of instructor.",Prerequisite: Consent of instructor.,,,,,,"[MATH 580 Combinatorial Mathematics credit: 4 Hours.](<https://courses.illinois.edu/schedule/terms/MATH/580>)

Fundamental results on core topics of combinatorial mathematics: classical enumeration, basic graph theory, extremal problems on finite sets, probabilistic methods, design theory, discrete optimization. Same as [CS 571](<https://catalog.illinois.edu/search/?P=CS%20571>). Prerequisite: Consent of instructor.",https://catalog.illinois.edu/courses-of-instruction/math/,2026–2027
MATH 581,MATH,581,Extremal Graph Theory,4 Hours,"Extremal problems and parameters for graphs. Distance and connectivity, matching and factors, vertex and edge colorings, perfect and imperfect graphs, intersection classes and intersection parameters, Turan's theorem, graph Ramsey theory, graph decomposition and other extremal problems. Same as CS 572. Prerequisite: MATH 580 or consent of instructor.",Prerequisite: MATH 580 or consent of instructor.,,,,,,"[MATH 581 Extremal Graph Theory credit: 4 Hours.](<https://courses.illinois.edu/schedule/terms/MATH/581>)

Extremal problems and parameters for graphs. Distance and connectivity, matching and factors, vertex and edge colorings, perfect and imperfect graphs, intersection classes and intersection parameters, Turan's theorem, graph Ramsey theory, graph decomposition and other extremal problems. Same as [CS 572](<https://catalog.illinois.edu/search/?P=CS%20572>). Prerequisite: [MATH 580](<https://catalog.illinois.edu/search/?P=MATH%20580>) or consent of instructor.",https://catalog.illinois.edu/courses-of-instruction/math/,2026–2027
MATH 582,MATH,582,Structure of Graphs,4 Hours,"Structure of graphs and properties of special classes of graphs. Degree sequences and reconstruction, structure of k-connected graphs, Hamiltonian cycles and circumference, planar graphs and their properties, graph minors, cycle coverings, matroidal and algebraic aspects of graphs. Prerequisite: MATH 580 or consent of instructor.",Prerequisite: MATH 580 or consent of instructor.,,,,,,"[MATH 582 Structure of Graphs credit: 4 Hours.](<https://courses.illinois.edu/schedule/terms/MATH/582>)

Structure of graphs and properties of special classes of graphs. Degree sequences and reconstruction, structure of k-connected graphs, Hamiltonian cycles and circumference, planar graphs and their properties, graph minors, cycle coverings, matroidal and algebraic aspects of graphs. Prerequisite: [MATH 580](<https://catalog.illinois.edu/search/?P=MATH%20580>) or consent of instructor.",https://catalog.illinois.edu/courses-of-instruction/math/,2026–2027
MATH 584,MATH,584,Methods of Combinatorics,4 Hours,"Combinatorial methods and other mathematical methods for combinatorial problems. Enumeration by bijections and generating functions, probabilistic methods for existence proofs and asymptotic analysis, randomized algorithms, Ramsey's theorem and related topics, combinatorial designs and their applications, geometric problems and methods. Same as CS 575. Prerequisite: MATH 580 or consent of instructor.",Prerequisite: MATH 580 or consent of instructor.,,,,,,"[MATH 584 Methods of Combinatorics credit: 4 Hours.](<https://courses.illinois.edu/schedule/terms/MATH/584>)

Combinatorial methods and other mathematical methods for combinatorial problems. Enumeration by bijections and generating functions, probabilistic methods for existence proofs and asymptotic analysis, randomized algorithms, Ramsey's theorem and related topics, combinatorial designs and their applications, geometric problems and methods. Same as [CS 575](<https://catalog.illinois.edu/search/?P=CS%20575>). Prerequisite: [MATH 580](<https://catalog.illinois.edu/search/?P=MATH%20580>) or consent of instructor.",https://catalog.illinois.edu/courses-of-instruction/math/,2026–2027
MATH 585,MATH,585,Probabilistic Combinatorics,4 Hours,"Techniques and applications of probabilistic methods in combinatorics. Draws applications from a variety of areas, but emphasizes theoretical aspects of random graphs, including connectivity, trees & cycles, planarity, and coloring problems. Techniques include the second moment method, Lovasz Local Lemma, martingales, Talgrand's Inequality, the Rodl Nibble, and Szemeredi's Regularity Lemma. Applications may come from discrete geometry, coding theory, algorithms & complexity, additive number theory, percolation, positional games, etc. Prerequisite: MATH 580 or consent of instructor.",Prerequisite: MATH 580 or consent of instructor.,,,,,,"[MATH 585 Probabilistic Combinatorics credit: 4 Hours.](<https://courses.illinois.edu/schedule/terms/MATH/585>)

Techniques and applications of probabilistic methods in combinatorics. Draws applications from a variety of areas, but emphasizes theoretical aspects of random graphs, including connectivity, trees & cycles, planarity, and coloring problems. Techniques include the second moment method, Lovasz Local Lemma, martingales, Talgrand's Inequality, the Rodl Nibble, and Szemeredi's Regularity Lemma. Applications may come from discrete geometry, coding theory, algorithms & complexity, additive number theory, percolation, positional games, etc. Prerequisite: [MATH 580](<https://catalog.illinois.edu/search/?P=MATH%20580>) or consent of instructor.",https://catalog.illinois.edu/courses-of-instruction/math/,2026–2027
MATH 586,MATH,586,Algebraic Combinatorics,4 Hours,"Prepares students for research in modern algebraic combinatorics by focusing on its three principal components: enumerative techniques, symmetric functions, and multivariate polynomials. Prerequisite: MATH 580 or consent of instructor.",Prerequisite: MATH 580 or consent of instructor.,,,,,,"[MATH 586 Algebraic Combinatorics credit: 4 Hours.](<https://courses.illinois.edu/schedule/terms/MATH/586>)

Prepares students for research in modern algebraic combinatorics by focusing on its three principal components: enumerative techniques, symmetric functions, and multivariate polynomials. Prerequisite: [MATH 580](<https://catalog.illinois.edu/search/?P=MATH%20580>) or consent of instructor.",https://catalog.illinois.edu/courses-of-instruction/math/,2026–2027
MATH 593,MATH,593,Mathematical Internship,0 Hours,"Full-time or part-time practice of graduate-level mathematics in an off-campus government, industrial, or research laboratory environment. Summary report required. Approved for S/U grading only. May be repeated in separate terms.",,,,,,,"[MATH 593 Mathematical Internship credit: 0 Hours.](<https://courses.illinois.edu/schedule/terms/MATH/593>)

Full-time or part-time practice of graduate-level mathematics in an off-campus government, industrial, or research laboratory environment. Summary report required. Approved for S/U grading only. May be repeated in separate terms.",https://catalog.illinois.edu/courses-of-instruction/math/,2026–2027
MATH 595,MATH,595,Advanced Topics in Mathematics,1 to 4 Hours,See Class Schedule for current topics. May be repeated in the same or separate semesters. Prerequisite: Consent of instructor.,Prerequisite: Consent of instructor.,,,,,,"[MATH 595 Advanced Topics in Mathematics credit: 1 to 4 Hours.](<https://courses.illinois.edu/schedule/terms/MATH/595>)

See Class Schedule for current topics. May be repeated in the same or separate semesters. Prerequisite: Consent of instructor.",https://catalog.illinois.edu/courses-of-instruction/math/,2026–2027
MATH 597,MATH,597,Reading Course,1 to 8 Hours,"Independent study in Mathematics. Approved for Letter and S/U grading. May be repeated in the same or separate terms, with a maximum of 8 hours per semester. Prerequisite: Consent of instructor.",Prerequisite: Consent of instructor.,,,,,,"[MATH 597 Reading Course credit: 1 to 8 Hours.](<https://courses.illinois.edu/schedule/terms/MATH/597>)

Independent study in Mathematics. Approved for Letter and S/U grading. May be repeated in the same or separate terms, with a maximum of 8 hours per semester. Prerequisite: Consent of instructor.",https://catalog.illinois.edu/courses-of-instruction/math/,2026–2027
MATH 599,MATH,599,Thesis Research,0 to 16 Hours,Approved for S/U grading only. May be repeated in the same term or in separate terms. Prerequisite: Consent of instructor.,Prerequisite: Consent of instructor.,,,,,,"[MATH 599 Thesis Research credit: 0 to 16 Hours.](<https://courses.illinois.edu/schedule/terms/MATH/599>)

Approved for S/U grading only. May be repeated in the same term or in separate terms. Prerequisite: Consent of instructor.",https://catalog.illinois.edu/courses-of-instruction/math/,2026–2027
