course_code,subject,course_number,course_name,credits,description,prerequisites,credit_restrictions,gen_ed,total_students,total_sections,overall_gpa,catalog_text,source_url,catalog_year
PHYS 100,PHYS,100,Thinking About Physics,2 Hours,Conceptual and problem solving skills in preparation for PHYS 211: --analysis and mathematical descriptions of physical situations --understanding the meaning of the solutions Prerequisite: Credit or concurrent registration in MATH 220 or MATH 221.,Conceptual and problem solving skills in preparation for PHYS 211: --analysis and mathematical descriptions of physical situations --understanding the meaning of the solutions Prerequisite: Credit or concurrent registration in MATH 220 or MATH 221.,,,,,,"[PHYS 100 Thinking About Physics credit: 2 Hours.](<https://courses.illinois.edu/schedule/terms/PHYS/100>)

Conceptual and problem solving skills in preparation for [PHYS 211](<https://catalog.illinois.edu/search/?P=PHYS%20211>): --analysis and mathematical descriptions of physical situations --understanding the meaning of the solutions Prerequisite: Credit or concurrent registration in [MATH 220](<https://catalog.illinois.edu/search/?P=MATH%20220>) or [MATH 221](<https://catalog.illinois.edu/search/?P=MATH%20221>).",https://catalog.illinois.edu/courses-of-instruction/phys/,2026–2027
PHYS 101,PHYS,101,College Physics: Mech & Heat,5 Hours,"[IAI Code: P1900L] Newton's Laws, work and energy, rotational motion, fluids, thermodynamics, and waves. A noncalculus-based approach for majors in the life sciences, preprofessional health programs, agriculture, and veterinary medicine. Credit is not given toward graduation for: Credit is not given for both PHYS 101 and either PHYS 211 or PHYS 213. Prerequisite: Trigonometry.",Prerequisite: Trigonometry.,Credit is not given toward graduation for: Credit is not given for both PHYS 101 and either PHYS 211 or PHYS 213.,"Nat Sci & Tech - Phys Sciences
Quantitative Reasoning II",,,,"[PHYS 101 College Physics: Mech & Heat credit: 5 Hours.](<https://courses.illinois.edu/schedule/terms/PHYS/101>)

[IAI Code: P1900L] Newton's Laws, work and energy, rotational motion, fluids, thermodynamics, and waves. A noncalculus-based approach for majors in the life sciences, preprofessional health programs, agriculture, and veterinary medicine. Credit is not given toward graduation for: Credit is not given for both [PHYS 101](<https://catalog.illinois.edu/search/?P=PHYS%20101>) and either [PHYS 211](<https://catalog.illinois.edu/search/?P=PHYS%20211>) or [PHYS 213](<https://catalog.illinois.edu/search/?P=PHYS%20213>). Prerequisite: Trigonometry.
This course satisfies the General Education Criteria for:
Nat Sci & Tech - Phys Sciences
Quantitative Reasoning II",https://catalog.illinois.edu/courses-of-instruction/phys/,2026–2027
PHYS 102,PHYS,102,College Physics: E&M & Modern,5 Hours,"Electric forces and fields, electric potential, electric circuits, magnetic forces and fields, geometrical optics, relativity, and modern physics. A noncalculus-based approach for majors in the life sciences, preprofessional health programs, agriculture, and veterinary medicine. Credit is not given for both PHYS 102 and either PHYS 212 or PHYS 214. Prerequisite: PHYS 101.",Prerequisite: PHYS 101.,Credit is not given for both PHYS 102 and either PHYS 212 or PHYS 214.,"Nat Sci & Tech - Phys Sciences
Quantitative Reasoning II",,,,"[PHYS 102 College Physics: E&M & Modern credit: 5 Hours.](<https://courses.illinois.edu/schedule/terms/PHYS/102>)

Electric forces and fields, electric potential, electric circuits, magnetic forces and fields, geometrical optics, relativity, and modern physics. A noncalculus-based approach for majors in the life sciences, preprofessional health programs, agriculture, and veterinary medicine. Credit is not given for both [PHYS 102](<https://catalog.illinois.edu/search/?P=PHYS%20102>) and either [PHYS 212](<https://catalog.illinois.edu/search/?P=PHYS%20212>) or [PHYS 214](<https://catalog.illinois.edu/search/?P=PHYS%20214>). Prerequisite: [PHYS 101](<https://catalog.illinois.edu/search/?P=PHYS%20101>).
This course satisfies the General Education Criteria for:
Nat Sci & Tech - Phys Sciences
Quantitative Reasoning II",https://catalog.illinois.edu/courses-of-instruction/phys/,2026–2027
PHYS 110,PHYS,110,Physics Careers,0 Hours,"Exploration of careers founded on physics undergraduate training. Introduction to the Physics Department, faculty, research and curricula. Outside speaker presentations. Approved for S/U grading only.",,,,,,,"[PHYS 110 Physics Careers credit: 0 Hours.](<https://courses.illinois.edu/schedule/terms/PHYS/110>)

Exploration of careers founded on physics undergraduate training. Introduction to the Physics Department, faculty, research and curricula. Outside speaker presentations. Approved for S/U grading only.",https://catalog.illinois.edu/courses-of-instruction/phys/,2026–2027
PHYS 140,PHYS,140,How Things Work,3 Hours,"Nonmathematical approach underscoring the generality and ubiquity of basic physical laws in understanding commonplace phenomena: musical instruments, photography, electric and electronic circuits, television, motors, engines, etc. Credit is not given to engineering majors.",,Credit is not given to engineering majors.,,,,,"[PHYS 140 How Things Work credit: 3 Hours.](<https://courses.illinois.edu/schedule/terms/PHYS/140>)

Nonmathematical approach underscoring the generality and ubiquity of basic physical laws in understanding commonplace phenomena: musical instruments, photography, electric and electronic circuits, television, motors, engines, etc. Credit is not given to engineering majors.",https://catalog.illinois.edu/courses-of-instruction/phys/,2026–2027
PHYS 150,PHYS,150,Physics of Societal Issues,3 Hours,"[IAI Code: P1901] Physics topics and applications relevant in the modern world: energy, quantum mechanics, electricity and magnetism, nuclear physics, waves, light, and outer space. Application to satellites, alternative energy, medical imaging, radiation, nuclear weapons, climate change, and electronics. Emphasis on analytical thinking and the applicability to modern societal issues.",,,,,,,"[PHYS 150 Physics of Societal Issues credit: 3 Hours.](<https://courses.illinois.edu/schedule/terms/PHYS/150>)

[IAI Code: P1901] Physics topics and applications relevant in the modern world: energy, quantum mechanics, electricity and magnetism, nuclear physics, waves, light, and outer space. Application to satellites, alternative energy, medical imaging, radiation, nuclear weapons, climate change, and electronics. Emphasis on analytical thinking and the applicability to modern societal issues.",https://catalog.illinois.edu/courses-of-instruction/phys/,2026–2027
PHYS 199,PHYS,199,Undergraduate Open Seminar,0 to 5 Hours,Approved for letter and S/U grading. May be repeated.,,,,,,,"[PHYS 199 Undergraduate Open Seminar credit: 0 to 5 Hours.](<https://courses.illinois.edu/schedule/terms/PHYS/199>)

Approved for letter and S/U grading. May be repeated.",https://catalog.illinois.edu/courses-of-instruction/phys/,2026–2027
PHYS 211,PHYS,211,University Physics: Mechanics,4 Hours,"[IAI Code: P2900L and PHY911] Newton's Laws, work and energy, static properties and fluids, oscillations, transverse waves, systems of particles, and rotations. A calculus-based approach for majors in engineering, mathematics, physics and chemistry. Credit is not given toward graduation for: Credit is not given for both PHYS 211 and PHYS 101. Prerequisite: Credit or concurrent registration in MATH 231.",Prerequisite: Credit or concurrent registration in MATH 231.,Credit is not given toward graduation for: Credit is not given for both PHYS 211 and PHYS 101.,"Nat Sci & Tech - Phys Sciences
Quantitative Reasoning II",,,,"[PHYS 211 University Physics: Mechanics credit: 4 Hours.](<https://courses.illinois.edu/schedule/terms/PHYS/211>)

[IAI Code: P2900L and PHY911] Newton's Laws, work and energy, static properties and fluids, oscillations, transverse waves, systems of particles, and rotations. A calculus-based approach for majors in engineering, mathematics, physics and chemistry. Credit is not given toward graduation for: Credit is not given for both [PHYS 211](<https://catalog.illinois.edu/search/?P=PHYS%20211>) and [PHYS 101](<https://catalog.illinois.edu/search/?P=PHYS%20101>). Prerequisite: Credit or concurrent registration in [MATH 231](<https://catalog.illinois.edu/search/?P=MATH%20231>).
This course satisfies the General Education Criteria for:
Nat Sci & Tech - Phys Sciences
Quantitative Reasoning II",https://catalog.illinois.edu/courses-of-instruction/phys/,2026–2027
PHYS 212,PHYS,212,University Physics: Elec & Mag,4 Hours,"[IAI Code: PHY912] Coulomb's Law, electric fields, Gauss' Law, electric potential, capacitance, circuits, magnetic forces and fields, Ampere's law, induction, electromagnetic waves, polarization, and geometrical optics. A calculus-based approach for majors in engineering, mathematics, physics, and chemistry. Credit is not given toward graduation for: Credit is not given for both PHYS 212 and PHYS 102. Prerequisite: PHYS 211; credit or concurrent registration in MATH 241.",Prerequisite: PHYS 211; credit or concurrent registration in MATH 241.,Credit is not given toward graduation for: Credit is not given for both PHYS 212 and PHYS 102.,"Nat Sci & Tech - Phys Sciences
Quantitative Reasoning II",,,,"[PHYS 212 University Physics: Elec & Mag credit: 4 Hours.](<https://courses.illinois.edu/schedule/terms/PHYS/212>)

[IAI Code: PHY912] Coulomb's Law, electric fields, Gauss' Law, electric potential, capacitance, circuits, magnetic forces and fields, Ampere's law, induction, electromagnetic waves, polarization, and geometrical optics. A calculus-based approach for majors in engineering, mathematics, physics, and chemistry. Credit is not given toward graduation for: Credit is not given for both [PHYS 212](<https://catalog.illinois.edu/search/?P=PHYS%20212>) and [PHYS 102](<https://catalog.illinois.edu/search/?P=PHYS%20102>). Prerequisite: [PHYS 211](<https://catalog.illinois.edu/search/?P=PHYS%20211>); credit or concurrent registration in [MATH 241](<https://catalog.illinois.edu/search/?P=MATH%20241>).
This course satisfies the General Education Criteria for:
Nat Sci & Tech - Phys Sciences
Quantitative Reasoning II",https://catalog.illinois.edu/courses-of-instruction/phys/,2026–2027
PHYS 213,PHYS,213,Univ Physics: Thermal Physics,2 Hours,"First and second laws of thermodynamics including kinetic theory of gases, heat capacity, heat engines, introduction to entropy and statistical mechanics, and introduction to application of free energy and Boltzmann factor. A calculus-based approach for majors in engineering, mathematics, physics and chemistry. Credit is not given for both PHYS 213 and PHYS 101. Prerequisite: PHYS 211; credit or concurrent registration in MATH 241.",Prerequisite: PHYS 211; credit or concurrent registration in MATH 241.,Credit is not given for both PHYS 213 and PHYS 101.,,,,,"[PHYS 213 Univ Physics: Thermal Physics credit: 2 Hours.](<https://courses.illinois.edu/schedule/terms/PHYS/213>)

First and second laws of thermodynamics including kinetic theory of gases, heat capacity, heat engines, introduction to entropy and statistical mechanics, and introduction to application of free energy and Boltzmann factor. A calculus-based approach for majors in engineering, mathematics, physics and chemistry. Credit is not given for both [PHYS 213](<https://catalog.illinois.edu/search/?P=PHYS%20213>) and [PHYS 101](<https://catalog.illinois.edu/search/?P=PHYS%20101>). Prerequisite: [PHYS 211](<https://catalog.illinois.edu/search/?P=PHYS%20211>); credit or concurrent registration in [MATH 241](<https://catalog.illinois.edu/search/?P=MATH%20241>).",https://catalog.illinois.edu/courses-of-instruction/phys/,2026–2027
PHYS 214,PHYS,214,Univ Physics: Quantum Physics,2 Hours,"Interference and diffraction, photons and matter waves, the Bohr atom, uncertainty principle, and wave mechanics. A calculus-based course for majors in engineering, mathematics, physics, and chemistry. Credit is not given for both PHYS 214 and PHYS 102. Prerequisite: PHYS 212.",Prerequisite: PHYS 212.,Credit is not given for both PHYS 214 and PHYS 102.,,,,,"[PHYS 214 Univ Physics: Quantum Physics credit: 2 Hours.](<https://courses.illinois.edu/schedule/terms/PHYS/214>)

Interference and diffraction, photons and matter waves, the Bohr atom, uncertainty principle, and wave mechanics. A calculus-based course for majors in engineering, mathematics, physics, and chemistry. Credit is not given for both [PHYS 214](<https://catalog.illinois.edu/search/?P=PHYS%20214>) and [PHYS 102](<https://catalog.illinois.edu/search/?P=PHYS%20102>). Prerequisite: [PHYS 212](<https://catalog.illinois.edu/search/?P=PHYS%20212>).",https://catalog.illinois.edu/courses-of-instruction/phys/,2026–2027
PHYS 221,PHYS,221,Enrichment Mechanics,1 Hour,Supplement to PHYS 211 with a collaborative group learning approach to improving conceptual understanding and problem solving in introductory calculus-based mechanics. Prerequisite: PHYS 100; concurrent registration in PHYS 211.,Prerequisite: PHYS 100; concurrent registration in PHYS 211.,,,,,,"[PHYS 221 Enrichment Mechanics credit: 1 Hour.](<https://courses.illinois.edu/schedule/terms/PHYS/221>)

Supplement to [PHYS 211](<https://catalog.illinois.edu/search/?P=PHYS%20211>) with a collaborative group learning approach to improving conceptual understanding and problem solving in introductory calculus-based mechanics. Prerequisite: [PHYS 100](<https://catalog.illinois.edu/search/?P=PHYS%20100>); concurrent registration in [PHYS 211](<https://catalog.illinois.edu/search/?P=PHYS%20211>).",https://catalog.illinois.edu/courses-of-instruction/phys/,2026–2027
PHYS 222,PHYS,222,Enrichment E & M,1 Hour,Supplement to PHYS 212 with a collaborative group learning approach to improving conceptual understanding and problem solving in introductory calculus-based electricity & magnetism. Prerequisite: PHYS 100; concurrent registration in PHYS 212.,Prerequisite: PHYS 100; concurrent registration in PHYS 212.,,,,,,"[PHYS 222 Enrichment E & M credit: 1 Hour.](<https://courses.illinois.edu/schedule/terms/PHYS/222>)

Supplement to [PHYS 212](<https://catalog.illinois.edu/search/?P=PHYS%20212>) with a collaborative group learning approach to improving conceptual understanding and problem solving in introductory calculus-based electricity & magnetism. Prerequisite: [PHYS 100](<https://catalog.illinois.edu/search/?P=PHYS%20100>); concurrent registration in [PHYS 212](<https://catalog.illinois.edu/search/?P=PHYS%20212>).",https://catalog.illinois.edu/courses-of-instruction/phys/,2026–2027
PHYS 225,PHYS,225,Relativity & Math Applications,2 Hours,"Theory of Special Relativity, with applications to kinematics and dynamics. Key mathematical methods as they apply to aspects of electromagnetic theory and classical mechanics, including vector analysis, series expansions, matrices, Fourier analysis, partial differentiation, three-dimensional calculus, and simple differential equations. Prerequisite: Credit or concurrent registration in PHYS 212.",Prerequisite: Credit or concurrent registration in PHYS 212.,,,,,,"[PHYS 225 Relativity & Math Applications credit: 2 Hours.](<https://courses.illinois.edu/schedule/terms/PHYS/225>)

Theory of Special Relativity, with applications to kinematics and dynamics. Key mathematical methods as they apply to aspects of electromagnetic theory and classical mechanics, including vector analysis, series expansions, matrices, Fourier analysis, partial differentiation, three-dimensional calculus, and simple differential equations. Prerequisite: Credit or concurrent registration in [PHYS 212](<https://catalog.illinois.edu/search/?P=PHYS%20212>).",https://catalog.illinois.edu/courses-of-instruction/phys/,2026–2027
PHYS 246,PHYS,246,An Introduction to Modern Computational Physics,2 Hours,"Project-based course that explores computational algorithms to solve a selection of physics problems. Algorithmic methods include Monte Carlo, numerical integration, machine learning, and simulation of dynamical systems. Topics will be selected from application areas that include chaos, orbital motion, particle physics, quantum computation, climate and fluid dynamics. No prior programming experience is required. Approved for both Letter and S/U grading. Prerequisite: Concurrent enrollment in PHYS 225.",Prerequisite: Concurrent enrollment in PHYS 225.,,,,,,"[PHYS 246 An Introduction to Modern Computational Physics credit: 2 Hours.](<https://courses.illinois.edu/schedule/terms/PHYS/246>)

Project-based course that explores computational algorithms to solve a selection of physics problems. Algorithmic methods include Monte Carlo, numerical integration, machine learning, and simulation of dynamical systems. Topics will be selected from application areas that include chaos, orbital motion, particle physics, quantum computation, climate and fluid dynamics. No prior programming experience is required. Approved for both Letter and S/U grading. Prerequisite: Concurrent enrollment in [PHYS 225](<https://catalog.illinois.edu/search/?P=PHYS%20225>).",https://catalog.illinois.edu/courses-of-instruction/phys/,2026–2027
PHYS 280,PHYS,280,Nuclear Weapons & Arms Control,3 Hours,"Nontechnical analysis of the physics of nuclear weapons, nuclear weapon effects, delivery systems, and defenses against nuclear attack; presentation of current issues; basis for making informed judgments about nuclear armaments and arms control. Same as GLBL 280.",,,Advanced Composition,,,,"[PHYS 280 Nuclear Weapons & Arms Control credit: 3 Hours.](<https://courses.illinois.edu/schedule/terms/PHYS/280>)

Nontechnical analysis of the physics of nuclear weapons, nuclear weapon effects, delivery systems, and defenses against nuclear attack; presentation of current issues; basis for making informed judgments about nuclear armaments and arms control. Same as [GLBL 280](<https://catalog.illinois.edu/search/?P=GLBL%20280>).
This course satisfies the General Education Criteria for:
Advanced Composition",https://catalog.illinois.edu/courses-of-instruction/phys/,2026–2027
PHYS 298,PHYS,298,First-Year/Sophomore Special Topics in Physics,0 to 4 Hours,"Topical offerings of technical interest, skills, and knowledge in physics, and its practice, intended to augment the existing curriculum at the introductory level. Approved for Letter and S/U grading. May be repeated in separate terms up to 12 credit hours if topics vary. Prerequisite: See Class Schedule or departmental course information for topics and prerequisites. For students with first-year or sophomore standing.",Prerequisite: See Class Schedule or departmental course information for topics and prerequisites.,,,,,,"[PHYS 298 First-Year/Sophomore Special Topics in Physics credit: 0 to 4 Hours.](<https://courses.illinois.edu/schedule/terms/PHYS/298>)

Topical offerings of technical interest, skills, and knowledge in physics, and its practice, intended to augment the existing curriculum at the introductory level. Approved for Letter and S/U grading. May be repeated in separate terms up to 12 credit hours if topics vary. Prerequisite: See Class Schedule or departmental course information for topics and prerequisites. For students with first-year or sophomore standing.",https://catalog.illinois.edu/courses-of-instruction/phys/,2026–2027
PHYS 325,PHYS,325,Classical Mechanics I,3 Hours,"Kinematics and dynamics of classical systems, including a review of Newtonian kinematics and dynamics. Three dimensional motion, variable mass, and conservation laws; damped and periodically driven oscillations; gravitational potential of extended objects and motion in rotating frames of reference; Lagrangian and Hamiltonian mechanics. Prerequisite: PHYS 225; credit or concurrent registration in MATH 285 or MATH 286.",Prerequisite: PHYS 225; credit or concurrent registration in MATH 285 or MATH 286.,,,,,,"[PHYS 325 Classical Mechanics I credit: 3 Hours.](<https://courses.illinois.edu/schedule/terms/PHYS/325>)

Kinematics and dynamics of classical systems, including a review of Newtonian kinematics and dynamics. Three dimensional motion, variable mass, and conservation laws; damped and periodically driven oscillations; gravitational potential of extended objects and motion in rotating frames of reference; Lagrangian and Hamiltonian mechanics. Prerequisite: [PHYS 225](<https://catalog.illinois.edu/search/?P=PHYS%20225>); credit or concurrent registration in [MATH 285](<https://catalog.illinois.edu/search/?P=MATH%20285>) or MATH 286.",https://catalog.illinois.edu/courses-of-instruction/phys/,2026–2027
PHYS 326,PHYS,326,Classical Mechanics II,3 Hours,"Continuation of PHYS 325. Central force motion, collisions and scattering, rotational motion, coupled oscillations, continuous media, and fluid dynamics. Prerequisite: PHYS 325.",Prerequisite: PHYS 325.,,,,,,"[PHYS 326 Classical Mechanics II credit: 3 Hours.](<https://courses.illinois.edu/schedule/terms/PHYS/326>)

Continuation of [PHYS 325](<https://catalog.illinois.edu/search/?P=PHYS%20325>). Central force motion, collisions and scattering, rotational motion, coupled oscillations, continuous media, and fluid dynamics. Prerequisite: [PHYS 325](<https://catalog.illinois.edu/search/?P=PHYS%20325>).",https://catalog.illinois.edu/courses-of-instruction/phys/,2026–2027
PHYS 329,PHYS,329,Atmospheric Dynamics I,3 Hours,Same as ATMS 302. See ATMS 302.,,,,,,,"[PHYS 329 Atmospheric Dynamics I credit: 3 Hours.](<https://courses.illinois.edu/schedule/terms/PHYS/329>)

Same as [ATMS 302](<https://catalog.illinois.edu/search/?P=ATMS%20302>). See [ATMS 302](<https://catalog.illinois.edu/search/?P=ATMS%20302>).",https://catalog.illinois.edu/courses-of-instruction/phys/,2026–2027
PHYS 330,PHYS,330,Atmospheric Dynamics II,3 Hours,Same as ATMS 312. See ATMS 312.,,,,,,,"[PHYS 330 Atmospheric Dynamics II credit: 3 Hours.](<https://courses.illinois.edu/schedule/terms/PHYS/330>)

Same as [ATMS 312](<https://catalog.illinois.edu/search/?P=ATMS%20312>). See [ATMS 312](<https://catalog.illinois.edu/search/?P=ATMS%20312>).",https://catalog.illinois.edu/courses-of-instruction/phys/,2026–2027
PHYS 360,PHYS,360,Data Analysis for Physics,3 Hours,"A basic introduction to probability and data analysis from a physics perspective. The methods of extracting meaningful information from data using probability theory and statistical analyses will be presented. Additionally, students will gain familiarity with the concepts through programming exercises using Python notebooks. Topics to be covered include basics of statistics and probability theory, probability distributions, estimators, uncertainties, confidence intervals and hypothesis testing, Fourier, and Monte Carlo methods. Prerequisite: PHYS 211, PHYS 212, and PHYS 213.","Prerequisite: PHYS 211, PHYS 212, and PHYS 213.",,,,,,"[PHYS 360 Data Analysis for Physics credit: 3 Hours.](<https://courses.illinois.edu/schedule/terms/PHYS/360>)

A basic introduction to probability and data analysis from a physics perspective. The methods of extracting meaningful information from data using probability theory and statistical analyses will be presented. Additionally, students will gain familiarity with the concepts through programming exercises using Python notebooks. Topics to be covered include basics of statistics and probability theory, probability distributions, estimators, uncertainties, confidence intervals and hypothesis testing, Fourier, and Monte Carlo methods. Prerequisite: [PHYS 211](<https://catalog.illinois.edu/search/?P=PHYS%20211>), [PHYS 212](<https://catalog.illinois.edu/search/?P=PHYS%20212>), and [PHYS 213](<https://catalog.illinois.edu/search/?P=PHYS%20213>).",https://catalog.illinois.edu/courses-of-instruction/phys/,2026–2027
PHYS 370,PHYS,370,Introduction to Quantum Information and Computing,3 Hours,"Introduction to quantum information and computing for sophomores, juniors and seniors from any major. Self-contained description of quantum states and qubits, operators, measurements, tensor products, density matrices, quantum gates and circuits, and quantum computing/simulation algorithms. One of the key points of departure from classical physics, quantum entanglement, is threaded throughout all these topics including a dedicated discussion of Bell's theorem. Students will apply these basic aspects of quantum mechanics to program online quantum computers (e.g., IBM cloud) to gain insight into canonical algorithms such as Deutsch-Jozsa, Shor, and/or Grover as well as standard protocols such as teleportation and entanglement swapping. Prerequisite: PHYS 214.",Prerequisite: PHYS 214.,,,,,,"[PHYS 370 Introduction to Quantum Information and Computing credit: 3 Hours.](<https://courses.illinois.edu/schedule/terms/PHYS/370>)

Introduction to quantum information and computing for sophomores, juniors and seniors from any major. Self-contained description of quantum states and qubits, operators, measurements, tensor products, density matrices, quantum gates and circuits, and quantum computing/simulation algorithms. One of the key points of departure from classical physics, quantum entanglement, is threaded throughout all these topics including a dedicated discussion of Bell's theorem. Students will apply these basic aspects of quantum mechanics to program online quantum computers (e.g., IBM cloud) to gain insight into canonical algorithms such as Deutsch-Jozsa, Shor, and/or Grover as well as standard protocols such as teleportation and entanglement swapping. Prerequisite: [PHYS 214](<https://catalog.illinois.edu/search/?P=PHYS%20214>).",https://catalog.illinois.edu/courses-of-instruction/phys/,2026–2027
PHYS 371,PHYS,371,Project Design and Execution in a Physics Context,3 Hours,"Becoming the fearless toolsmith: you will address a real-world problem with your physicist’s insight and the tools of electrical and mechanical engineers. There will be IDEs and PCBs and 3-D printers, and the remarkable experience of working collaboratively alongside fellow students and course staff. Prerequisite: PHYS 212; CS 101 or CS 124 or PHYS 246, or else extensive experience with programming a high-level computer language obtained elsewhere.","Prerequisite: PHYS 212; CS 101 or CS 124 or PHYS 246, or else extensive experience with programming a high-level computer language obtained elsewhere.",,,,,,"[PHYS 371 Project Design and Execution in a Physics Context credit: 3 Hours.](<https://courses.illinois.edu/schedule/terms/PHYS/371>)

Becoming the fearless toolsmith: you will address a real-world problem with your physicist’s insight and the tools of electrical and mechanical engineers. There will be IDEs and PCBs and 3-D printers, and the remarkable experience of working collaboratively alongside fellow students and course staff. Prerequisite: [PHYS 212](<https://catalog.illinois.edu/search/?P=PHYS%20212>); [CS 101](<https://catalog.illinois.edu/search/?P=CS%20101>) or [CS 124](<https://catalog.illinois.edu/search/?P=CS%20124>) or [PHYS 246](<https://catalog.illinois.edu/search/?P=PHYS%20246>), or else extensive experience with programming a high-level computer language obtained elsewhere.",https://catalog.illinois.edu/courses-of-instruction/phys/,2026–2027
PHYS 394,PHYS,394,Pedagogy and Teaching Physics for Learning Assistants,2 Hours,"Designed to support Learning Assistants (LAs) who are working as instructional aids in lab or discussion sections of the introductory physics courses. Students will study pedagogical strategies for instructor-student interaction and philosophies guiding lab design and/or discussion problem creation. Prerequisite: Instructor Approval Required. Lab LAs must have successfully completed PHYS 101, PHYS 102, PHYS 211, or PHYS 212. Discussion LAs must have successfully completed PHYS 100 and PHYS 211.",Prerequisite: Instructor Approval Required.,,,,,,"[PHYS 394 Pedagogy and Teaching Physics for Learning Assistants credit: 2 Hours.](<https://courses.illinois.edu/schedule/terms/PHYS/394>)

Designed to support Learning Assistants (LAs) who are working as instructional aids in lab or discussion sections of the introductory physics courses. Students will study pedagogical strategies for instructor-student interaction and philosophies guiding lab design and/or discussion problem creation. Prerequisite: Instructor Approval Required. Lab LAs must have successfully completed [PHYS 101](<https://catalog.illinois.edu/search/?P=PHYS%20101>), [PHYS 102](<https://catalog.illinois.edu/search/?P=PHYS%20102>), [PHYS 211](<https://catalog.illinois.edu/search/?P=PHYS%20211>), or [PHYS 212](<https://catalog.illinois.edu/search/?P=PHYS%20212>). Discussion LAs must have successfully completed [PHYS 100](<https://catalog.illinois.edu/search/?P=PHYS%20100>) and [PHYS 211](<https://catalog.illinois.edu/search/?P=PHYS%20211>).",https://catalog.illinois.edu/courses-of-instruction/phys/,2026–2027
PHYS 395,PHYS,395,Studies on the Pedagogy and Structure of the Physics Learning Assistant Program,1 Hour,"Designed for students who have been Learning Assistants (LAs) in the lab sections of the introductory physics courses or in discussion sections of PHYS 100 and who have successfully completed PHYS 394. The goal of the course is to provide students the opportunity to pursue their interest in the Learning Assistant program by continuing working as assistants in the lab or discussions sections of the introductory physics courses and at the same time conduct a study on the program. At the end of the semester students present their work at the Expert LA symposium. May be repeated if topics vary, to a maximum of 2 credit hours. Prerequisite: PHYS 394.",Prerequisite: PHYS 394.,,,,,,"[PHYS 395 Studies on the Pedagogy and Structure of the Physics Learning Assistant Program credit: 1 Hour.](<https://courses.illinois.edu/schedule/terms/PHYS/395>)

Designed for students who have been Learning Assistants (LAs) in the lab sections of the introductory physics courses or in discussion sections of [PHYS 100](<https://catalog.illinois.edu/search/?P=PHYS%20100>) and who have successfully completed [PHYS 394](<https://catalog.illinois.edu/search/?P=PHYS%20394>). The goal of the course is to provide students the opportunity to pursue their interest in the Learning Assistant program by continuing working as assistants in the lab or discussions sections of the introductory physics courses and at the same time conduct a study on the program. At the end of the semester students present their work at the Expert LA symposium. May be repeated if topics vary, to a maximum of 2 credit hours. Prerequisite: [PHYS 394](<https://catalog.illinois.edu/search/?P=PHYS%20394>).",https://catalog.illinois.edu/courses-of-instruction/phys/,2026–2027
PHYS 398,PHYS,398,Sophomore/Junior Special Topics in Physics,1 to 4 Hours,"Topical offerings of technical interest, skills, and knowledge in physics, and its practice, intended to augment the existing curriculum at the intermediate level. Approved for Letter and S/U grading. May be repeated in separate terms up to 12 hours if topics vary. Prerequisite: See Class Schedule or departmental course information for topics and prerequisites. For students with sophomore or junior standing.",Prerequisite: See Class Schedule or departmental course information for topics and prerequisites.,,,,,,"[PHYS 398 Sophomore/Junior Special Topics in Physics credit: 1 to 4 Hours.](<https://courses.illinois.edu/schedule/terms/PHYS/398>)

Topical offerings of technical interest, skills, and knowledge in physics, and its practice, intended to augment the existing curriculum at the intermediate level. Approved for Letter and S/U grading. May be repeated in separate terms up to 12 hours if topics vary. Prerequisite: See Class Schedule or departmental course information for topics and prerequisites. For students with sophomore or junior standing.",https://catalog.illinois.edu/courses-of-instruction/phys/,2026–2027
PHYS 401,PHYS,401,Classical Physics Lab,"4 Hours
4 undergraduate hours. 4 graduate hours.","Experiments and techniques in classical mechanics and electromagnetism, emphasizing hands-on, skills-based learning. Dynamics of electrical and mechanical oscillators in both time and frequency domains. Measurements of electrostatic fields, transmission lines, EM waves, and radiation. Electromagnetic phenomena in dielectrics, conductors, and magnetic materials. Development of practical skills in experimental design, data acquisition, uncertainty quantification, numerical modeling, and scientific communication. 4 undergraduate hours. 4 graduate hours. Prerequisite: PHYS 325. Credit or concurrent enrollment in PHYS 435 or ECE 329.",Prerequisite: PHYS 325.,,,,,,"[PHYS 401 Classical Physics Lab credit: 4 Hours.](<https://courses.illinois.edu/schedule/terms/PHYS/401>)

Experiments and techniques in classical mechanics and electromagnetism, emphasizing hands-on, skills-based learning. Dynamics of electrical and mechanical oscillators in both time and frequency domains. Measurements of electrostatic fields, transmission lines, EM waves, and radiation. Electromagnetic phenomena in dielectrics, conductors, and magnetic materials. Development of practical skills in experimental design, data acquisition, uncertainty quantification, numerical modeling, and scientific communication. 4 undergraduate hours. 4 graduate hours. Prerequisite: [PHYS 325](<https://catalog.illinois.edu/search/?P=PHYS%20325>). Credit or concurrent enrollment in [PHYS 435](<https://catalog.illinois.edu/search/?P=PHYS%20435>) or [ECE 329](<https://catalog.illinois.edu/search/?P=ECE%20329>).",https://catalog.illinois.edu/courses-of-instruction/phys/,2026–2027
PHYS 402,PHYS,402,Light,"3 or 4 Hours
4 undergraduate hours. 3 or 4 graduate hours. (3 hours without lab).","Wave kinematics; geometrical optics: basic concepts, ray-tracing and matrix formalism, Gaussian imaging by thick lenses, stops, apertures, and intensity relations; interference; interference spectroscopy and coherence; diffraction: Fresnel-Kirchhoff formulation, Fraunhofer case, Fresnel case, and holography; polarized light. 4 undergraduate hours. 3 or 4 graduate hours. (3 hours without lab). Prerequisite: PHYS 214 and PHYS 435 or ECE 329.",Prerequisite: PHYS 214 and PHYS 435 or ECE 329.,,,,,,"[PHYS 402 Light credit: 3 or 4 Hours.](<https://courses.illinois.edu/schedule/terms/PHYS/402>)

Wave kinematics; geometrical optics: basic concepts, ray-tracing and matrix formalism, Gaussian imaging by thick lenses, stops, apertures, and intensity relations; interference; interference spectroscopy and coherence; diffraction: Fresnel-Kirchhoff formulation, Fraunhofer case, Fresnel case, and holography; polarized light. 4 undergraduate hours. 3 or 4 graduate hours. (3 hours without lab). Prerequisite: [PHYS 214](<https://catalog.illinois.edu/search/?P=PHYS%20214>) and [PHYS 435](<https://catalog.illinois.edu/search/?P=PHYS%20435>) or [ECE 329](<https://catalog.illinois.edu/search/?P=ECE%20329>).",https://catalog.illinois.edu/courses-of-instruction/phys/,2026–2027
PHYS 403,PHYS,403,Modern Experimental Physics,"4 or 5 Hours
5 undergraduate hours. 4 graduate hours.","Techniques and experiments in the physics of atoms, atomic nuclei, molecules, the solid state, and other areas of modern physical research. 5 undergraduate hours. 4 graduate hours. Prerequisite: Credit or concurrent registration in PHYS 485 or PHYS 486.",Prerequisite: Credit or concurrent registration in PHYS 485 or PHYS 486.,,,,,,"[PHYS 403 Modern Experimental Physics credit: 4 or 5 Hours.](<https://courses.illinois.edu/schedule/terms/PHYS/403>)

Techniques and experiments in the physics of atoms, atomic nuclei, molecules, the solid state, and other areas of modern physical research. 5 undergraduate hours. 4 graduate hours. Prerequisite: Credit or concurrent registration in [PHYS 485](<https://catalog.illinois.edu/search/?P=PHYS%20485>) or [PHYS 486](<https://catalog.illinois.edu/search/?P=PHYS%20486>).",https://catalog.illinois.edu/courses-of-instruction/phys/,2026–2027
PHYS 404,PHYS,404,Electronic Circuits,"4 or 5 Hours
5 undergraduate hours. 4 graduate hours.","Physics of semiconductor devices; theory and application of discrete and integrated devices in linear circuits; use of operational amplifiers and feedback; regulation, oscillators, and modulation; emphasizes practical experience. 5 undergraduate hours. 4 graduate hours. Prerequisite: PHYS 325.",Prerequisite: PHYS 325.,,,,,,"[PHYS 404 Electronic Circuits credit: 4 or 5 Hours.](<https://courses.illinois.edu/schedule/terms/PHYS/404>)

Physics of semiconductor devices; theory and application of discrete and integrated devices in linear circuits; use of operational amplifiers and feedback; regulation, oscillators, and modulation; emphasizes practical experience. 5 undergraduate hours. 4 graduate hours. Prerequisite: [PHYS 325](<https://catalog.illinois.edu/search/?P=PHYS%20325>).",https://catalog.illinois.edu/courses-of-instruction/phys/,2026–2027
PHYS 407,PHYS,407,Experimental Biological Physics,"4 Hours
4 undergraduate hours. 4 graduate hours.","For advanced undergraduate and graduate students in Physics interested in the connection between biology and physics (no prior biology experience needed). This course explores Nobel Prize-winning experiments in biological physics and quantitative biology. Students will learn important techniques, including: optical imaging beyond the diffraction limit; optical trapping of microorganisms and subcellular structures; optical detection using nitrogen vacancy centers; molecular biology and statistical analyses for testing evolutionary models; and computational prediction of protein folding. 4 undergraduate hours. 4 graduate hours. The course requires intermediate background in statistics and basic coding skills in Python or Matlab. Prerequisite: PHYS 213, PHYS 214, and PHYS 325 or equivalent; CS 101 or CS 124 or equivalent. This course is meant for undergraduate students of junior or senior standing, or graduate students in physics.","Prerequisite: PHYS 213, PHYS 214, and PHYS 325 or equivalent; CS 101 or CS 124 or equivalent.",,,,,,"[PHYS 407 Experimental Biological Physics credit: 4 Hours.](<https://courses.illinois.edu/schedule/terms/PHYS/407>)

For advanced undergraduate and graduate students in Physics interested in the connection between biology and physics (no prior biology experience needed). This course explores Nobel Prize-winning experiments in biological physics and quantitative biology. Students will learn important techniques, including: optical imaging beyond the diffraction limit; optical trapping of microorganisms and subcellular structures; optical detection using nitrogen vacancy centers; molecular biology and statistical analyses for testing evolutionary models; and computational prediction of protein folding. 4 undergraduate hours. 4 graduate hours. The course requires intermediate background in statistics and basic coding skills in Python or Matlab. Prerequisite: [PHYS 213](<https://catalog.illinois.edu/search/?P=PHYS%20213>), [PHYS 214](<https://catalog.illinois.edu/search/?P=PHYS%20214>), and [PHYS 325](<https://catalog.illinois.edu/search/?P=PHYS%20325>) or equivalent; [CS 101](<https://catalog.illinois.edu/search/?P=CS%20101>) or [CS 124](<https://catalog.illinois.edu/search/?P=CS%20124>) or equivalent. This course is meant for undergraduate students of junior or senior standing, or graduate students in physics.",https://catalog.illinois.edu/courses-of-instruction/phys/,2026–2027
PHYS 419,PHYS,419,"Space, Time, and Matter-ACP","3 or 4 Hours
3 undergraduate hours. 4 graduate hours.",Identical to PHYS 420 except for the additional writing component including a final term paper. Same as PHIL 419. 3 undergraduate hours. 4 graduate hours. Credit is not given for both PHYS 419 and PHYS 420. Prerequisite: PHIL 101; PHYS 101 or PHYS 211.,Prerequisite: PHIL 101; PHYS 101 or PHYS 211.,Credit is not given for both PHYS 419 and PHYS 420.,Advanced Composition,,,,"[PHYS 419 Space, Time, and Matter-ACP credit: 3 or 4 Hours.](<https://courses.illinois.edu/schedule/terms/PHYS/419>)

Identical to [PHYS 420](<https://catalog.illinois.edu/search/?P=PHYS%20420>) except for the additional writing component including a final term paper. Same as [PHIL 419](<https://catalog.illinois.edu/search/?P=PHIL%20419>). 3 undergraduate hours. 4 graduate hours. Credit is not given for both [PHYS 419](<https://catalog.illinois.edu/search/?P=PHYS%20419>) and [PHYS 420](<https://catalog.illinois.edu/search/?P=PHYS%20420>). Prerequisite: [PHIL 101](<https://catalog.illinois.edu/search/?P=PHIL%20101>); [PHYS 101](<https://catalog.illinois.edu/search/?P=PHYS%20101>) or [PHYS 211](<https://catalog.illinois.edu/search/?P=PHYS%20211>).
This course satisfies the General Education Criteria for:
Advanced Composition",https://catalog.illinois.edu/courses-of-instruction/phys/,2026–2027
PHYS 420,PHYS,420,"Space, Time, and Matter","2 Hours
2 undergraduate hours. 2 graduate hours.","Philosophical examination of some fundamental concepts and theories of the physical world, such as time, matter, space, and geometry; interpretation of quantum theory. Same as PHIL 420. 2 undergraduate hours. 2 graduate hours. Credit is not given for both PHYS 420 and PHYS 419. Prerequisite: PHIL 101; PHYS 101 or PHYS 211.",Prerequisite: PHIL 101; PHYS 101 or PHYS 211.,Credit is not given for both PHYS 420 and PHYS 419.,,,,,"[PHYS 420 Space, Time, and Matter credit: 2 Hours.](<https://courses.illinois.edu/schedule/terms/PHYS/420>)

Philosophical examination of some fundamental concepts and theories of the physical world, such as time, matter, space, and geometry; interpretation of quantum theory. Same as [PHIL 420](<https://catalog.illinois.edu/search/?P=PHIL%20420>). 2 undergraduate hours. 2 graduate hours. Credit is not given for both [PHYS 420](<https://catalog.illinois.edu/search/?P=PHYS%20420>) and [PHYS 419](<https://catalog.illinois.edu/search/?P=PHYS%20419>). Prerequisite: [PHIL 101](<https://catalog.illinois.edu/search/?P=PHIL%20101>); [PHYS 101](<https://catalog.illinois.edu/search/?P=PHYS%20101>) or [PHYS 211](<https://catalog.illinois.edu/search/?P=PHYS%20211>).",https://catalog.illinois.edu/courses-of-instruction/phys/,2026–2027
PHYS 427,PHYS,427,Thermal & Statistical Physics,"4 Hours
4 undergraduate hours. 4 graduate hours.","Equilibrium thermodynamics, statistical mechanics, and kinetic theory of gases. A unified treatment is used in that the principles of heat and thermodynamics are discussed along with statistical postulates and the microscopic approach of introductory quantum mechanics. 4 undergraduate hours. 4 graduate hours. Credit is not given for both PHYS 427 and any of ME 404, CHEM 444, MSE 500. Prerequisite: PHYS 213; PHYS 214; PHYS 435 or ECE 329.",Prerequisite: PHYS 213; PHYS 214; PHYS 435 or ECE 329.,"Credit is not given for both PHYS 427 and any of ME 404, CHEM 444, MSE 500.",,,,,"[PHYS 427 Thermal & Statistical Physics credit: 4 Hours.](<https://courses.illinois.edu/schedule/terms/PHYS/427>)

Equilibrium thermodynamics, statistical mechanics, and kinetic theory of gases. A unified treatment is used in that the principles of heat and thermodynamics are discussed along with statistical postulates and the microscopic approach of introductory quantum mechanics. 4 undergraduate hours. 4 graduate hours. Credit is not given for both [PHYS 427](<https://catalog.illinois.edu/search/?P=PHYS%20427>) and any of [ME 404](<https://catalog.illinois.edu/search/?P=ME%20404>), [CHEM 444](<https://catalog.illinois.edu/search/?P=CHEM%20444>), [MSE 500](<https://catalog.illinois.edu/search/?P=MSE%20500>). Prerequisite: [PHYS 213](<https://catalog.illinois.edu/search/?P=PHYS%20213>); [PHYS 214](<https://catalog.illinois.edu/search/?P=PHYS%20214>); [PHYS 435](<https://catalog.illinois.edu/search/?P=PHYS%20435>) or [ECE 329](<https://catalog.illinois.edu/search/?P=ECE%20329>).",https://catalog.illinois.edu/courses-of-instruction/phys/,2026–2027
PHYS 435,PHYS,435,Electromagnetic Fields I,"3 Hours
3 undergraduate hours. 3 graduate hours.","Static electric and magnetic fields, their interactions with electric charge and current, and their transformation properties; the effect of special relativity is incorporated. Macroscopic fields in material media are described. Register for the lecture and one of the discussion sections. 3 undergraduate hours. 3 graduate hours. Prerequisite: MATH 285 and PHYS 325. Credit or concurrent enrollment in MATH 257 or MATH 416.",Prerequisite: MATH 285 and PHYS 325.,,,,,,"[PHYS 435 Electromagnetic Fields I credit: 3 Hours.](<https://courses.illinois.edu/schedule/terms/PHYS/435>)

Static electric and magnetic fields, their interactions with electric charge and current, and their transformation properties; the effect of special relativity is incorporated. Macroscopic fields in material media are described. Register for the lecture and one of the discussion sections. 3 undergraduate hours. 3 graduate hours. Prerequisite: [MATH 285](<https://catalog.illinois.edu/search/?P=MATH%20285>) and [PHYS 325](<https://catalog.illinois.edu/search/?P=PHYS%20325>). Credit or concurrent enrollment in [MATH 257](<https://catalog.illinois.edu/search/?P=MATH%20257>) or [MATH 416](<https://catalog.illinois.edu/search/?P=MATH%20416>).",https://catalog.illinois.edu/courses-of-instruction/phys/,2026–2027
PHYS 436,PHYS,436,Electromagnetic Fields II,"3 Hours
3 graduate hours.","Time-dependent fields. Electromagnetic induction, Maxwell's equations, electromagnetic wave propagation in various media and structures, and electromagnetic radiation from charge and current distributions. Relativistic covariance of Maxwell's equations. Course Information:3 undergraduate hours. 3 graduate hours. Prerequisite: PHYS 435.",Prerequisite: PHYS 435.,,,,,,"[PHYS 436 Electromagnetic Fields II credit: 3 Hours.](<https://courses.illinois.edu/schedule/terms/PHYS/436>)

Time-dependent fields. Electromagnetic induction, Maxwell's equations, electromagnetic wave propagation in various media and structures, and electromagnetic radiation from charge and current distributions. Relativistic covariance of Maxwell's equations. Course Information:3 undergraduate hours. 3 graduate hours. Prerequisite: [PHYS 435](<https://catalog.illinois.edu/search/?P=PHYS%20435>).",https://catalog.illinois.edu/courses-of-instruction/phys/,2026–2027
PHYS 446,PHYS,446,Modern Computational Physics,"3 Hours
3 undergraduate hours. No graduate credit.","This is an immersive advanced computational physics course. The goals in this class are to program from scratch, simulate, and understand the physics within a series of multi-week projects spanning areas such as quantum computing, statistical mechanics, the renormalization group, machine learning, and topological insulators. The course approach (lectures, one-on-one interaction in class, etc.) is centered around giving you the information and skills you need to succeed in carrying out these projects. 3 undergraduate hours. No graduate credit. Prerequisite: PHYS 246.",Prerequisite: PHYS 246.,No graduate credit.,,,,,"[PHYS 446 Modern Computational Physics credit: 3 Hours.](<https://courses.illinois.edu/schedule/terms/PHYS/446>)

This is an immersive advanced computational physics course. The goals in this class are to program from scratch, simulate, and understand the physics within a series of multi-week projects spanning areas such as quantum computing, statistical mechanics, the renormalization group, machine learning, and topological insulators. The course approach (lectures, one-on-one interaction in class, etc.) is centered around giving you the information and skills you need to succeed in carrying out these projects. 3 undergraduate hours. No graduate credit. Prerequisite: [PHYS 246](<https://catalog.illinois.edu/search/?P=PHYS%20246>).",https://catalog.illinois.edu/courses-of-instruction/phys/,2026–2027
PHYS 450,PHYS,450,Machine Learning for Physics,"3 Hours
3 undergraduate hours. 3 graduate hours.","An introduction to modern data science, artificial intelligence (AI) and machine learning (ML) from a physics perspective. Students will learn the basic concepts, tools, and methods of AI/ML applied to scientific challenges through hands-on projects utilizing open data. Students will study methods to incorporate physics knowledge into AI/ML models to improve their learning efficiency, performance, and interpretability. 3 undergraduate hours. 3 graduate hours. Prerequisite: PHYS 325.",Prerequisite: PHYS 325.,,,,,,"[PHYS 450 Machine Learning for Physics credit: 3 Hours.](<https://courses.illinois.edu/schedule/terms/PHYS/450>)

An introduction to modern data science, artificial intelligence (AI) and machine learning (ML) from a physics perspective. Students will learn the basic concepts, tools, and methods of AI/ML applied to scientific challenges through hands-on projects utilizing open data. Students will study methods to incorporate physics knowledge into AI/ML models to improve their learning efficiency, performance, and interpretability. 3 undergraduate hours. 3 graduate hours. Prerequisite: [PHYS 325](<https://catalog.illinois.edu/search/?P=PHYS%20325>).",https://catalog.illinois.edu/courses-of-instruction/phys/,2026–2027
PHYS 460,PHYS,460,Condensed Matter Physics,"4 Hours
4 undergraduate hours. 4 graduate hours.","Bonding and structure of crystals; energy bands in insulators, semiconductors, and metals; electrical conductivity; optical properties; lattice vibrations; elasticity; point defects; dislocations. 4 undergraduate hours. 4 graduate hours. Credit is not given for both PHYS 460 and MSE 304. Prerequisite: PHYS 435; PHYS 485 or PHYS 486.",Prerequisite: PHYS 435; PHYS 485 or PHYS 486.,Credit is not given for both PHYS 460 and MSE 304.,,,,,"[PHYS 460 Condensed Matter Physics credit: 4 Hours.](<https://courses.illinois.edu/schedule/terms/PHYS/460>)

Bonding and structure of crystals; energy bands in insulators, semiconductors, and metals; electrical conductivity; optical properties; lattice vibrations; elasticity; point defects; dislocations. 4 undergraduate hours. 4 graduate hours. Credit is not given for both [PHYS 460](<https://catalog.illinois.edu/search/?P=PHYS%20460>) and [MSE 304](<https://catalog.illinois.edu/search/?P=MSE%20304>). Prerequisite: [PHYS 435](<https://catalog.illinois.edu/search/?P=PHYS%20435>); [PHYS 485](<https://catalog.illinois.edu/search/?P=PHYS%20485>) or [PHYS 486](<https://catalog.illinois.edu/search/?P=PHYS%20486>).",https://catalog.illinois.edu/courses-of-instruction/phys/,2026–2027
PHYS 466,PHYS,466,Atomic Scale Simulations,3 or 4 Hours,Same as CSE 485 and MSE 485. See MSE 485.,,,,,,,"[PHYS 466 Atomic Scale Simulations credit: 3 or 4 Hours.](<https://courses.illinois.edu/schedule/terms/PHYS/466>)

Same as [CSE 485](<https://catalog.illinois.edu/search/?P=CSE%20485>) and [MSE 485](<https://catalog.illinois.edu/search/?P=MSE%20485>). See [MSE 485](<https://catalog.illinois.edu/search/?P=MSE%20485>).",https://catalog.illinois.edu/courses-of-instruction/phys/,2026–2027
PHYS 470,PHYS,470,Subatomic Physics,"4 Hours
4 undergraduate hours. 4 graduate hours.","The nature and properties of nuclei and elementary particles, symmetries, interactions, nuclear models, tools and techniques of experimental subatomic physics, and applications to power generation, astrophysics, chemistry, medicine, and biology. 4 undergraduate hours. 4 graduate hours. Prerequisite: PHYS 485 or PHYS 486.",Prerequisite: PHYS 485 or PHYS 486.,,,,,,"[PHYS 470 Subatomic Physics credit: 4 Hours.](<https://courses.illinois.edu/schedule/terms/PHYS/470>)

The nature and properties of nuclei and elementary particles, symmetries, interactions, nuclear models, tools and techniques of experimental subatomic physics, and applications to power generation, astrophysics, chemistry, medicine, and biology. 4 undergraduate hours. 4 graduate hours. Prerequisite: [PHYS 485](<https://catalog.illinois.edu/search/?P=PHYS%20485>) or [PHYS 486](<https://catalog.illinois.edu/search/?P=PHYS%20486>).",https://catalog.illinois.edu/courses-of-instruction/phys/,2026–2027
PHYS 475,PHYS,475,Introduction to Biophysics,"3 or 4 Hours
3 undergraduate hours. 4 graduate hours.","Major concepts of physics inherent to biological systems. Basics of biology, including protein and DNA structure and their organization into cells with a focus on single molecule biophysics. Major experimental techniques including x-ray diffraction, optical and magnetic traps, and fluorescence microscopy, including new super-resolution techniques. Applications to cytoplasmic and nuclear molecular motors, bacterial motion, nerves, and vision. 3 undergraduate hours. 4 graduate hours. Prerequisite: PHYS 213 and PHYS 214.",Prerequisite: PHYS 213 and PHYS 214.,,,,,,"[PHYS 475 Introduction to Biophysics credit: 3 or 4 Hours.](<https://courses.illinois.edu/schedule/terms/PHYS/475>)

Major concepts of physics inherent to biological systems. Basics of biology, including protein and DNA structure and their organization into cells with a focus on single molecule biophysics. Major experimental techniques including x-ray diffraction, optical and magnetic traps, and fluorescence microscopy, including new super-resolution techniques. Applications to cytoplasmic and nuclear molecular motors, bacterial motion, nerves, and vision. 3 undergraduate hours. 4 graduate hours. Prerequisite: [PHYS 213](<https://catalog.illinois.edu/search/?P=PHYS%20213>) and [PHYS 214](<https://catalog.illinois.edu/search/?P=PHYS%20214>).",https://catalog.illinois.edu/courses-of-instruction/phys/,2026–2027
PHYS 485,PHYS,485,Atomic Phys & Quantum Theory,"3 Hours
3 undergraduate hours. 3 graduate hours.",Basic concepts of quantum theory which underlie modern theories of the properties of materials; elements of atomic and nuclear theory; kinetic theory and statistical mechanics; quantum theory and simple applications; atomic spectra and atomic structure; molecular structure and chemical binding. 3 undergraduate hours. 3 graduate hours. Credit is not given for both PHYS 485 and CHEM 442. Prerequisite: PHYS 325. Credit or concurrent registration in PHYS 435.,Prerequisite: PHYS 325.,Credit is not given for both PHYS 485 and CHEM 442.,,,,,"[PHYS 485 Atomic Phys & Quantum Theory credit: 3 Hours.](<https://courses.illinois.edu/schedule/terms/PHYS/485>)

Basic concepts of quantum theory which underlie modern theories of the properties of materials; elements of atomic and nuclear theory; kinetic theory and statistical mechanics; quantum theory and simple applications; atomic spectra and atomic structure; molecular structure and chemical binding. 3 undergraduate hours. 3 graduate hours. Credit is not given for both [PHYS 485](<https://catalog.illinois.edu/search/?P=PHYS%20485>) and [CHEM 442](<https://catalog.illinois.edu/search/?P=CHEM%20442>). Prerequisite: [PHYS 325](<https://catalog.illinois.edu/search/?P=PHYS%20325>). Credit or concurrent registration in [PHYS 435](<https://catalog.illinois.edu/search/?P=PHYS%20435>).",https://catalog.illinois.edu/courses-of-instruction/phys/,2026–2027
PHYS 486,PHYS,486,Quantum Physics I,"4 Hours
4 undergraduate hours. 4 graduate hours.","Atomic phenomena integrated with an introduction to quantum theory; evidence for the atomic nature of matter and the properties of the Schrodinger equation, single particle solutions in one dimension, the hydrogen atom, perturbation theory, external fields, and atomic spectroscopy of outer electrons. 4 undergraduate hours. 4 graduate hours. Prerequisite: PHYS 214 and PHYS 435 or ECE 329.",Prerequisite: PHYS 214 and PHYS 435 or ECE 329.,,,,,,"[PHYS 486 Quantum Physics I credit: 4 Hours.](<https://courses.illinois.edu/schedule/terms/PHYS/486>)

Atomic phenomena integrated with an introduction to quantum theory; evidence for the atomic nature of matter and the properties of the Schrodinger equation, single particle solutions in one dimension, the hydrogen atom, perturbation theory, external fields, and atomic spectroscopy of outer electrons. 4 undergraduate hours. 4 graduate hours. Prerequisite: [PHYS 214](<https://catalog.illinois.edu/search/?P=PHYS%20214>) and [PHYS 435](<https://catalog.illinois.edu/search/?P=PHYS%20435>) or [ECE 329](<https://catalog.illinois.edu/search/?P=ECE%20329>).",https://catalog.illinois.edu/courses-of-instruction/phys/,2026–2027
PHYS 487,PHYS,487,Quantum Physics II,"4 Hours
4 undergraduate hours. 4 graduate hours.","Continuation of PHYS 486. Identical particles, spectral hyperfine structure, magnetic properties of matter, atomic spectroscopy of inner electrons, high-energy photon effects, molecular binding and spectra, emission and absorption of light, and symmetry principles. 4 undergraduate hours. 4 graduate hours. Prerequisite: PHYS 486.",Prerequisite: PHYS 486.,,,,,,"[PHYS 487 Quantum Physics II credit: 4 Hours.](<https://courses.illinois.edu/schedule/terms/PHYS/487>)

Continuation of [PHYS 486](<https://catalog.illinois.edu/search/?P=PHYS%20486>). Identical particles, spectral hyperfine structure, magnetic properties of matter, atomic spectroscopy of inner electrons, high-energy photon effects, molecular binding and spectra, emission and absorption of light, and symmetry principles. 4 undergraduate hours. 4 graduate hours. Prerequisite: [PHYS 486](<https://catalog.illinois.edu/search/?P=PHYS%20486>).",https://catalog.illinois.edu/courses-of-instruction/phys/,2026–2027
PHYS 495,PHYS,495,Where the Arts Meets Physics,"3 Hours
3 undergraduate hours. 3 graduate hours.","A project-based, cross-disciplinary course for students interested in exposure to the frontiers of physics and experiences in the arts. Students will explore physics topics through active participation in a broad range of artistic practices and expressions. Students will practice project design; independent study; team work; and dedicated assignments. Projects will be presented through an end-of-semester event. Event and topics are specific to each offering and may include physics-based museum exhibits, artistic work, and/or performance pieces. 3 undergraduate hours. 3 graduate hours. May be repeated up to 6 hours in separate semesters, if topics vary. Prerequisite: Instructor Approval Required.",Prerequisite: Instructor Approval Required.,,,,,,"[PHYS 495 Where the Arts Meets Physics credit: 3 Hours.](<https://courses.illinois.edu/schedule/terms/PHYS/495>)

A project-based, cross-disciplinary course for students interested in exposure to the frontiers of physics and experiences in the arts. Students will explore physics topics through active participation in a broad range of artistic practices and expressions. Students will practice project design; independent study; team work; and dedicated assignments. Projects will be presented through an end-of-semester event. Event and topics are specific to each offering and may include physics-based museum exhibits, artistic work, and/or performance pieces. 3 undergraduate hours. 3 graduate hours. May be repeated up to 6 hours in separate semesters, if topics vary. Prerequisite: Instructor Approval Required.",https://catalog.illinois.edu/courses-of-instruction/phys/,2026–2027
PHYS 496,PHYS,496,Communicating in Physics—Writing Papers and Giving Talks,"3 Hours
3 undergraduate hours. No graduate credit.","Examination of current research topics through extensive reading, writing, and oral-presentation activities. 3 undergraduate hours. No graduate credit.",,No graduate credit.,Advanced Composition,,,,"[PHYS 496 Communicating in Physics—Writing Papers and Giving Talks credit: 3 Hours.](<https://courses.illinois.edu/schedule/terms/PHYS/496>)

Examination of current research topics through extensive reading, writing, and oral-presentation activities. 3 undergraduate hours. No graduate credit.
This course satisfies the General Education Criteria for:
Advanced Composition",https://catalog.illinois.edu/courses-of-instruction/phys/,2026–2027
PHYS 497,PHYS,497,Individual Study,"1 to 4 Hours
1 to 4 undergraduate hours. 1 to 4 graduate hours.",Individual study at an advanced level in a subject not covered by course offerings. 1 to 4 undergraduate hours. 1 to 4 graduate hours. May be repeated. Prerequisite: Consent of instructor.,Prerequisite: Consent of instructor.,,,,,,"[PHYS 497 Individual Study credit: 1 to 4 Hours.](<https://courses.illinois.edu/schedule/terms/PHYS/497>)

Individual study at an advanced level in a subject not covered by course offerings. 1 to 4 undergraduate hours. 1 to 4 graduate hours. May be repeated. Prerequisite: Consent of instructor.",https://catalog.illinois.edu/courses-of-instruction/phys/,2026–2027
PHYS 498,PHYS,498,Special Topics in Physics,"1 to 4 Hours
1 to 4 undergraduate hours. 1 to 4 graduate hours.",Subject offerings of new and developing areas of knowledge in physics intended to augment the existing curriculum. See Class Schedule or departmental course information for topics and prerequisites. 1 to 4 undergraduate hours. 1 to 4 graduate hours. May be repeated in the same or separate terms if topics vary.,,,,,,,"[PHYS 498 Special Topics in Physics credit: 1 to 4 Hours.](<https://courses.illinois.edu/schedule/terms/PHYS/498>)

Subject offerings of new and developing areas of knowledge in physics intended to augment the existing curriculum. See Class Schedule or departmental course information for topics and prerequisites. 1 to 4 undergraduate hours. 1 to 4 graduate hours. May be repeated in the same or separate terms if topics vary.",https://catalog.illinois.edu/courses-of-instruction/phys/,2026–2027
PHYS 499,PHYS,499,Senior Thesis,"3 Hours
3 undergraduate hours. No graduate credit.","Faculty-guided writing of a senior thesis involving independent research Oral presentations of research and outside journal articles, proposal writing and reviewing, poster presentation, preparation of graduate school applications, and discussion of physics frontiers with outside experts. 3 undergraduate hours. No graduate credit. Prerequisite: PHYS 496.",Prerequisite: PHYS 496.,No graduate credit.,,,,,"[PHYS 499 Senior Thesis credit: 3 Hours.](<https://courses.illinois.edu/schedule/terms/PHYS/499>)

Faculty-guided writing of a senior thesis involving independent research Oral presentations of research and outside journal articles, proposal writing and reviewing, poster presentation, preparation of graduate school applications, and discussion of physics frontiers with outside experts. 3 undergraduate hours. No graduate credit. Prerequisite: [PHYS 496](<https://catalog.illinois.edu/search/?P=PHYS%20496>).",https://catalog.illinois.edu/courses-of-instruction/phys/,2026–2027
PHYS 503,PHYS,503,Instrumentation Physics Applications of Machine Learning,4 Hours,"Designed to give students a solid foundation in machine learning applications to physics, positioning itself at the intersection of machine learning and data-intensive science. This course will introduce students to the fundamentals of analysis and interpretation of scientific data, and applications of machine learning to problems common in laboratory science such as classification and regression. There will be two 75-minute classes each week, split into discussions of core principles and hands-on exercises involving coding and data. There will be a few projects throughout semester that will build on the course material and utilize open source software and open data in physics and related fields. The list of topics will evolve, according to the interests of the class and instructors. Material will be clustered into units of varying duration, as indicated below. The lists of suggested readings and references are advisory; a large amount of material of excellent quality is now available on the worldwide web, particularly on the sites of university courses addressing the topics of each unit. A distinguishing feature of this course is its sharp focus on endeavors in the data-rich physical sciences as the arenas in which modern machine learning techniques are taught. The course uses open scientific data, open source software from data science and physics-related fields, and publicly-available information as enabling elements. Research-inspired projects are an important part of the course and students will not only execute them but will play an active role in helping define and shape them. Example projects might include machine learning approaches to searches for new particles or interactions at high-energy colliders; methods of particle tracking and reconstruction; identification, classification and measurement of astrophysical phenomena; novel approaches to medical imaging and simulation using techniques from physics and machine learning; machine learning in quantum information science. Through these projects and the course material, students will learn how large datasets in physics are generated, curated, and analyzed, using machine learning as a tool to generate key insights in both experimental and theoretical science. Prerequisite: Familiarity with a high-level computing language such as C++, Python, or Java; mathematical competence typical of graduates (either as majors or minors) from undergraduate programs in Physics and Astronomy. Primarily for students in the Engineering: Instrumentation and Applied Physics, MEng program. Other students may enroll with permission of the M.Eng. program director.","Prerequisite: Familiarity with a high-level computing language such as C++, Python, or Java; mathematical competence typical of graduates (either as majors or minors) from undergraduate programs in Physics and Astronomy.",,,,,,"[PHYS 503 Instrumentation Physics Applications of Machine Learning credit: 4 Hours.](<https://courses.illinois.edu/schedule/terms/PHYS/503>)

Designed to give students a solid foundation in machine learning applications to physics, positioning itself at the intersection of machine learning and data-intensive science. This course will introduce students to the fundamentals of analysis and interpretation of scientific data, and applications of machine learning to problems common in laboratory science such as classification and regression. There will be two 75-minute classes each week, split into discussions of core principles and hands-on exercises involving coding and data. There will be a few projects throughout semester that will build on the course material and utilize open source software and open data in physics and related fields. The list of topics will evolve, according to the interests of the class and instructors. Material will be clustered into units of varying duration, as indicated below. The lists of suggested readings and references are advisory; a large amount of material of excellent quality is now available on the worldwide web, particularly on the sites of university courses addressing the topics of each unit. A distinguishing feature of this course is its sharp focus on endeavors in the data-rich physical sciences as the arenas in which modern machine learning techniques are taught. The course uses open scientific data, open source software from data science and physics-related fields, and publicly-available information as enabling elements. Research-inspired projects are an important part of the course and students will not only execute them but will play an active role in helping define and shape them. Example projects might include machine learning approaches to searches for new particles or interactions at high-energy colliders; methods of particle tracking and reconstruction; identification, classification and measurement of astrophysical phenomena; novel approaches to medical imaging and simulation using techniques from physics and machine learning; machine learning in quantum information science. Through these projects and the course material, students will learn how large datasets in physics are generated, curated, and analyzed, using machine learning as a tool to generate key insights in both experimental and theoretical science. Prerequisite: Familiarity with a high-level computing language such as C++, Python, or Java; mathematical competence typical of graduates (either as majors or minors) from undergraduate programs in Physics and Astronomy. Primarily for students in the Engineering: Instrumentation and Applied Physics, MEng program. Other students may enroll with permission of the M.Eng. program director.",https://catalog.illinois.edu/courses-of-instruction/phys/,2026–2027
PHYS 504,PHYS,504,Statistical Physics,4 Hours,"Single-particle distribution functions; classical and quantum mechanical systems, Boltzmann equation, virial theorem, and equations of state for gases; formal theory: ensembles, identical particles, thermodynamics of simple systems, and distribution functions; nonequilibrium problems; conservation laws and hydrodynamic equations, sound waves, and transport coefficients; plasmas, normal Fermi fluid, superfluids, and systems with internal degrees of freedom. Prerequisite: PHYS 427 and PHYS 486.",Prerequisite: PHYS 427 and PHYS 486.,,,,,,"[PHYS 504 Statistical Physics credit: 4 Hours.](<https://courses.illinois.edu/schedule/terms/PHYS/504>)

Single-particle distribution functions; classical and quantum mechanical systems, Boltzmann equation, virial theorem, and equations of state for gases; formal theory: ensembles, identical particles, thermodynamics of simple systems, and distribution functions; nonequilibrium problems; conservation laws and hydrodynamic equations, sound waves, and transport coefficients; plasmas, normal Fermi fluid, superfluids, and systems with internal degrees of freedom. Prerequisite: [PHYS 427](<https://catalog.illinois.edu/search/?P=PHYS%20427>) and [PHYS 486](<https://catalog.illinois.edu/search/?P=PHYS%20486>).",https://catalog.illinois.edu/courses-of-instruction/phys/,2026–2027
PHYS 505,PHYS,505,Classical Electromagnetism,4 Hours,Review of Maxwell's equations; relativistic formulation of the electromagnetic field and the motion of charged particles; plane and guided waves; retarded potentials; radiation from simple antennas; radiation from accelerated charged particles; scattering and further topics. Prerequisite: PHYS 436.,Prerequisite: PHYS 436.,,,,,,"[PHYS 505 Classical Electromagnetism credit: 4 Hours.](<https://courses.illinois.edu/schedule/terms/PHYS/505>)

Review of Maxwell's equations; relativistic formulation of the electromagnetic field and the motion of charged particles; plane and guided waves; retarded potentials; radiation from simple antennas; radiation from accelerated charged particles; scattering and further topics. Prerequisite: [PHYS 436](<https://catalog.illinois.edu/search/?P=PHYS%20436>).",https://catalog.illinois.edu/courses-of-instruction/phys/,2026–2027
PHYS 508,PHYS,508,Mathematical Physics I,4 Hours,"Core techniques of mathematical physics widely used in the physical sciences. Calculus of variations and its applications; partial differential equations of mathematical physics (including classification and boundary conditions); separation of variables, series solutions of ordinary differential equations and Sturm-Liouville eigenproblems; Legendre polynomials, spherical harmonics, Bessel functions and their applications; normal mode eigenproblems (including the wave and diffusion equations); inhomogeneous ordinary differential equations (including variation of parameters); inhomogeneous partial differential equations and Green functions; potential theory; integral equations (including Fredholm theory). Prerequisite: MATH 285.",Prerequisite: MATH 285.,,,,,,"[PHYS 508 Mathematical Physics I credit: 4 Hours.](<https://courses.illinois.edu/schedule/terms/PHYS/508>)

Core techniques of mathematical physics widely used in the physical sciences. Calculus of variations and its applications; partial differential equations of mathematical physics (including classification and boundary conditions); separation of variables, series solutions of ordinary differential equations and Sturm-Liouville eigenproblems; Legendre polynomials, spherical harmonics, Bessel functions and their applications; normal mode eigenproblems (including the wave and diffusion equations); inhomogeneous ordinary differential equations (including variation of parameters); inhomogeneous partial differential equations and Green functions; potential theory; integral equations (including Fredholm theory). Prerequisite: [MATH 285](<https://catalog.illinois.edu/search/?P=MATH%20285>).",https://catalog.illinois.edu/courses-of-instruction/phys/,2026–2027
PHYS 509,PHYS,509,Mathematical Physics II,4 Hours,Continuation of PHYS 508. Further core techniques of mathematical physics widely used in the physical sciences. Complex variables; group theory in classical and quantum systems; tensors in physics; differential forms and their applications in mechanics; electromagnetism. Prerequisite: PHYS 508.,Prerequisite: PHYS 508.,,,,,,"[PHYS 509 Mathematical Physics II credit: 4 Hours.](<https://courses.illinois.edu/schedule/terms/PHYS/509>)

Continuation of [PHYS 508](<https://catalog.illinois.edu/search/?P=PHYS%20508>). Further core techniques of mathematical physics widely used in the physical sciences. Complex variables; group theory in classical and quantum systems; tensors in physics; differential forms and their applications in mechanics; electromagnetism. Prerequisite: [PHYS 508](<https://catalog.illinois.edu/search/?P=PHYS%20508>).",https://catalog.illinois.edu/courses-of-instruction/phys/,2026–2027
PHYS 510,PHYS,510,Nonlinear Dynamics,4 Hours,"Broad introduction to nonlinear dynamics of physical systems with varying degrees of complexity; survey of a variety of concepts associated with bifurcation phenomena, mappings, nonlinear oscillations, chaotic behavior, strange attractors, and solitons. Topics of current interest. Prerequisite: PHYS 326.",Prerequisite: PHYS 326.,,,,,,"[PHYS 510 Nonlinear Dynamics credit: 4 Hours.](<https://courses.illinois.edu/schedule/terms/PHYS/510>)

Broad introduction to nonlinear dynamics of physical systems with varying degrees of complexity; survey of a variety of concepts associated with bifurcation phenomena, mappings, nonlinear oscillations, chaotic behavior, strange attractors, and solitons. Topics of current interest. Prerequisite: [PHYS 326](<https://catalog.illinois.edu/search/?P=PHYS%20326>).",https://catalog.illinois.edu/courses-of-instruction/phys/,2026–2027
PHYS 513,PHYS,513,Quantum Optics & Information,4 Hours,"Experimental and theoretical fundamentals of quantum information, using nonclassical features of quantum physics (wave-particle duality, superposition, and entanglement) to surpass the information-processing capabilities of classical systems. Underlying fundamental quantum phenomena, including tests of nonlocality, quantum erasers, the quantum Zeno effect, squeezed light, multi-particle interference, state transformations of the Bloch sphere, and decoherence; quantum cryptography and teleportation; quantum information theory; quantum computation algorithms and techniques for error correction; experimental ""qubit"" systems. Prerequisite: PHYS 486 is recommended.",Prerequisite: PHYS 486 is recommended.,,,,,,"[PHYS 513 Quantum Optics & Information credit: 4 Hours.](<https://courses.illinois.edu/schedule/terms/PHYS/513>)

Experimental and theoretical fundamentals of quantum information, using nonclassical features of quantum physics (wave-particle duality, superposition, and entanglement) to surpass the information-processing capabilities of classical systems. Underlying fundamental quantum phenomena, including tests of nonlocality, quantum erasers, the quantum Zeno effect, squeezed light, multi-particle interference, state transformations of the Bloch sphere, and decoherence; quantum cryptography and teleportation; quantum information theory; quantum computation algorithms and techniques for error correction; experimental ""qubit"" systems. Prerequisite: [PHYS 486](<https://catalog.illinois.edu/search/?P=PHYS%20486>) is recommended.",https://catalog.illinois.edu/courses-of-instruction/phys/,2026–2027
PHYS 514,PHYS,514,Modern Atomic Physics,4 Hours,"Rigorous survey of modern atomic, molecular, and optical physics, including a functional approach to theory and an overview of experimental techniques. Atomic structure, including fine and hyperfine structure, multi-electron atoms, and relativistic effects; interaction of single atoms with dynamic and static electromagnetic fields, ultra-cold collisions between atoms; laser cooling, evaporative cooling, and magnetic trapping; Paul and Penning traps; quantum degenerate gases; atom interferometry. Prerequisite: PHYS 427, PHYS 436, and PHYS 487.","Prerequisite: PHYS 427, PHYS 436, and PHYS 487.",,,,,,"[PHYS 514 Modern Atomic Physics credit: 4 Hours.](<https://courses.illinois.edu/schedule/terms/PHYS/514>)

Rigorous survey of modern atomic, molecular, and optical physics, including a functional approach to theory and an overview of experimental techniques. Atomic structure, including fine and hyperfine structure, multi-electron atoms, and relativistic effects; interaction of single atoms with dynamic and static electromagnetic fields, ultra-cold collisions between atoms; laser cooling, evaporative cooling, and magnetic trapping; Paul and Penning traps; quantum degenerate gases; atom interferometry. Prerequisite: [PHYS 427](<https://catalog.illinois.edu/search/?P=PHYS%20427>), [PHYS 436](<https://catalog.illinois.edu/search/?P=PHYS%20436>), and [PHYS 487](<https://catalog.illinois.edu/search/?P=PHYS%20487>).",https://catalog.illinois.edu/courses-of-instruction/phys/,2026–2027
PHYS 515,PHYS,515,General Relativity I,4 Hours,"Systematic introduction to Einstein's theory, with emphasis on modern coordinate-free methods of computation. Review of special relativity, modern differential geometry, foundations of general relativity, laws of physics in the presence of a gravitational field, linearized theory, and experimental tests of gravitation theories. Same as ASTR 515. Prerequisite: PHYS 436.",Prerequisite: PHYS 436.,,,,,,"[PHYS 515 General Relativity I credit: 4 Hours.](<https://courses.illinois.edu/schedule/terms/PHYS/515>)

Systematic introduction to Einstein's theory, with emphasis on modern coordinate-free methods of computation. Review of special relativity, modern differential geometry, foundations of general relativity, laws of physics in the presence of a gravitational field, linearized theory, and experimental tests of gravitation theories. Same as [ASTR 515](<https://catalog.illinois.edu/search/?P=ASTR%20515>). Prerequisite: [PHYS 436](<https://catalog.illinois.edu/search/?P=PHYS%20436>).",https://catalog.illinois.edu/courses-of-instruction/phys/,2026–2027
PHYS 516,PHYS,516,General Relativity II,4 Hours,"Continuation of PHYS 515 with emphasis on applications to astrophysics and cosmology. Relativistic stars, gravitational collapse, black holes, gravitational waves, numerical relativity, and cosmology. Same as ASTR 516. Prerequisite: PHYS 515.",Prerequisite: PHYS 515.,,,,,,"[PHYS 516 General Relativity II credit: 4 Hours.](<https://courses.illinois.edu/schedule/terms/PHYS/516>)

Continuation of [PHYS 515](<https://catalog.illinois.edu/search/?P=PHYS%20515>) with emphasis on applications to astrophysics and cosmology. Relativistic stars, gravitational collapse, black holes, gravitational waves, numerical relativity, and cosmology. Same as [ASTR 516](<https://catalog.illinois.edu/search/?P=ASTR%20516>). Prerequisite: [PHYS 515](<https://catalog.illinois.edu/search/?P=PHYS%20515>).",https://catalog.illinois.edu/courses-of-instruction/phys/,2026–2027
PHYS 523,PHYS,523,Instrumentation and Applied Physics Project,"4 Hours
4 graduate hours.","Students will engage in the collaborative design and execution of a year-long Instrumentation and measurement-intensive technical project. Required activities will include a written project proposal of work to be undertaken, informal group-generated oral presentations on technical issues, periodic formal written progress reports, a final project oral presentation, and a final project paper. The set of projects might include investigations suggested by industry partners. 4 graduate hours. No professional credit. May be repeated in consecutive terms to a total of 8 hours. Prerequisite: Primarily for students in the Engineering: Instrumentation and Applied Physics, MEng program. Other students may enroll with permission of the M.Eng. program director.","Prerequisite: Primarily for students in the Engineering: Instrumentation and Applied Physics, MEng program.",,,,,,"[PHYS 523 Instrumentation and Applied Physics Project credit: 4 Hours.](<https://courses.illinois.edu/schedule/terms/PHYS/523>)

Students will engage in the collaborative design and execution of a year-long Instrumentation and measurement-intensive technical project. Required activities will include a written project proposal of work to be undertaken, informal group-generated oral presentations on technical issues, periodic formal written progress reports, a final project oral presentation, and a final project paper. The set of projects might include investigations suggested by industry partners. 4 graduate hours. No professional credit. May be repeated in consecutive terms to a total of 8 hours. Prerequisite: Primarily for students in the Engineering: Instrumentation and Applied Physics, MEng program. Other students may enroll with permission of the M.Eng. program director.",https://catalog.illinois.edu/courses-of-instruction/phys/,2026–2027
PHYS 524,PHYS,524,Survey of Instrumentation and Laboratory Techniques,"2 Hours
2 graduate hours.","The goal of the course is to familiarize students with some of the techniques available to them when defining and proposing a technical project in an unfamiliar domain. There will be two 50-minute classes each week, split into a discussion of basic principles and a simple hands-on laboratory exercise. The list of topics will evolve, according to the interests of the class and instructors. 2 graduate hours. No professional credit. Prerequisite: Concurrent registration in PHYS 523 required. Primarily for students in the Engineering: Instrumentation and Applied Physics, MEng program. Other students may enroll with permission of the MEng program director.",Prerequisite: Concurrent registration in PHYS 523 required.,,,,,,"[PHYS 524 Survey of Instrumentation and Laboratory Techniques credit: 2 Hours.](<https://courses.illinois.edu/schedule/terms/PHYS/524>)

The goal of the course is to familiarize students with some of the techniques available to them when defining and proposing a technical project in an unfamiliar domain. There will be two 50-minute classes each week, split into a discussion of basic principles and a simple hands-on laboratory exercise. The list of topics will evolve, according to the interests of the class and instructors. 2 graduate hours. No professional credit. Prerequisite: Concurrent registration in [PHYS 523](<https://catalog.illinois.edu/search/?P=PHYS%20523>) required. Primarily for students in the Engineering: Instrumentation and Applied Physics, MEng program. Other students may enroll with permission of the MEng program director.",https://catalog.illinois.edu/courses-of-instruction/phys/,2026–2027
PHYS 525,PHYS,525,Survey of Fundamental Device Physics,2 Hours,"Introduces students to the underlying physical principles employed by various devices. As in Physics 524, we will introduce students to a broader spectrum of device principles than they will encounter in their Physics 523 projects. There will be two 50 minute classes each week, split into discussion and laboratory exercises. The list of topics—which is not intended to be exhaustive—will evolve, according to the interests of the class and instructors. Material will be clustered into units of varying duration, as indicated below. The lists of suggested readings and references are advisory; a large amount of material of excellent quality is now available on the worldwide web, particularly on the sites of university courses addressing the topics of each unit. There are no formal prerequisites other than prior completion of a rigorous undergraduate major (or minor) in physics, astronomy, or a related field. Prerequisite: Primarily for students in the Engineering: Instrumentation and Applied Physics, MEng program. Other students may enroll with permission of the M.Eng. program director.","Prerequisite: Primarily for students in the Engineering: Instrumentation and Applied Physics, MEng program.",,,,,,"[PHYS 525 Survey of Fundamental Device Physics credit: 2 Hours.](<https://courses.illinois.edu/schedule/terms/PHYS/525>)

Introduces students to the underlying physical principles employed by various devices. As in Physics 524, we will introduce students to a broader spectrum of device principles than they will encounter in their Physics 523 projects. There will be two 50 minute classes each week, split into discussion and laboratory exercises. The list of topics—which is not intended to be exhaustive—will evolve, according to the interests of the class and instructors. Material will be clustered into units of varying duration, as indicated below. The lists of suggested readings and references are advisory; a large amount of material of excellent quality is now available on the worldwide web, particularly on the sites of university courses addressing the topics of each unit. There are no formal prerequisites other than prior completion of a rigorous undergraduate major (or minor) in physics, astronomy, or a related field. Prerequisite: Primarily for students in the Engineering: Instrumentation and Applied Physics, MEng program. Other students may enroll with permission of the M.Eng. program director.",https://catalog.illinois.edu/courses-of-instruction/phys/,2026–2027
PHYS 535,PHYS,535,Physics-inspired Statistical Data Analysis and Machine Learning,4 Hours,"Covers the theoretical foundation of machine learning using ideas from functional analysis, spectral graph theory, stochastic processes and other branches of physics. The emphasis is on modern physics-inspired mathematical, statistical and Monte Carlo methods for analyzing scientific data. Topics to be covered include review of linear algebra and Hilbert space, spectral graph theory, clustering methods, dimensional reduction techniques, Reproducing Kernel Hilbert Space, kernel embedding, Grassmannian manifolds, matrix and tensor decompositions, stochastic sampling methods, numerical optimization, cross entropy method, Markov Chain Monte Carlo, and Gaussian Process. Prerequisite: Strong background in linear algebra, analysis, statistical mechanics, classical mechanics, and quantum mechanics.","Prerequisite: Strong background in linear algebra, analysis, statistical mechanics, classical mechanics, and quantum mechanics.",,,,,,"[PHYS 535 Physics-inspired Statistical Data Analysis and Machine Learning credit: 4 Hours.](<https://courses.illinois.edu/schedule/terms/PHYS/535>)

Covers the theoretical foundation of machine learning using ideas from functional analysis, spectral graph theory, stochastic processes and other branches of physics. The emphasis is on modern physics-inspired mathematical, statistical and Monte Carlo methods for analyzing scientific data. Topics to be covered include review of linear algebra and Hilbert space, spectral graph theory, clustering methods, dimensional reduction techniques, Reproducing Kernel Hilbert Space, kernel embedding, Grassmannian manifolds, matrix and tensor decompositions, stochastic sampling methods, numerical optimization, cross entropy method, Markov Chain Monte Carlo, and Gaussian Process. Prerequisite: Strong background in linear algebra, analysis, statistical mechanics, classical mechanics, and quantum mechanics.",https://catalog.illinois.edu/courses-of-instruction/phys/,2026–2027
PHYS 540,PHYS,540,Astrophysics,4 Hours,"Fundamental aspect of astrophysics and cosmology and new developments in these fields. Basic physical concepts and principles, the key observational evidence, and illustrative calculations. Relativistic cosmological models, inflation, Big-Bang nucleosynthesis, and the cosmic microwave background; formation and evolution of galaxy clusters, galaxies, and stars; formation, structure, and evolution of white dwarfs, neutron stars, and black holes; rotation- and accretion-powered pulsars, X-ray and y-ray stars, and gravitational radiation. Same as ASTR 540. Prerequisite: PHYS 435; PHYS 485 or PHYS 486.",Prerequisite: PHYS 435; PHYS 485 or PHYS 486.,,,,,,"[PHYS 540 Astrophysics credit: 4 Hours.](<https://courses.illinois.edu/schedule/terms/PHYS/540>)

Fundamental aspect of astrophysics and cosmology and new developments in these fields. Basic physical concepts and principles, the key observational evidence, and illustrative calculations. Relativistic cosmological models, inflation, Big-Bang nucleosynthesis, and the cosmic microwave background; formation and evolution of galaxy clusters, galaxies, and stars; formation, structure, and evolution of white dwarfs, neutron stars, and black holes; rotation- and accretion-powered pulsars, X-ray and y-ray stars, and gravitational radiation. Same as [ASTR 540](<https://catalog.illinois.edu/search/?P=ASTR%20540>). Prerequisite: [PHYS 435](<https://catalog.illinois.edu/search/?P=PHYS%20435>); [PHYS 485](<https://catalog.illinois.edu/search/?P=PHYS%20485>) or [PHYS 486](<https://catalog.illinois.edu/search/?P=PHYS%20486>).",https://catalog.illinois.edu/courses-of-instruction/phys/,2026–2027
PHYS 541,PHYS,541,Physics of Compact Objects,4 Hours,"Rigorous survey of the physical properties of black holes, white dwarfs, and neutron stars. Formation of compact objects. Equilibrium configurations, equations of state, stability criteria, and mass limits: the influence of rotation and magnetic fields. Pulsar phenomena. Black hole spacetimes. Hawking radiation. Mass flow in binary systems; spherical and disk accretion; high-temperature radiation processes; pulsar spin-up. Compact x-ray sources and x-ray bursts. Supermassive black holes in star clusters and dense galactic nuclei. Gravitational and neutrino radiation from supernova collapse and binary coalescence. Same as ASTR 541. Prerequisite: PHYS 436.",Prerequisite: PHYS 436.,,,,,,"[PHYS 541 Physics of Compact Objects credit: 4 Hours.](<https://courses.illinois.edu/schedule/terms/PHYS/541>)

Rigorous survey of the physical properties of black holes, white dwarfs, and neutron stars. Formation of compact objects. Equilibrium configurations, equations of state, stability criteria, and mass limits: the influence of rotation and magnetic fields. Pulsar phenomena. Black hole spacetimes. Hawking radiation. Mass flow in binary systems; spherical and disk accretion; high-temperature radiation processes; pulsar spin-up. Compact x-ray sources and x-ray bursts. Supermassive black holes in star clusters and dense galactic nuclei. Gravitational and neutrino radiation from supernova collapse and binary coalescence. Same as [ASTR 541](<https://catalog.illinois.edu/search/?P=ASTR%20541>). Prerequisite: [PHYS 436](<https://catalog.illinois.edu/search/?P=PHYS%20436>).",https://catalog.illinois.edu/courses-of-instruction/phys/,2026–2027
PHYS 542,PHYS,542,Theoretical Stellar Physics,4 Hours,Same as ASTR 504. See ASTR 504.,,,,,,,"[PHYS 542 Theoretical Stellar Physics credit: 4 Hours.](<https://courses.illinois.edu/schedule/terms/PHYS/542>)

Same as [ASTR 504](<https://catalog.illinois.edu/search/?P=ASTR%20504>). See [ASTR 504](<https://catalog.illinois.edu/search/?P=ASTR%20504>).",https://catalog.illinois.edu/courses-of-instruction/phys/,2026–2027
PHYS 550,PHYS,550,Biomolecular Physics,4 Hours,"Physical concepts governing the structure and function of biological macromolecules; general properties, spatial structure, energy levels, dynamics and functions, and relation to other complex physical systems such as glasses; recent research in biomolecular physics; physical techniques and concepts from theoretical physics emphasized. Same as BIOP 550 and MCB 550. Prerequisite: CHEM 104; PHYS 485 or PHYS 487.",Prerequisite: CHEM 104; PHYS 485 or PHYS 487.,,,,,,"[PHYS 550 Biomolecular Physics credit: 4 Hours.](<https://courses.illinois.edu/schedule/terms/PHYS/550>)

Physical concepts governing the structure and function of biological macromolecules; general properties, spatial structure, energy levels, dynamics and functions, and relation to other complex physical systems such as glasses; recent research in biomolecular physics; physical techniques and concepts from theoretical physics emphasized. Same as [BIOP 550](<https://catalog.illinois.edu/search/?P=BIOP%20550>) and [MCB 550](<https://catalog.illinois.edu/search/?P=MCB%20550>). Prerequisite: [CHEM 104](<https://catalog.illinois.edu/search/?P=CHEM%20104>); [PHYS 485](<https://catalog.illinois.edu/search/?P=PHYS%20485>) or [PHYS 487](<https://catalog.illinois.edu/search/?P=PHYS%20487>).",https://catalog.illinois.edu/courses-of-instruction/phys/,2026–2027
PHYS 552,PHYS,552,Optical Spectroscopy,4 Hours,"Theoretical and experimental fundamentals of optical spectroscopy. Light-matter interaction (absorption of UV, visible, IR), emission spectroscopy (fluorescence, Raman and light scattering), theoretical backgrounds of molecular electronic and vibrational transitions, modern experimental techniques, and data analysis of the optical spectroscopy experiments. Laboratory exercises applying spectroscopy to a broad spectrum of disciplines, including biophysical examples. Prerequisite: PHYS 427 and PHYS 487.",Prerequisite: PHYS 427 and PHYS 487.,,,,,,"[PHYS 552 Optical Spectroscopy credit: 4 Hours.](<https://courses.illinois.edu/schedule/terms/PHYS/552>)

Theoretical and experimental fundamentals of optical spectroscopy. Light-matter interaction (absorption of UV, visible, IR), emission spectroscopy (fluorescence, Raman and light scattering), theoretical backgrounds of molecular electronic and vibrational transitions, modern experimental techniques, and data analysis of the optical spectroscopy experiments. Laboratory exercises applying spectroscopy to a broad spectrum of disciplines, including biophysical examples. Prerequisite: [PHYS 427](<https://catalog.illinois.edu/search/?P=PHYS%20427>) and [PHYS 487](<https://catalog.illinois.edu/search/?P=PHYS%20487>).",https://catalog.illinois.edu/courses-of-instruction/phys/,2026–2027
PHYS 554,PHYS,554,Nonequilibrium Stat Mechanics,4 Hours,"Mathematical description of classical and quantum stochastic systems, thoroughly addressing the tools and the mode of thinking of non-equilibrium statistical mechanics. Equilibrium statistical mechanics (review); Einstein and Smoluchowski diffusion equation; generalized moment expansion of correlation functions; noise-induced limit cycles; time series analysis; diffusion-controlled reactions; classical dynamics under the influence of stochastic forces; observables connected with Brownian transport, echoes, and hysteresis; spin-boson model. Examples from biological physics and theoretical condensed matter physics. Prerequisite: PHYS 504.",Prerequisite: PHYS 504.,,,,,,"[PHYS 554 Nonequilibrium Stat Mechanics credit: 4 Hours.](<https://courses.illinois.edu/schedule/terms/PHYS/554>)

Mathematical description of classical and quantum stochastic systems, thoroughly addressing the tools and the mode of thinking of non-equilibrium statistical mechanics. Equilibrium statistical mechanics (review); Einstein and Smoluchowski diffusion equation; generalized moment expansion of correlation functions; noise-induced limit cycles; time series analysis; diffusion-controlled reactions; classical dynamics under the influence of stochastic forces; observables connected with Brownian transport, echoes, and hysteresis; spin-boson model. Examples from biological physics and theoretical condensed matter physics. Prerequisite: [PHYS 504](<https://catalog.illinois.edu/search/?P=PHYS%20504>).",https://catalog.illinois.edu/courses-of-instruction/phys/,2026–2027
PHYS 560,PHYS,560,Condensed Matter Physics I,4 Hours,"Crystalline perfection, free-electron gas, screening, plasma oscillations, and dielectric response; Bloch electrons, Brillouin zones, and band structure; semiconductors, intrinsic and extrinsic, with applications; phonons, elasticity, and anharmonicity; ferromagnetism and second-order phase transitions; superconductivity. Prerequisite: PHYS 427 and PHYS 580.",Prerequisite: PHYS 427 and PHYS 580.,,,,,,"[PHYS 560 Condensed Matter Physics I credit: 4 Hours.](<https://courses.illinois.edu/schedule/terms/PHYS/560>)

Crystalline perfection, free-electron gas, screening, plasma oscillations, and dielectric response; Bloch electrons, Brillouin zones, and band structure; semiconductors, intrinsic and extrinsic, with applications; phonons, elasticity, and anharmonicity; ferromagnetism and second-order phase transitions; superconductivity. Prerequisite: [PHYS 427](<https://catalog.illinois.edu/search/?P=PHYS%20427>) and [PHYS 580](<https://catalog.illinois.edu/search/?P=PHYS%20580>).",https://catalog.illinois.edu/courses-of-instruction/phys/,2026–2027
PHYS 561,PHYS,561,Condensed Matter Physics II,4 Hours,Hartree-Fock theory and electron-electron interactions; electron-phonon interactions; electron dynamics and transport; BCS theory of superconductivity; elastic properties; thermal properties due to anharmonicity; defects in solids. Prerequisite: PHYS 560 and PHYS 581.,Prerequisite: PHYS 560 and PHYS 581.,,,,,,"[PHYS 561 Condensed Matter Physics II credit: 4 Hours.](<https://courses.illinois.edu/schedule/terms/PHYS/561>)

Hartree-Fock theory and electron-electron interactions; electron-phonon interactions; electron dynamics and transport; BCS theory of superconductivity; elastic properties; thermal properties due to anharmonicity; defects in solids. Prerequisite: [PHYS 560](<https://catalog.illinois.edu/search/?P=PHYS%20560>) and [PHYS 581](<https://catalog.illinois.edu/search/?P=PHYS%20581>).",https://catalog.illinois.edu/courses-of-instruction/phys/,2026–2027
PHYS 563,PHYS,563,Phase Transitions,4 Hours,"Phenomenology of phase transitions, scaling, critical behavior, and multi-criticality; Landau theory of phase transitions; renormalization group methods, including lattice models and epsilon-expansion; numerical methods; critical dynamics; selected additional topics. Prerequisite: PHYS 504.",Prerequisite: PHYS 504.,,,,,,"[PHYS 563 Phase Transitions credit: 4 Hours.](<https://courses.illinois.edu/schedule/terms/PHYS/563>)

Phenomenology of phase transitions, scaling, critical behavior, and multi-criticality; Landau theory of phase transitions; renormalization group methods, including lattice models and epsilon-expansion; numerical methods; critical dynamics; selected additional topics. Prerequisite: [PHYS 504](<https://catalog.illinois.edu/search/?P=PHYS%20504>).",https://catalog.illinois.edu/courses-of-instruction/phys/,2026–2027
PHYS 565,PHYS,565,Theory of Semicond & Devices,4 Hours,Same as ECE 535. See ECE 535.,,,,,,,"[PHYS 565 Theory of Semicond & Devices credit: 4 Hours.](<https://courses.illinois.edu/schedule/terms/PHYS/565>)

Same as [ECE 535](<https://catalog.illinois.edu/search/?P=ECE%20535>). See [ECE 535](<https://catalog.illinois.edu/search/?P=ECE%20535>).",https://catalog.illinois.edu/courses-of-instruction/phys/,2026–2027
PHYS 567,PHYS,567,Geometry and Topology in Modern Electronic Structure Theory,3 Hours,"Introduction to the role of crystal symmetries and Berry phases in modern condensed matter physics. Topics include group theory and representation theory, space groups and their representations, electric polarization, Wannier functions, topological insulators, the quantum Hall effect, and the theory of band representations. Prerequisite: PHYS 560 or consent of instructor. Restricted to Graduate students.",Prerequisite: PHYS 560 or consent of instructor.,,,,,,"[PHYS 567 Geometry and Topology in Modern Electronic Structure Theory credit: 3 Hours.](<https://courses.illinois.edu/schedule/terms/PHYS/567>)

Introduction to the role of crystal symmetries and Berry phases in modern condensed matter physics. Topics include group theory and representation theory, space groups and their representations, electric polarization, Wannier functions, topological insulators, the quantum Hall effect, and the theory of band representations. Prerequisite: [PHYS 560](<https://catalog.illinois.edu/search/?P=PHYS%20560>) or consent of instructor. Restricted to Graduate students.",https://catalog.illinois.edu/courses-of-instruction/phys/,2026–2027
PHYS 569,PHYS,569,Emergent States of Matter,4 Hours,"Consequences of broken symmetry in condensed matter, the emergence of novel ground states, and the nature of the excitations that arise. Examination of specific systems such as superconductivity, superfluidity, Bose-Einstein condensates, the quantum Hall states, liquid crystals, biological systems and patterns in Rayleigh-Benard convection. Prerequisite: PHYS 504 and PHYS 580.",Prerequisite: PHYS 504 and PHYS 580.,,,,,,"[PHYS 569 Emergent States of Matter credit: 4 Hours.](<https://courses.illinois.edu/schedule/terms/PHYS/569>)

Consequences of broken symmetry in condensed matter, the emergence of novel ground states, and the nature of the excitations that arise. Examination of specific systems such as superconductivity, superfluidity, Bose-Einstein condensates, the quantum Hall states, liquid crystals, biological systems and patterns in Rayleigh-Benard convection. Prerequisite: [PHYS 504](<https://catalog.illinois.edu/search/?P=PHYS%20504>) and [PHYS 580](<https://catalog.illinois.edu/search/?P=PHYS%20580>).",https://catalog.illinois.edu/courses-of-instruction/phys/,2026–2027
PHYS 570,PHYS,570,Subatomic Physics,4 Hours,"Nuclear systematics, nucleon-nucleon interaction, shell model, and single-particle and collective excitations; hadron spectroscopy, hadronic quantum numbers, quark-parton model, and hadron dynamics; weak interactions. Prerequisite: PHYS 580; concurrent registration in PHYS 581.",Prerequisite: PHYS 580; concurrent registration in PHYS 581.,,,,,,"[PHYS 570 Subatomic Physics credit: 4 Hours.](<https://courses.illinois.edu/schedule/terms/PHYS/570>)

Nuclear systematics, nucleon-nucleon interaction, shell model, and single-particle and collective excitations; hadron spectroscopy, hadronic quantum numbers, quark-parton model, and hadron dynamics; weak interactions. Prerequisite: [PHYS 580](<https://catalog.illinois.edu/search/?P=PHYS%20580>); concurrent registration in [PHYS 581](<https://catalog.illinois.edu/search/?P=PHYS%20581>).",https://catalog.illinois.edu/courses-of-instruction/phys/,2026–2027
PHYS 575,PHYS,575,Particle Physics I,4 Hours,"Basic calculations in elementary particle theory. Quantum electrodynamics, quantum chromodynamics, and the Glashow-Weinberg-Salam theory of weak and electromagnetic interactions as applied to the phenomenology of particle decays and high energy reactions. Prerequisite: Recommended: credit or concurrent registration in PHYS 582.",Prerequisite: Recommended: credit or concurrent registration in PHYS 582.,,,,,,"[PHYS 575 Particle Physics I credit: 4 Hours.](<https://courses.illinois.edu/schedule/terms/PHYS/575>)

Basic calculations in elementary particle theory. Quantum electrodynamics, quantum chromodynamics, and the Glashow-Weinberg-Salam theory of weak and electromagnetic interactions as applied to the phenomenology of particle decays and high energy reactions. Prerequisite: Recommended: credit or concurrent registration in [PHYS 582](<https://catalog.illinois.edu/search/?P=PHYS%20582>).",https://catalog.illinois.edu/courses-of-instruction/phys/,2026–2027
PHYS 576,PHYS,576,Particle Physics II,4 Hours,Continuation of PHYS 575. Current topics in particle theory. Typically three or four different subjects in depth which may change with each offering. Prerequisite: PHYS 575.,Prerequisite: PHYS 575.,,,,,,"[PHYS 576 Particle Physics II credit: 4 Hours.](<https://courses.illinois.edu/schedule/terms/PHYS/576>)

Continuation of [PHYS 575](<https://catalog.illinois.edu/search/?P=PHYS%20575>). Current topics in particle theory. Typically three or four different subjects in depth which may change with each offering. Prerequisite: [PHYS 575](<https://catalog.illinois.edu/search/?P=PHYS%20575>).",https://catalog.illinois.edu/courses-of-instruction/phys/,2026–2027
PHYS 580,PHYS,580,Quantum Mechanics I,4 Hours,"Second course in quantum mechanics. Operators, state vectors, and the formal structure of quantum theory; operator treatments of simple systems; angular momentum and vector addition coefficients; stationary state perturbation theory; introduction to scattering theory for particles without spin, partial wave analysis, and Born approximation; examples taken from atomic, nuclear, and elementary particle physics. Prerequisite: PHYS 485 or PHYS 487.",Prerequisite: PHYS 485 or PHYS 487.,,,,,,"[PHYS 580 Quantum Mechanics I credit: 4 Hours.](<https://courses.illinois.edu/schedule/terms/PHYS/580>)

Second course in quantum mechanics. Operators, state vectors, and the formal structure of quantum theory; operator treatments of simple systems; angular momentum and vector addition coefficients; stationary state perturbation theory; introduction to scattering theory for particles without spin, partial wave analysis, and Born approximation; examples taken from atomic, nuclear, and elementary particle physics. Prerequisite: [PHYS 485](<https://catalog.illinois.edu/search/?P=PHYS%20485>) or [PHYS 487](<https://catalog.illinois.edu/search/?P=PHYS%20487>).",https://catalog.illinois.edu/courses-of-instruction/phys/,2026–2027
PHYS 581,PHYS,581,Quantum Mechanics II,4 Hours,"Spin and identical particles, simple many-particle systems and elements of second-quantization theory; time-dependent processes, radiative transitions, and quantization of the electromagnetic field; scattering of particles with spin; polarization; introduction to the Klein-Gordon and Dirac equations and properties of simple relativistic systems. Prerequisite: PHYS 580.",Prerequisite: PHYS 580.,,,,,,"[PHYS 581 Quantum Mechanics II credit: 4 Hours.](<https://courses.illinois.edu/schedule/terms/PHYS/581>)

Spin and identical particles, simple many-particle systems and elements of second-quantization theory; time-dependent processes, radiative transitions, and quantization of the electromagnetic field; scattering of particles with spin; polarization; introduction to the Klein-Gordon and Dirac equations and properties of simple relativistic systems. Prerequisite: [PHYS 580](<https://catalog.illinois.edu/search/?P=PHYS%20580>).",https://catalog.illinois.edu/courses-of-instruction/phys/,2026–2027
PHYS 582,PHYS,582,General Field Theory,4 Hours,"Standard techniques of field theory as used by experimenters and theorists; relativistic quantum mechanics of a single particle; Lagrangian field theories, perturbation theory, and calculation of lowest-order processes; introduction to Feynman diagrams and higher order processes; examples taken from quantum electrodynamics, solid-state and elementary particle physics, and many-body theory. Prerequisite: PHYS 581.",Prerequisite: PHYS 581.,,,,,,"[PHYS 582 General Field Theory credit: 4 Hours.](<https://courses.illinois.edu/schedule/terms/PHYS/582>)

Standard techniques of field theory as used by experimenters and theorists; relativistic quantum mechanics of a single particle; Lagrangian field theories, perturbation theory, and calculation of lowest-order processes; introduction to Feynman diagrams and higher order processes; examples taken from quantum electrodynamics, solid-state and elementary particle physics, and many-body theory. Prerequisite: [PHYS 581](<https://catalog.illinois.edu/search/?P=PHYS%20581>).",https://catalog.illinois.edu/courses-of-instruction/phys/,2026–2027
PHYS 583,PHYS,583,Advanced Field Theory,4 Hours,Quantization and Feynman path integral; gauge theories and renormalization; renormalization group with applications to particle physics and critical phenomena; approximation methods and recent developments. Prerequisite: PHYS 582.,Prerequisite: PHYS 582.,,,,,,"[PHYS 583 Advanced Field Theory credit: 4 Hours.](<https://courses.illinois.edu/schedule/terms/PHYS/583>)

Quantization and Feynman path integral; gauge theories and renormalization; renormalization group with applications to particle physics and critical phenomena; approximation methods and recent developments. Prerequisite: [PHYS 582](<https://catalog.illinois.edu/search/?P=PHYS%20582>).",https://catalog.illinois.edu/courses-of-instruction/phys/,2026–2027
PHYS 590,PHYS,590,Secondary Physics Curriculum Design for In-Service Teachers I,3 Hours,"First course of three physics curriculum design courses for in-service high school physics educators. Introduction to pedagogies and materials used in the introductory Physics courses at U of I, and their development. Adaptation and integration of these pedagogies and materials into the unique needs of the high school classroom. Reading and reflection on education research literature. Topics include: equitable grading; purposeful design and development of learning cycles to develop students’ deeper learning of physics concepts. Prerequisite: Must be an in-service high school teacher who typically carries 1 or more physics preps on their course schedule.",Prerequisite: Must be an in-service high school teacher who typically carries 1 or more physics preps on their course schedule.,,,,,,"[PHYS 590 Secondary Physics Curriculum Design for In-Service Teachers I credit: 3 Hours.](<https://courses.illinois.edu/schedule/terms/PHYS/590>)

First course of three physics curriculum design courses for in-service high school physics educators. Introduction to pedagogies and materials used in the introductory Physics courses at U of I, and their development. Adaptation and integration of these pedagogies and materials into the unique needs of the high school classroom. Reading and reflection on education research literature. Topics include: equitable grading; purposeful design and development of learning cycles to develop students’ deeper learning of physics concepts. Prerequisite: Must be an in-service high school teacher who typically carries 1 or more physics preps on their course schedule.",https://catalog.illinois.edu/courses-of-instruction/phys/,2026–2027
PHYS 591,PHYS,591,Secondary Physics Curriculum Design for In-Service Teachers II,3 Hours,Continuation of PHYS 590 with instructional focus on spring semester content. Continued curricular material development through selectively adapting and integrating pedagogies and instructional materials used in the introductory Physics courses at U of I into their unique high school classroom contexts. Prerequisite: PHYS 590 or permission from instructor. Must be an in-service high school teacher who typically carries 1 or more physics preps on their course schedule.,Prerequisite: PHYS 590 or permission from instructor.,,,,,,"[PHYS 591 Secondary Physics Curriculum Design for In-Service Teachers II credit: 3 Hours.](<https://courses.illinois.edu/schedule/terms/PHYS/591>)

Continuation of [PHYS 590](<https://catalog.illinois.edu/search/?P=PHYS%20590>) with instructional focus on spring semester content. Continued curricular material development through selectively adapting and integrating pedagogies and instructional materials used in the introductory Physics courses at U of I into their unique high school classroom contexts. Prerequisite: [PHYS 590](<https://catalog.illinois.edu/search/?P=PHYS%20590>) or permission from instructor. Must be an in-service high school teacher who typically carries 1 or more physics preps on their course schedule.",https://catalog.illinois.edu/courses-of-instruction/phys/,2026–2027
PHYS 592,PHYS,592,Secondary Physics Curriculum Design for In-Service Teachers III,3 Hours,"Continuation of PHYS 591 with instructional focus on fall semester content. Continued curricular material development through selectively adapting and integrating pedagogies and instructional materials used in the introductory Physics courses at U of I into their unique high school classroom contexts. Includes professional development related capstone project. This course has a two-week synchronous participation requirement, with the option to participate remotely or in-person. Prerequisite: PHYS 591 or instructor permission. Must be an in-service high school teacher who typically carries 1 or more physics preps on their course schedule.",Prerequisite: PHYS 591 or instructor permission.,,,,,,"[PHYS 592 Secondary Physics Curriculum Design for In-Service Teachers III credit: 3 Hours.](<https://courses.illinois.edu/schedule/terms/PHYS/592>)

Continuation of [PHYS 591](<https://catalog.illinois.edu/search/?P=PHYS%20591>) with instructional focus on fall semester content. Continued curricular material development through selectively adapting and integrating pedagogies and instructional materials used in the introductory Physics courses at U of I into their unique high school classroom contexts. Includes professional development related capstone project. This course has a two-week synchronous participation requirement, with the option to participate remotely or in-person. Prerequisite: [PHYS 591](<https://catalog.illinois.edu/search/?P=PHYS%20591>) or instructor permission. Must be an in-service high school teacher who typically carries 1 or more physics preps on their course schedule.",https://catalog.illinois.edu/courses-of-instruction/phys/,2026–2027
PHYS 593,PHYS,593,Introduction to Quantum Information Science for Curriculum Design,3 Hours,"The first in a series of two physics curriculum design courses on quantum information science for in-service high school physics educators. Teachers will be introduced to quantum information science and technology concepts such as entanglement and quantum bits. They will co-develop lesson ideas that integrate quantum concepts into standard curricula, with one class per week dedicated to collaborative activities. Evaluation will be based on lesson-associated handouts, worksheets, self-reflections, and lesson plan documentation. Prerequisite: For students in the Masters of Science in Teaching of Physics program, or consent of the instructor.","Prerequisite: For students in the Masters of Science in Teaching of Physics program, or consent of the instructor.",,,,,,"[PHYS 593 Introduction to Quantum Information Science for Curriculum Design credit: 3 Hours.](<https://courses.illinois.edu/schedule/terms/PHYS/593>)

The first in a series of two physics curriculum design courses on quantum information science for in-service high school physics educators. Teachers will be introduced to quantum information science and technology concepts such as entanglement and quantum bits. They will co-develop lesson ideas that integrate quantum concepts into standard curricula, with one class per week dedicated to collaborative activities. Evaluation will be based on lesson-associated handouts, worksheets, self-reflections, and lesson plan documentation. Prerequisite: For students in the Masters of Science in Teaching of Physics program, or consent of the instructor.",https://catalog.illinois.edu/courses-of-instruction/phys/,2026–2027
PHYS 594,PHYS,594,Quantum Information Science Curricular Development and Delivery,3 Hours,"The second in a series of two physics curriculum design courses on quantum information science for in-service high school physics educators. Teachers will co-design and develop a reformed curriculum that incorporates quantum standards. As a final project they will implement one lesson in the last few weeks of the course, which will be recorded and presented for reflection, feedback, and discussion. Evaluation will be based on handouts, worksheets, self-reflections, and lesson plan documentation. Prerequisite: PHYS 593 or the equivalent of PHYS 486. For students in the Masters of Science in Teaching of Physics program, or consent of the instructor.",Prerequisite: PHYS 593 or the equivalent of PHYS 486.,,,,,,"[PHYS 594 Quantum Information Science Curricular Development and Delivery credit: 3 Hours.](<https://courses.illinois.edu/schedule/terms/PHYS/594>)

The second in a series of two physics curriculum design courses on quantum information science for in-service high school physics educators. Teachers will co-design and develop a reformed curriculum that incorporates quantum standards. As a final project they will implement one lesson in the last few weeks of the course, which will be recorded and presented for reflection, feedback, and discussion. Evaluation will be based on handouts, worksheets, self-reflections, and lesson plan documentation. Prerequisite: [PHYS 593](<https://catalog.illinois.edu/search/?P=PHYS%20593>) or the equivalent of [PHYS 486](<https://catalog.illinois.edu/search/?P=PHYS%20486>). For students in the Masters of Science in Teaching of Physics program, or consent of the instructor.",https://catalog.illinois.edu/courses-of-instruction/phys/,2026–2027
PHYS 595,PHYS,595,Communicating Scientific Research,4 Hours,"Helps graduate students in science and engineering improve their scientific writing and presentation skills through instruction and detailed feedback on a variety of technical writing and presentation styles common in science and engineering practice. These assignments include a journal-style research paper, an NSF-style proposal, an editor cover letter, a referee report, and journal club and research presentations. In class weekly ""Writing Workshop"" assignments also offer students experience reading and revising technical material and correcting common rhetorical errors.",,,,,,,"[PHYS 595 Communicating Scientific Research credit: 4 Hours.](<https://courses.illinois.edu/schedule/terms/PHYS/595>)

Helps graduate students in science and engineering improve their scientific writing and presentation skills through instruction and detailed feedback on a variety of technical writing and presentation styles common in science and engineering practice. These assignments include a journal-style research paper, an NSF-style proposal, an editor cover letter, a referee report, and journal club and research presentations. In class weekly ""Writing Workshop"" assignments also offer students experience reading and revising technical material and correcting common rhetorical errors.",https://catalog.illinois.edu/courses-of-instruction/phys/,2026–2027
PHYS 596,PHYS,596,Graduate Physics Orientation,1 Hour,Introduction to research in the Department of Physics. Advice on choosing a field of research and finding a research advisor. Faculty-presented overviews of the major areas of research available in the Physics Department. General discussions on instructional topics as well as ethics in teaching and sciences.,,,,,,,"[PHYS 596 Graduate Physics Orientation credit: 1 Hour.](<https://courses.illinois.edu/schedule/terms/PHYS/596>)

Introduction to research in the Department of Physics. Advice on choosing a field of research and finding a research advisor. Faculty-presented overviews of the major areas of research available in the Physics Department. General discussions on instructional topics as well as ethics in teaching and sciences.",https://catalog.illinois.edu/courses-of-instruction/phys/,2026–2027
PHYS 597,PHYS,597,Individual Study,1 to 16 Hours,Individual study in a subject not covered in course offerings may be arranged for credit by registration under this number. May be repeated. 2 to 16 hours for full term; 1 to 8 hours for half-term. Prerequisite: Consent of instructor.,Prerequisite: Consent of instructor.,,,,,,"[PHYS 597 Individual Study credit: 1 to 16 Hours.](<https://courses.illinois.edu/schedule/terms/PHYS/597>)

Individual study in a subject not covered in course offerings may be arranged for credit by registration under this number. May be repeated. 2 to 16 hours for full term; 1 to 8 hours for half-term. Prerequisite: Consent of instructor.",https://catalog.illinois.edu/courses-of-instruction/phys/,2026–2027
PHYS 598,PHYS,598,Special Topics in Physics,1 to 4 Hours,Subject offerings of new and developing areas of knowledge in physics intended to augment the existing curriculum. See Class Schedule or departmental course information for topics and prerequisites. May be repeated in the same or separate terms if topics vary.,,,,,,,"[PHYS 598 Special Topics in Physics credit: 1 to 4 Hours.](<https://courses.illinois.edu/schedule/terms/PHYS/598>)

Subject offerings of new and developing areas of knowledge in physics intended to augment the existing curriculum. See Class Schedule or departmental course information for topics and prerequisites. May be repeated in the same or separate terms if topics vary.",https://catalog.illinois.edu/courses-of-instruction/phys/,2026–2027
PHYS 599,PHYS,599,Thesis Research,0 to 16 Hours,Approved for S/U grading only. May be repeated in the same term or in separate terms.,,,,,,,"[PHYS 599 Thesis Research credit: 0 to 16 Hours.](<https://courses.illinois.edu/schedule/terms/PHYS/599>)

Approved for S/U grading only. May be repeated in the same term or in separate terms.",https://catalog.illinois.edu/courses-of-instruction/phys/,2026–2027
